CODIGO_ACCIDENTE;FORMULARIO;FECHA;GRAVEDAD;CLASE;CHOQUE;LONGITUD;LATITUD;CODIGO_LOCALIDAD;TOTAL_MUERTOS;TOTAL_HERIDOS;TEXTO_OBSERVACIONES;CODIGO_CAUSA;DESCRIPCION
154;2154;2/11/2024 13:26;HERIDOS;CHOQUE;VEHICULO;-74,10266036;4,581312182;15;;6;SE NOTIFICA ORDEN DE COMPARENDO AL CONDUCTOR N 1 POR LA INFRACCION D04 N 42343193;142;SEMAFORO EN ROJO
155;2155;2/11/2024 13:00;HERIDOS;CHOQUE;VEHICULO;-74,09615516;4,50940559;5;;2;VEHICULO N2 PATINETA;104;ADELANTAR INVADIENDO CARRIL DE SENTIDO CONTRARIO
156;2156;2/11/2024 12:21;HERIDOS;CHOQUE;OBJETO;-74,11442116;4,615471604;16;;1;SE DEJA LA OBSERVACION QUE EL VEHICULO 3 ES COMO CLASE DE VEHICULO PATINES;157;OTRA HIPÓTESIS (CONDUCTOR)
157;2157;2/11/2024 9:00;HERIDOS;CHOQUE;VEHICULO;-74,10756124;4,581930316;18;;1;PARA VEHICULO N 2 EOM48G EL CONDUCTOR DEL VEHICULO 2 MANIFIESTA DE MANERA LIBRE Y EXPONTANEA NO DESEA QUERELLAR YA QUE LLEGAN A UN ACUERDO CON EL CONDUCTOR DEL VEHICULO N 1 CIRCULAR 001 DE 25 05 2017 Y RESOLUCION 01670 O 03922 DE 2016;112;DESOBEDECER SEÑALES O NORMAS DE TRANSITO
158;2158;2/11/2024 8:20;DANOS;CHOQUE;VEHICULO;-74,09391485;4,723582921;11;;;COMPARENDO N 42345847 INFRACCION F NOTA CONDUCTOR DEL VEHICULO ESCOLAR NO PRESENTA LICENCIA DE CONDUCCION VEHICULO 1 EN EL SITIO DEL ACCIDENTE SE PRACTICA PRUEBA DE ALCOHOLEMIA N ARHA0261 MARCA DRAGUER PRUEVAS N 0232 0233 POSITIVO GRADO 2;115;EMBRIAGUEZ O SUSTANCIAS ALUCINOGENAS
159;2159;2/11/2024 7:32;DANOS;CHOQUE;VEHICULO;-74,14326424;4,565178431;19;;;SE TRASLADAN A LOS CONDUCTORES PARA LA ESTACION DE TRANSITO Y TRANSPORTE BOGOTA SE LES REALIZA PRUEBA DE TAMIZAJE LA CUAL ARROJA CONDUCTOR VH 1 0 100 MG CONDUCTOR VH 2 POSITIVO SE LE EXPLICA QUE SE LE VA A REALIZAR LA PRUYEBA DE ALCOHELEMIA ;115;EMBRIAGUEZ O SUSTANCIAS ALUCINOGENAS
160;2160;2/11/2024 5:31;HERIDOS;VOLVAMIENTO;;-74,10869984;4,628613162;16;;1;SE DEJA QUE LA MOTO ES MATRICULADA DIR TYTOYTTE DPTAL CAQUETA BELEN DE LOS ANDAQUIES ;157;OTRA HIPÓTESIS (CONDUCTOR)
161;2161;2/11/2024 4:50;MUERTOS;CHOQUE;VEHICULO;-74,17536882;4,596994764;7;1;1;SE SOLICITA CAMARA DEL CAD 4559 DONDE SE OBSERVA LA BICICLETA DESOBEDECE SEÑAL DE TRANSITO DEL SEMAFORO EN LUZ ROJA NO SE UBICA FAMILIAR DEL VH2 PARA APORTES DE DIRECCION Y TELEFONO NO APORTA ;142;SEMAFORO EN ROJO
162;2162;2/11/2024 4:00;HERIDOS;CHOQUE;VEHICULO;-74,09742383;4,699962898;10;;2;CORRIJO FECHA DE NACIMIENTO CONDUCTOR VH1 SIENDO 03071993;142;SEMAFORO EN ROJO
163;2163;2/11/2024 3:35;MUERTOS;VOLVAMIENTO;;-74,08319203;4,6252085;13;1;1;NO TIENE SOAT VIGENTE NOTA SE OBSERVA UNA HUELLA DE ARRASTRE METALICO DE 41 MTS;112;DESOBEDECER SEÑALES O NORMAS DE TRANSITO
164;2164;2/11/2024 3:17;HERIDOS;CHOQUE;VEHICULO;-74,15691718;4,64875048;8;;1;CORRIJO DIRECCION DEL VEHICULO CONDUCTOR 2 CL 26 N 93 68 KENNEDY;112;DESOBEDECER SEÑALES O NORMAS DE TRANSITO
165;2165;11/02/2024;HERIDOS;CHOQUE;OBJETO;-74,18748704;4,616089221;7;;2;PROPIETARIA DE LA VIVIENDA LA SEÑORA YOLANDA OCHOA PEREZ DE CEDULA 35486449 NOMENCLATURA DE LA VIVIENDA L 62 SUR N 82G 02 EL CUAL PRESENTA UN DAÑO EN LA FACHADA E INFRAESTRUCTURA DEBIDO AL ACCIDENTE ;110;EXCESO EN HORAS DE CONDUCCION
166;2166;2/10/2024 23:27;HERIDOS;CHOQUE;OBJETO;-74,08884076;4,659906672;12;;2;NO SE INMOVILIZA LA MOTOCICLETA YA QUE LOS LESIONADOS NO QUERELLAN IGUAL SE LES EXPLICA EL PROCEDIMIENTO;157;OTRA HIPÓTESIS (CONDUCTOR)
167;2167;2/10/2024 22:50;HERIDOS;CAIDA;;-74,19125823;4,60887071;7;;1;SE DEJA CONSTANCIA QUE NO SE DIAGRAMA VH1 YA QUE FUE MOVIDO DE POSICION FINAL VIA CON HUECOS EN VARIOS TRAMOS DE LA MISMA DE LA COPA ASFALTICA AL TOMAR EL BUS EL HUECO LA PERSONA SALTA Y CAE DE SU ALTURA ;306;HUECOS
168;2168;2/10/2024 22:00;HERIDOS;CHOQUE;VEHICULO;-74,09744126;4,668707262;10;;2;PERSONAS LESIONADAS EN EL SINIESTRO MANIFIESTAN NO INTERPONER QUERELLA POR LAS LESIONES QUE PRESENTAN RESOLUCIONES 01670 Y 03922 DE 2016 CIRCULAR N 001 DEL 2017 FISCALIA;121;NO MANTENER DISTANCIA DE SEGURIDAD
169;2169;2/10/2024 22:00;HERIDOS;CHOQUE;VEHICULO;-74,19711362;4,640476191;7;;1;CONDUCTOR LESIONADO NO INTERPONER QUERELLA SE BAJA DE LA AMBULANCIA;0;NO REPORTO
170;2170;2/10/2024 21:00;MUERTOS;CHOQUE;VEHICULO;-74,07629339;4,666450985;12;1;2;SE REALIZA ORDEN DE COMPARENDO N 42345563 INFRACCION D04 CONDUCTOR VEHICULO N 1 PENDIENTE RESULTADOS EXAMEN EMBRIAGUEZ EN CENTRO HOSPITALARIO;112;DESOBEDECER SEÑALES O NORMAS DE TRANSITO
171;2171;2/10/2024 20:15;DANOS;CHOQUE;VEHICULO;-74,13790422;4,661792578;9;;;ACLARO PLACA VEHICULO N 3 FZN010 ACCIDENTE DE TRANSITO EN LA CLL 17 CR 88 ES TRASLADADO A LA SECCIONAL DE TRANSITO CR 36 N 11 62 PARA REALIZAR LA PRUEBA DE EMBRIAGUEZ COMPARENDO  N 42345784 F ;121;NO MANTENER DISTANCIA DE SEGURIDAD
172;2172;2/10/2024 19:25;HERIDOS;ATROPELLO;;-74,10068942;4,586867169;15;;1;LA LICENCIA DE CONDUCCION SE CORRIGE N 79760595 CATEGORIA C2 SE CORRIGE CASILLA 5 MODALIDAD ATROPELLO HIPOTESIS 411 PEATON QUE NO HACE USO DE LOS PASOS PEATONALES Y CRUZA LA VIA POR DETRAS DE UN VEHICULOS ART 59 CNT;157;OTRA HIPÓTESIS (CONDUCTOR)
173;2173;2/10/2024 18:54;HERIDOS;CHOQUE;VEHICULO;-74,14756114;4,506388219;19;;3;SE DEJA CONSTANCIA QUE SE CONOCE POR RECONOCIMIENTO EN LA CLINICA SANTA JULIANA SE DESCONOCE EL PARADERO DE LOS VEHICULOS INVOLUCRADOS NO SE DIAGRAMAN LOS VEHICULOS YA QUE FUERON MOVIDOS DE SU POSICION FINAL;104;ADELANTAR INVADIENDO CARRIL DE SENTIDO CONTRARIO
174;2174;2/10/2024 17:23;HERIDOS;ATROPELLO;;-74,06755768;4,645076758;13;;1;SE DEJA CONSTANCIA DE QUE EL VEHICULO SE DA A LA FUGA Y LA PEATON MANIFIESTA SER LA PLACA DEL VEHICULO ;127;TRANSITAR EN CONTRAVIA
175;2175;2/10/2024 16:16;DANOS;CHOQUE;VEHICULO;-74,16490334;4,621496005;8;;;NO SE DIAGRAMA VEHICULOS YA QUE FUERON MOVIDOS DE SU POSICION FINAL EL INCIDENTE CREADO POR LA SALA DE REDACCION LYGAR EN LA CARRERA 80 CON CALLE 42 F SUR AL VERIFICAR EL NUMETO TELEFONICO DONDE CREARON EL INCIDENTE CONTESTA EL SR CARLOS SICUARIZA INVOLUCRADO EN EL ACCIDENTE QUIEN MANIFIESTA ENCONTR;121;NO MANTENER DISTANCIA DE SEGURIDAD
176;2176;2/10/2024 15:50;HERIDOS;CHOQUE;VEHICULO;-74,11149518;4,666632526;9;;2;SE CORRIGE PROPIETARIO VH2 SIENDO EL MISMO NO;122;GIRAR BRUSCAMENTE
177;2177;2/10/2024 15:30;HERIDOS;CHOQUE;VEHICULO;-74,07073146;4,653329728;12;;3;CASO ENTREGADO A LA MOVIL 2 12 PT DIANA TULCAN;112;DESOBEDECER SEÑALES O NORMAS DE TRANSITO
178;2178;2/10/2024 14:50;DANOS;CHOQUE;VEHICULO;-74,16060326;4,620321372;8;;;ACOMPAÑANTE EL SEÑOR P1 VERGAS ELKIN QUIEN SE ENCUENTRA SIN LESIONES CC 1026581151 DE 29 AÑOS DEL CAI BRITALIA CUADRANTE 4;127;TRANSITAR EN CONTRAVIA
179;2179;2/10/2024 13:40;HERIDOS;CHOQUE;VEHICULO;-74,12025186;4,533731172;5;;3;HIPOTESIS 142 PARA EL V2 HIPOTESIS 132 V1 TENIENDO EN CUENTA LA CIRCULAR 001 DEL 25052017 SE LES SOLICITA QUERELLA A LOS LESIONADOS LOS CUALES MANIFIESTAN NO QUERER QUERELLAR YA QUE MANIFIESTAN HABER LLEGADO A UN ACUERDO ENTRE LAS PARTES IGUALMENTE SE LES INFORMA QUE APARTIR DEL MOMENTO TIENEN 6 MES;142;SEMAFORO EN ROJO
180;2180;2/10/2024 13:35;HERIDOS;CHOQUE;VEHICULO;-74,1178519;4,704911558;10;;1;SE CORRIGE CASILLA 82 SEGURO CIVIL CONTRACTUAL N 1000489762208 FECHA VENCIMIENTO 17032024 SE CORRIGE MEDIDA 2 3 EJE DELANTERO DEL VH2 Y EJE TRASERO DEL VH2;98;TRANSITAR ENTRE VEHICULOS
181;2181;2/10/2024 12:53;HERIDOS;ATROPELLO;;-74,10906514;4,589164848;15;;2;SE DEJA CONSTANCIA QUE LA FECHA DE NACIMIENTO DE LA VICTIMA 15 12 1936;157;OTRA HIPÓTESIS (CONDUCTOR)
182;2182;2/10/2024 10:49;DANOS;CHOQUE;VEHICULO;-74,10141483;4,558793389;18;;;CORRIJO CASILLA GRAVEDAD SOLO DAÑOS CORRECION CASILLA 17 CROQUIS TABLA DE MEDIDAS 1 4 B  VERTICE POSTERIOR IZQUIERDO V1 EL VEHICULO N 2 NO SE DIAGRAMA YA QUE FUE MOVIDO DE SU POSICION FINAL ;157;OTRA HIPÓTESIS (CONDUCTOR)
183;2183;2/10/2024 10:30;HERIDOS;CHOQUE;VEHICULO;-74,02237892;4,744784686;1;;3;CORRIJO CASILLA N 8 2 VEHICULO 3 LICENCIA DE TRANSITO N 10026674363;121;NO MANTENER DISTANCIA DE SEGURIDAD
184;2184;2/10/2024 7:40;HERIDOS;CHOQUE;VEHICULO;-74,09965677;4,581454408;15;;2;COMPARENDO 42341539 INFRACCION D03 CONDUCTOR VEHICULO 1;127;TRANSITAR EN CONTRAVIA
185;2185;2/10/2024 7:30;MUERTOS;CHOQUE;VEHICULO;-74,12666094;4,567014433;5;1;;POR ERROR INVOLUNTARIO SE CORRIGE LA CASILLA NUMERO 5 ATROPELLO SIENDO LA CORRECTA CHOQUE Y EN LA CASILLA NUMERO 3 LA DIRECCION CORRECTA ES AV CARACAS CON CALLE 51 SUR NO SE DIAGRAMA EL VEHICULO NUMERO 1 PORQUE FUE MOVIDO DE LA POSICION FINAL;112;DESOBEDECER SEÑALES O NORMAS DE TRANSITO
186;2186;2/10/2024 7:20;HERIDOS;CHOQUE;VEHICULO;-74,16680185;4,63147777;8;;1;EL VEHICULO 2 CAMIONETA FUE MOVIDO DE SU POSICION FINAL POR TAL RAZON NO SE DIAGRAMA;134;REVERSO IMPRUDENTE
187;2187;2/10/2024 7:00;MUERTOS;CHOQUE;VEHICULO;-74,07212523;4,668921127;12;1;;SE ACLARA CASILLA 8 VEHICULO N 2 LICENCIA DE CONDUCCION NO APLICA NINGUNA RESTRINCCION EL CONDUCTOR NOMBRE DEL CONDUCTOR N 1 ES HUERTAS VARGAS JOSE ORLANDO CORRECION ;98;TRANSITAR ENTRE VEHICULOS
188;2188;2/10/2024 3:15;HERIDOS;CHOQUE;VEHICULO;-74,04807655;4,663765632;2;;3;SE CORRIGE DIRECCION DEL CONDUCTOR VEHICULO 1 CALLE 129 N 54 07 BARRIO EL PRADO CEL 3137728748;142;SEMAFORO EN ROJO
189;2189;2/10/2024 2:09;DANOS;CHOQUE;VEHICULO;-74,15384544;4,596497478;7;;;CORRIJO NUMERO DE POLIZA SOAT VEHICULO N 2 1508005272844000 SE REALIZA ORDEN DE COMPARENDO N 42343473 INFRACCION F POSITIVO GRADO 2;115;EMBRIAGUEZ O SUSTANCIAS ALUCINOGENAS
190;2190;10/02/2024;HERIDOS;ATROPELLO;;-74,05370114;4,669147021;2;;2;SE REALIZAN ORDENES DE COMPARENDO N 42344533 INFRACCION C31 N 42344483 INFRACCION D03 N 42344497 B03 NO SE DIAGRAMA LA MTOCICLETA YA QUE FUE MOVIDA DEL LUGAR DE LOS HECHOS;104;ADELANTAR INVADIENDO CARRIL DE SENTIDO CONTRARIO
191;2191;2/09/2024 23:23;HERIDOS;CHOQUE;VEHICULO;-74,12386505;4,652517514;9;;3;CORRIJO ACLARO ACOMPAÑANTE VH1 CRISTIAN FELIPE MELENDEZ LONGARAY CC 1025525029 VEHICULOS MANIFESTADOS POR CONDUCTORES FUERON MOVIDOS DE SU POSICION FINAL DONDE SE OBSERVA CONDUCTOR VH2 MANIFIESTA IMPACTAR POR LA PARTE POSTERIOR A LA OTRA MOTOCICLETA;121;NO MANTENER DISTANCIA DE SEGURIDAD
192;2192;2/09/2024 23:20;HERIDOS;CHOQUE;VEHICULO;-74,10422002;4,583120533;15;;3;CORRIJO LOCALIDAD CASILLA 31 ANTONIO NARIÑO SEGUN VERSIONES DE LOS CONDUCTORES HABIA OTRA MOTOCICLETA INVOLUCRADA EN EL ACCIDENTE PERO NO APORTAN PLACAS;157;OTRA HIPÓTESIS (CONDUCTOR)
193;2193;2/09/2024 22:50;HERIDOS;ATROPELLO;;-74,05370114;4,669167071;2;;1;SE SOLICITA LOS DOCUMENTOS DE LA MOTOCICLETA Y DEL CONDUCTOR LOS PRESENTA Y AL NOTIFICARLES ORDEN DE COMPARENDO E INMOVILIZACION DE LA MISMA EMPRENDE LA HUIDA OCASIONADOLE LESIONES A LA VICTIMA SE ANEXA ORDENES DE COMPARENDO 42344438 42344452 42344455 Y 42344460 INFORMACION TOMADA DE LOS DOCUMENTOS;157;OTRA HIPÓTESIS (CONDUCTOR)
194;2194;2/09/2024 21:10;DANOS;CHOQUE;VEHICULO;-74,17249984;4,596488727;7;;;SE DEJA CONSTANCIA DE LAS SIGUIENTES ORDENES DE COMPARENDO AL CONDUCTOR DEL AUTOMOVIL COMPARENDO N 42344367 INFRACCION F GRADO 2 COMPARENDO N 42344390 INFRACCION D01 Y COMPARENDO N 42344470 INFRACCION C35;121;NO MANTENER DISTANCIA DE SEGURIDAD
195;2195;2/09/2024 19:58;HERIDOS;ATROPELLO;;-74,16886325;4,571983705;19;;2;SE CORRIJE CASILLA 7 7 2 UTILIZACION VIA DE DOBLE SENTIDO ;127;TRANSITAR EN CONTRAVIA
196;2196;2/09/2024 19:42;HERIDOS;CHOQUE;VEHICULO;-74,16134623;4,642686123;8;;1;SE DEJA CONSTANCIA QUE SE LE NOTIFICA DE LA ORDEN DE COMPARENDO POR LA INFRACCION D02 N COMPARENDO 42343459 AL CONDUCTOR DEL VEHICULO N 1;95;TRANSITAR UNO AL LADO DEL OTRO
197;2197;2/09/2024 18:55;HERIDOS;CHOQUE;VEHICULO;-74,05884294;4,703619812;11;;2;HIPOTESIS 123 ART 70;123;NO RESPETAR PRELACION DE INTERSECCIONES O GIROS
198;2198;2/09/2024 18:35;HERIDOS;ATROPELLO;;-74,08427053;4,55445082;4;;2;SE DEJA CONSTANCIA QUE AL LLEGAR AL LUGAR DE LOS HECHOS EL CONDUCTOR V1 Y PEATON DEBIDO A SUS LESIONES YA HABIAN SIDO TRASLADADOS A LA CLINICA SANTA JULIANA NO HABIAN FAMILIARES Y SE DESCONOCE EL PARADERO DE LA MOTOCICLETA V1 HIPOTESIS DEL PEATON 411 NO HACER USO DEL PASO PEATONAL;157;OTRA HIPÓTESIS (CONDUCTOR)
199;2199;2/09/2024 18:30;HERIDOS;CHOQUE;VEHICULO;-74,14162152;4,588020715;6;;1;89 LUGAR DE IMPACTO POSTERIOR DE LA MOTOCICLETA MARCA DEL VEHICULO N 1 AKT;103;ADELANTAR CERRANDO
200;2200;2/09/2024 17:30;DANOS;CHOQUE;VEHICULO;-74,05528901;4,749302885;11;;;SE DEJA CONSTANCIA QUE UNA VEZ FINALIZADO EL INFORME EL CONDUCTOR DEL VEHICULO N 1 LE DA LA SUMA DE 1400000 A LA CONDUCTORA DEL VEHICULO N 2;103;ADELANTAR CERRANDO
201;2201;2/09/2024 15:24;HERIDOS;OTRO;;-74,11972908;4,635151082;16;;1;CONDUCTOR QUE SE BAJA DE SU VEHICULO Y ESTE RUEDA Y LO APRISIONA CONTRA OTRO VEHICULO QUE SE ENCONTRABA ESTACIONADO YA QUE EL CONDUCTOR INTENTA DETENER LA TRAYECTORIA DEL VEHICULO;157;OTRA HIPÓTESIS (CONDUCTOR)
202;2202;2/09/2024 13:00;HERIDOS;ATROPELLO;;-74,20124044;4,612359907;7;;3;POR ESTABLECER QUE ACTOR VIAL OMITE LA SEÑAL DE SEMAFORO EN ROJO;142;SEMAFORO EN ROJO
203;2203;2/09/2024 11:45;HERIDOS;CHOQUE;VEHICULO;-74,04330758;4,748535734;1;;1;VEHICULO N 1 HIPOTESIS 112 NO RESPECTA LA SEÑAL DE PARE SE CORRIGE EL GRADO 0 YA QUE POR ERROR HUMANO ERA 0 ACOMPAÑANTES;112;DESOBEDECER SEÑALES O NORMAS DE TRANSITO
204;2204;2/09/2024 11:23;HERIDOS;CHOQUE;VEHICULO;-74,11075977;4,75147603;11;;2;VH 1 ES UN BICICOCHE DE COLOR VERDE SE CORRIJE NOMBRE DEL CONDUCTOR DEL VH1 SIENDO EL CORRECTO EDWIN YOEL ROMERO RIVAS T I VENEZOLANA 33451225 NACIONALIDAD VENEZOLANA SE CORRIGE CEDULA PROPIETARIO VH1 1102892699 EL VEHICULO N 1 BICICOCHE;121;NO MANTENER DISTANCIA DE SEGURIDAD
205;2205;2/09/2024 8:21;HERIDOS;CHOQUE;VEHICULO;-74,10139642;4,623026212;16;;2;SE CORRIJE N DE CEDULA DEL CONDUCTOR DEL VEHICULO N 2 CASILLA 8  CC 1014257359 SE LE NOTIFICA ORDEN DE COMPARENDO N 42341290 POR LA INFRACCION D01 AL CONDUCTOR DEL VEHICULO N 1 DE IGUAL FORMA SE LE NOTIFICA ORDEN DE COMPARENDO N 42343433 POR LA INFRACCION B02 AL CONDUCTOR DEL VEHICULO N 2 ;139;IMPERICIA EN EL MANEJO
206;2206;2/09/2024 7:35;HERIDOS;CHOQUE;OBJETO;-74,07909764;4,696148246;11;;3;CORRIGE PUNTO 8 7 SIN FALLAS SE LE NOTIFICA 1 ORDEN DE COMPARENDO 42343013 POR LA INFRACCION D12;157;OTRA HIPÓTESIS (CONDUCTOR)
207;2207;2/09/2024 7:28;HERIDOS;CHOQUE;VEHICULO;-74,07212523;4,711072587;11;;2;CORRIJO CASILLA 86 RADIO DE ACCION NACIONAL CORRIJO;121;NO MANTENER DISTANCIA DE SEGURIDAD
208;2208;2/09/2024 6:35;HERIDOS;CHOQUE;VEHICULO;-74,19656704;4,633688225;7;;1;CORRIJO CASILLA 3 DIRECCION CALLE 61 A SUR CR 95 A CASILLA 4 FECHA Y HORA OCURRENCIA 09 02 24 HORA 06 35 FECHA Y HORA LEVANTAMIENTO 09 02 24 07 00 CASILLA 5 1 CHOQUE CON VEHICULO CASILLA 7 3 CALZADA VIA 2 DOS CASILLA 7 4 CARRILES VIA N 1 DOS ;112;DESOBEDECER SEÑALES O NORMAS DE TRANSITO
209;2209;2/09/2024 6:25;HERIDOS;VOLVAMIENTO;;-74,11726082;4,599957049;16;;1;SEGUN LO INFORMADO POR EL CIUDADANO EL CAE DE SU PROPIA ALTURA YA QUE A LO QUE FRENA SE RESBALA POR EL PISO HUMEDO;304;SUPERFICIE HUMEDA
210;2210;2/09/2024 6:09;HERIDOS;CHOQUE;VEHICULO;-74,19425597;4,605355731;7;;1;NO SE DIAGRAMA VEHICULO NÚMERO 2 YA QUE FUE MOVIDO DE LA POSICION FINAL ;112;DESOBEDECER SEÑALES O NORMAS DE TRANSITO
211;2211;2/09/2024 5:43;HERIDOS;ATROPELLO;;-74,14971215;4,546845992;19;;2;SE CORRIGE LA DIRECCION DEL ACCIDENTE SIENDO EN EL SITIO DEL ACCIDENTE SE ENCUENTRA LA CAMARA  DEL CAD 4334 LA DIRECCION DEL ACCIDENTE ES DIAGONAL 71 B SUR CON TRANSVERSAL 18J;157;OTRA HIPÓTESIS (CONDUCTOR)
212;2212;2/09/2024 4:35;HERIDOS;CHOQUE;VEHICULO;-74,11579696;4,612522751;16;;2;CORRIJO DIRECCION DE DOMICILIO CONDUCTOR VH1 CRA 67 SUR N 65A 63 Y TELEFONO 3123954591;142;SEMAFORO EN ROJO
213;2213;2/09/2024 2:50;HERIDOS;CHOQUE;OBJETO;-74,08418981;4,690144202;10;;1;OBJETO FIJO POSTE CODENSA N 09425572 1 UNIDAD LUMINOSA N 207049 2 UNIDAD LUMINOSA N 2007064 CAUSANDO DAÑOS MATERIALES SE CORRIGE CASILLA 3 DIRECCION CALLE 80 CON CARRERA 69Q;157;OTRA HIPÓTESIS (CONDUCTOR)
214;2214;2/09/2024 2:41;HERIDOS;CHOQUE;VEHICULO;-74,15183415;4,59582568;8;;3;SEGUN LO MANIFESTADO POR EL SEÑOR EDUAR PARRA TRIANA QUE SE PRESENTO COMO ACOMPAÑANTE DEL VEHICULO TIPO MOTOCICLETA PLACA FUT28F NOS INFORMA QUE EL CONDUCTOR DE LA MOTOCICLETA EN LA QUE EL SE TRANSPORTABA NO SE LOGRA UBICAR FECHA DE NACIMIENTO DEL SEÑOR WILSON IDARRAGA CARDONA CONDUCTOR VH2;157;OTRA HIPÓTESIS (CONDUCTOR)
215;2215;9/02/2024;MUERTOS;CHOQUE;OBJETO;-74,11577506;4,513813176;5;1;1;HIPOTESIS 114 POR INDICACIONES DE LABORATORIO DE CRIMINALISTICA AL PRACTICAR INSPECCION A CADAVER PERSIVE ALIENTO ALCOHOLICO LA ACOMPAÑANTE VH1 EN TRIAGE DE HOSPITAL MEISSEN MANIFIESTA EN ESTADO DE EMBRIAGUEZ;114;EMBRIAGUEZ APARENTE
216;2216;2/08/2024 22:37;HERIDOS;CHOQUE;VEHICULO;-74,11647154;4,747847435;11;;3;SE CORRIGE CASILLA 8 VH1 EL CONDUCTOR ES TRASLADADO A LA CLINICA ALCALA;122;GIRAR BRUSCAMENTE
217;2217;2/08/2024 22:25;HERIDOS;CHOQUE;VEHICULO;-74,19046698;4,624549489;7;;1;NO SE DIAGRAMA LOS VEHICULOS YA QUE FUERON MOVIDOS DE SU POSICION FINAL NO SE INICIA PROCESO POR FISCALIA YA QUE LA SEÑORA ANDREA MARCELA CARRILLO MARTINEZ CON  CC 52842104 MADRE DE LA MENOR NO DESEA QUERELLAR POR EL MOMENTO;157;OTRA HIPÓTESIS (CONDUCTOR)
218;2218;2/08/2024 21:15;HERIDOS;CHOQUE;VEHICULO;-74,15619907;4,578063094;19;;1;CONDUCTOR DE LA MOTOCICLETA MANIFIESTA QUE TUVO EL SINIESTRO VIAL CON UN TAXI EN EL CUAL SE DA A LA FUGA DE PLACAS WCL778 CONDUCTOR DE FORMA VOLUNTARIA Y LIBRE SIN COACION ALGUNA NO QUERER QUERELLAR EN EL MOMENTO CIRCULAR 001 DE 25 05 2017;157;OTRA HIPÓTESIS (CONDUCTOR)
219;2219;2/08/2024 18:35;HERIDOS;CHOQUE;VEHICULO;-74,11070076;4,616321816;16;;1;SE CORRIGE CASILLA 8 2 VH2 NUMERO DE LICENCIA 10029991374 ANEXO ORDEN COMPARENDO CONDUCTOR VH2 N 42341536 D01;139;IMPERICIA EN EL MANEJO
220;2220;2/08/2024 17:48;HERIDOS;CHOQUE;VEHICULO;-74,16265991;4,641106383;8;;1;SE DEJA CONSTANCIA QUE HAY UN VEHICULO N 3 DE PLACAS DDK 492 EL CUAL SE ENCONTRABA COMO OBJETO FIJO VEHICULO ESTACIONADO SIN CONDUCTOR SE REALIZA LA INMOVILIZACION YA QUE NO SE HACE NADIE RESPONSABLE DEJANDO A DISPOSICION DE FISCALIA PATIOS ALAMOS URI DE KENNEDY SE NOTIFICA ORDEN COMPARENDO VH 3 C02;157;OTRA HIPÓTESIS (CONDUCTOR)
221;2221;2/08/2024 17:07;HERIDOS;CHOQUE;VEHICULO;-74,14218283;4,606532334;8;;1;RESOLUCION 01670 Y 03922 DE 2016 CIRCULAR 001 DEL 25052017 LA CONDUCTORA Y LESIONADA DEL SINIESTRO VIAL MANIFIESTA LIBRE Y VOLUNTARIAMENTE NO INTERPONER QUERELLA EN EL MOMENTO REQUISITO EXIGIDO POR LA FISCALIA PARA RADICAR EL CASO EN LA URI;157;OTRA HIPÓTESIS (CONDUCTOR)
222;2222;2/08/2024 17:00;HERIDOS;CHOQUE;VEHICULO;-74,16364514;4,68996315;9;;1;SE CORRIJE HIPOTESIS SUMINISTRAN VIDEO DE LA EMPRESA DEL BUS DONDE SE OBSERVA EL BUS SE PASA EL SEMAFORO EN ROJO HIPOTESIS 142 Y LA MOTOCICLETA NO SE PERCATA DE LOS ACTORES VIALES EN VIA 157;157;OTRA HIPÓTESIS (CONDUCTOR)
223;2223;2/08/2024 15:50;HERIDOS;OTRO;;-74,06481353;4,67051709;12;;1;NO SE DIAGRAMA EL VEHICULO YA QUE FUE MOVIDO DE SU POSICION FINAL O DEL LUGAR DEL ACCIDENTE Y SE TRASLADA PARA EL PORTAL DE TRASMILENIO CALLE 80 Y ALLI ES DONDE HACEN EL REQUERIMIENTO DE LA UNIDAD DE TRANSITO SE CORRIGE CASILLA 3 1 LOCALIDA BARRIOS UNIDOS;506;OTRA HIPÓTESIS (PASAJERO O ACOMPAÑANTE)
224;2224;2/08/2024 15:26;HERIDOS;CHOQUE;VEHICULO;-74,06503079;4,726905458;11;;2;SE CORRIGE FECHA DE OCURRENCIA 08022024 A LAS  1526 Y LEVANTAMIENTO 08022024 A LAS 1554 VH3 SE ENCUENTRA ESTACIONADO AL COSTADO DERECHO DE LA VIA SE REALIZA ORDEN DE COMPARENDO AL CONDUCTOR VH2 YA QUE SE ENCUENTRA VENCIDA 20062023 SE CORRIGE HIPOTESIS 121 VH2;121;NO MANTENER DISTANCIA DE SEGURIDAD
225;2225;2/08/2024 14:11;HERIDOS;CHOQUE;VEHICULO;-74,14553998;4,596796919;8;;1;NO SE DIAGRAMA VEHICULOS YA QUE FUERON MOVIDOS DE LA POSICION FINAL PLACA VH1 SCX53F;122;GIRAR BRUSCAMENTE