CODIGO_ACCIDENTE;FORMULARIO;FECHA;GRAVEDAD;CLASE;CHOQUE;LONGITUD;LATITUD;CODIGO_LOCALIDAD;TOTAL_MUERTOS;TOTAL_HERIDOS;TEXTO_OBSERVACIONES;CODIGO_CAUSA;DESCRIPCION
226;2226;2/08/2024 14:10;HERIDOS;ATROPELLO;;-74,07364739;4,66192237;12;;1;LA SEÑORA EN CALIDAD DE PEATON LESIONADA MANIFIESTA LIBRE Y ESPONTANEAMENTE NO QUERER INTERPONER QUERELLA EN CONTRA DELV EHICULO SEGUN RESOLUCION 1670 Y 3922 DEL 2016 Y CIRCULAR N 001 DEL 25 05 2017;157;OTRA HIPÓTESIS (CONDUCTOR)
227;2227;2/08/2024 12:00;HERIDOS;CHOQUE;VEHICULO;-74,07243771;4,713191053;11;;3;EL VH2 NO CUENTA CON EXTRACTUAL Y CONTRACTUAL YA QUE ES VEHICULO PARTICULAR MODALIDAD DE TRANSPORTE VH1 INDIVIDUAL;119;FRENAR BRUSCAMENTE
228;2228;2/08/2024 11:30;HERIDOS;CHOQUE;VEHICULO;-74,1277918;4,612774062;16;;1;CORRIJO CATEGORIA LICENCIA DE CODUCCION VH3 C2;121;NO MANTENER DISTANCIA DE SEGURIDAD
229;2229;2/08/2024 10:00;DANOS;CHOQUE;VEHICULO;-74,16264845;4,639888396;8;;;COMPARENDO N 42342241 PARA CONDUCTOR VEHICULO 1;115;EMBRIAGUEZ O SUSTANCIAS ALUCINOGENAS
230;2230;2/08/2024 9:00;HERIDOS;CHOQUE;VEHICULO;-74,03323467;4,693676976;1;;1;VH 2 PATINETA ELECTRICA RESOLUCION 01670 Y 03922 DE 2016 CIRCULAR N 001 DEL 25052017 EL CIUDADANO DE CEDULA EXTRANJERA 1056797 EL SEÑOR TOMAS MACHI NO DESEA INTERPONER QUERELLA ;102;ADELANTAR POR LA DERECHA
231;2231;2/08/2024 8:45;HERIDOS;CHOQUE;VEHICULO;-74,12260038;4,704052867;10;;1;SE CORRIJE CASILLA 7 4 2 CARRILES;123;NO RESPETAR PRELACION DE INTERSECCIONES O GIROS
232;2232;2/08/2024 8:37;HERIDOS;CHOQUE;VEHICULO;-74,0721481;4,668933913;12;;1;HIPOTESIS 103 PARA EL VEHICULO N 1 SE DEJA CONSTANCIA QUE SE LE EXPLICA A LA LESIONADA QUE PUEDE INTERPONER EN EL TERMINO DE 6 MESES LA QUERELLA DE ACUERDO A LAS RESOLUCIONES 01670 Y 03922 DE 2016 DEL FISCAL Y LA CIRCULAR 001 DEL 25 05 2017;103;ADELANTAR CERRANDO
233;2233;2/08/2024 8:28;HERIDOS;CHOQUE;VEHICULO;-74,07075194;4,664381834;12;;1;FAMILIARES Y LESIONADO MANIFIESTAN EN FORMA VOLUNTARIA NO INTERPONER QUERELLA ANTE LA FISCALIA POR EL MOMENTO CIRCULAR NUMERO 001 DEL 25 05 2017;103;ADELANTAR CERRANDO
234;2234;2/08/2024 8:18;HERIDOS;ATROPELLO;;-74,04364406;4,746549693;1;;1;NO SE RECEPCIONA QUERELLA YA QUE EL PEATON SE ENCUENTRA EN CUIDADOS INTENSIVOS Y NO HAY FAMILIAR  DE LA PERSONA SE CORRIJE PUNTO DE IMPACTO SIENDO EL CORRECTO LATERAL ;157;OTRA HIPÓTESIS (CONDUCTOR)
235;2235;2/08/2024 8:09;MUERTOS;ATROPELLO;;-74,09445462;4,57574483;4;1;1;SE OBSERVA VIDEO INTERNO DEL BUS DE PLACAS KYQ302 EN DONDE AL INICIAR SU MARCHA Y REALIZAR EL GIRO A LA IZQUIERDA AUTORIZADO SE ENCUENTRA EL SEMAFORO HABILITADO EN VERDE;157;OTRA HIPÓTESIS (CONDUCTOR)
236;2236;2/08/2024 7:27;HERIDOS;ATROPELLO;;-74,13133232;4,614060025;8;;2; REALIZA ORDEN DE COMPARENDO 42323967 INFRACCION B02 PARA CONDUCTOR VEHICULO N 1 SE SOLICITA CAMARA DE VIDEO DIRECCION CALLE 22 SUR N 69 22 DESTINO SOLICITUD ESCUELA DE ENSEÑANZA;157;OTRA HIPÓTESIS (CONDUCTOR)
237;2237;2/08/2024 7:20;HERIDOS;ATROPELLO;;-74,09589258;4,544459628;4;;2;NO SE DIAGRAMA EL VEHICULO N 1 YA QUE FUE MOVIDO DE SU POSICION FINAL;134;REVERSO IMPRUDENTE
238;2238;2/08/2024 5:30;HERIDOS;ATROPELLO;;-74,1145458;4,505806557;5;;1;SE DEJA CONSTANCIA NO ES POSIBLE ESTABLECER POSIBLE RUTA DEL APARENTE VEHICULO EN FUGA Y DEL PEATON YA QUE NO SE LOGRA OBTENER DICHA INFORMACION VEHICULO EN FUGA PEATON EN ESTADO DELICADO;157;OTRA HIPÓTESIS (CONDUCTOR)
239;2239;8/02/2024;HERIDOS;CHOQUE;VEHICULO;-74,16221527;4,599711117;7;;2;POR ESTABLECER DIRECCION DE DOMICILIO TELEFONO Y LUGAR DE RESIDENCIA CONDUCTOR VH2;157;OTRA HIPÓTESIS (CONDUCTOR)
240;2240;8/02/2024;HERIDOS;CHOQUE;VEHICULO;-74,18164922;4,610044392;7;;2;HIPOTESIS 142 POR ESTABLECER QUIEN  OMITE LA SEÑAL DE SEMAFORO EN ROJO SE NOTIFICA ORDEN DE COMPARENDO AL CONDUCTOR DEL VEHICULO N 1 INFRACCION C35;142;SEMAFORO EN ROJO
241;2241;8/02/2024;HERIDOS;CHOQUE;VEHICULO;-74,14362756;4,561661187;19;;1;SE DEJA CONSTANCIA VEHICULO N 2 SE DA A LA FUGA VEHICULO AUTOMOVIL TIPO TAXI MANIFESTADO POR LA CIUDADANIA;157;OTRA HIPÓTESIS (CONDUCTOR)
242;2242;2/07/2024 22:55;HERIDOS;CHOQUE;VEHICULO;-74,08355681;4,591193071;3;;2; CORRIJO NUMERO DE CEDULA CONDUCTOR N 2  1033729686 HIPOTESIS 157 PARA EL CONDUCTOR N 1 POR ESTABLECER SI OMITE LA LUZ ROJA DEL SEMAFORO Y PARA EL CONDUCTOR N 2 LA 127 TRANSITAR EN CONTRAVIA Y LA 157 POR ESTABLECER SI OMITE LUZ ROJA DEL SEMAFORO PARA LAS 2 CONDUCTORES LA 157;157;OTRA HIPÓTESIS (CONDUCTOR)
243;2243;2/07/2024 22:10;HERIDOS;CHOQUE;VEHICULO;-74,11325185;4,536872455;5;;1;CORRECCION V1 PROPIETARIO BUITRAGO DIAZ JULIO CESAR CC 79423331 SE DEJA CONSTANCIA QUE EL V2 BICICLETA  NO SE ENCONTRO EN EL LUGAR DEL ACCIDENTE DESCONOCIENDO SU PARADERO;157;OTRA HIPÓTESIS (CONDUCTOR)
244;2244;2/07/2024 20:55;HERIDOS;CHOQUE;OBJETO;-74,15041355;4,627865929;8;;2;ANEXO ORDEN DE COMPARENDO N 42341427 INFRACCION C02 NOTA DE DEJA CONSTANCIA QUE EL SEGUNDO CONDUCTOR NO SE TRASLADA A MEDICINA LEGAL YA QUE ESTA EL VEHICULO EN CALIDAD DE OBJETO FIJO;141;VEHICULO MAL ESTACIONADO
245;2245;2/07/2024 20:30;HERIDOS;CHOQUE;VEHICULO;-74,088693;4,570090648;4;;1;NUMERO DE LICENCIA DE TRANSITO VEHICULO N 1   04110017315044;121;NO MANTENER DISTANCIA DE SEGURIDAD
246;2246;2/07/2024 20:15;HERIDOS;CHOQUE;VEHICULO;-74,11164892;4,750597952;11;;3;NO SE DIAGRAMA LOS VEHICULOS 2 Y 3 YA QUE FUERON MOVIDOS DE SU POSICION FINAL;112;DESOBEDECER SEÑALES O NORMAS DE TRANSITO
247;2247;2/07/2024 19:34;HERIDOS;CAIDA;;-74,06540496;4,638205477;2;;1;NOTA ACLARO QUE ES PASAJERO EN LA CASILLA 9 1;119;FRENAR BRUSCAMENTE
248;2248;2/07/2024 19:00;HERIDOS;CHOQUE;VEHICULO;-74,11702541;4,501517524;5;;3;CORRIJO PLACA VH1 ILV91F NO SE DIAGRAMA EL VEHICULO N 2 YA QUE FUE MOVIDO DE SU POSICION FINAL ENTREGO LICENCIA DE TRANSITO DE LA MOTOCICLETA ILV91F A LA MOVIL AL MANDO DEL SI SURAN;157;OTRA HIPÓTESIS (CONDUCTOR)
249;2249;2/07/2024 18:47;HERIDOS;CHOQUE;VEHICULO;-74,11717159;4,567039339;18;;1;NO SE DIAGRAMAN VEHICULOS YA QUE FUERON MOVIDOS DE SU POSICION FINAL CORRECION VEHICULO 1 SE DEJA CONSTANCIA DE LA CORECCION QUE EL SEÑOR EDGAR E GARZON CC 79980754 SE HACE RESPONSABLE DEL VEHICULO YA QUE LO ESTABA EMPUJANDO MAS NO CONDUCIENDO;157;OTRA HIPÓTESIS (CONDUCTOR)
250;2250;2/07/2024 18:03;HERIDOS;CHOQUE;VEHICULO;-74,10027234;4,748827091;11;;2;CORRIJO DIRECCION CALLE 145 CON CARRERA 111;93;TRANSITAR DISTANTE DE LA ACERA U ORILLA DE LA CALZADA
251;2251;2/07/2024 18:02;HERIDOS;CHOQUE;VEHICULO;-74,19418867;4,640483352;7;;1;SE CORRIGE NUMERO DOCUMENTO VH2 SEÑOR LUIS JOSE FALLA FERRO MICHINEL CE 25447170 NO SE DEJA EL CASO A DISPOSICION DE FISCALIA YA QUE LLEGAN A UN ACUERDO ENTRE LAS PARTES POR  250000 EN PRESENCIA DE LA SEÑORA MADRE DAMARIL MICHINEL CE 10530090 CORRIJO INTERNO 0270 ;112;DESOBEDECER SEÑALES O NORMAS DE TRANSITO
252;2252;2/07/2024 17:40;HERIDOS;CHOQUE;VEHICULO;-74,12565542;4,727629864;10;;4;NO SE DIGRAMAN LOS VEHICULOS YA QUE FUERON MOVIDOS DE LA POSICION FINAL;103;ADELANTAR CERRANDO
253;2253;2/07/2024 17:25;HERIDOS;ATROPELLO;;-74,14705408;4,508258483;19;;2;SE NOTIFICA ORDEN DE COMPARENDO C35 39537216 Y D02 39538188;301;AUSENCIA TOTAL O PARCIAL DE SEÑALES
254;2254;2/07/2024 17:09;HERIDOS;CHOQUE;VEHICULO;-74,06360922;4,759061938;11;;1;SE CORRIGE CASILLA 7 CARACTERISTICAS DE LA VIA LINEA DEL CARRIL ES BLANCA Y CONTINUA;121;NO MANTENER DISTANCIA DE SEGURIDAD
255;2255;2/07/2024 17:05;DANOS;INCENDIO;;-74,08237261;4,736945497;11;;;CORRIJO LA HIPOTESIS ES PARA EL VEHICULO 211;211;FALLAS EN EL SISTEMA ELECTRICO
256;2256;2/07/2024 16:30;HERIDOS;CAIDA;;-74,07610563;4,608694257;3;;3;MANIFIESTA LIBRE Y EXPONTANEAMENTE LA LESIONADA QUE NO DESEA FIRMAR QUERELLA Y NO SE RADICA EL CASO ANTE FISCALIA;506;OTRA HIPÓTESIS (PASAJERO O ACOMPAÑANTE)
257;2257;2/07/2024 14:18;HERIDOS;CHOQUE;VEHICULO;-74,19057561;4,603097186;7;;3;CORRIJO DIRECCION EXACTA DEL EVENTO DIAGONAL 69B SUR TRANSVERSAL 78L ES DE ANOTAR QUE EN EL PUNTO SE ENCUENTRA UNA CAMARA DE CAD LA CUAL LA CENTRAL ME INFORMA QUE NO SIRVE;123;NO RESPETAR PRELACION DE INTERSECCIONES O GIROS
258;2258;2/07/2024 13:00;HERIDOS;OTRO;;-74,07296342;4,601133455;3;;1;EL PASAJERO LESIONADO NO INTERPONE QUERELLA SE LE EXPLICA EL PROCEDIMIENTO A SEGUIR CIRCULAR N 001 DEL 25 05 2017 EL BUS NO SE INMOVILIZA;506;OTRA HIPÓTESIS (PASAJERO O ACOMPAÑANTE)
259;2259;2/07/2024 9:20;HERIDOS;CHOQUE;VEHICULO;-74,13858367;4,590590173;6;;1;SE DEJA CONSTANCIA CON VIDEO QUE LA VICTIMA NO DESEA QUERELLAR;122;GIRAR BRUSCAMENTE
260;2260;2/07/2024 8:55;HERIDOS;ATROPELLO;;-74,18276024;4,633937312;7;;1;AL CIUDADANO QUIEN CONDUCIA LA MOTO SE LE REALIZARON 3 ORDENES DE COMPARENDO ASI D01 NO HA OBTENIDO LICENCIA D07 Y C31;97;TRANSITAR POR VIAS PROHIBIDAS
261;2261;2/07/2024 8:30;HERIDOS;CHOQUE;VEHICULO;-74,10001997;4,680614809;10;;1;CORRIJO PLACA VH1 SIENDO LAQ54G SE REALIZA COMPARENDO N 42339768 POR LA INFRACCION D02 AL CONDUCTOR DEL VH1;121;NO MANTENER DISTANCIA DE SEGURIDAD
262;2262;2/07/2024 7:50;HERIDOS;CHOQUE;VEHICULO;-74,09549264;4,609549788;14;;2;CORRIJO CASILLA 8 2 VEHICULO SIENDO LOS DATOS CORRECTOS LOS SIGUIENTES PLACA UCF21G MARCA TVS LINEA RAIDER 125 COLOR ROJO RACING MODELO 2024 LICENCIA DE TRANSITO 10029866978;112;DESOBEDECER SEÑALES O NORMAS DE TRANSITO
263;2263;2/07/2024 7:49;HERIDOS;CHOQUE;VEHICULO;-74,07485035;4,665752035;12;;7;VH 2 EN FUGA SE CORRIJE CASILLA N 5 CLASE DE ACCIDENTE ES CHOQUE CON VEHICULO TIPO BICICLETA EN FUGA ;94;CIRCULAR POR CALZADAS O CARRILES DESTINADOS A BUSES Y BUSETAS
264;2264;2/07/2024 7:20;MUERTOS;CHOQUE;VEHICULO;-74,02334524;4,755858386;1;2;1;SE CORRIGE PLACA DE LA MOTO QED25G SE CORRIGE DIRECCION CALLE 179 CRA 6 SE CORRIGE HIPOTESIS 112 SE OBSERVA LINEA CENTRAL AMARILLA CONTUNUA;112;DESOBEDECER SEÑALES O NORMAS DE TRANSITO
265;2265;2/07/2024 6:50;HERIDOS;CAIDA;;-74,09154443;4,745344161;11;;1;SE GRAFICA EL PORTAL DE SUBA PORQUE LA PERSONA LESIONADA NO APORTA LUGAR DONDE FUE LA CAIDA PORQUE NO RECUERDA Y SE GRAFICA EL PORTAL DE SUBA PORQUE FUE DONDE SOLICITO EL REQUERIMIENTO NO SE GRAFICA EL VEHICULO PORQUE SEGUN LO MANIFESTADO POR LA LESIONADA SE DIO A LA FUGA;119;FRENAR BRUSCAMENTE
266;2266;2/07/2024 5:30;HERIDOS;CHOQUE;VEHICULO;-74,19147012;4,616158732;7;;1;NO SE DIAGRAMAN VEHICULOS MOVIDOS DE LA POSICION FINAL;121;NO MANTENER DISTANCIA DE SEGURIDAD
267;2267;2/06/2024 21:10;DANOS;CHOQUE;VEHICULO;-74,11658285;4,526216243;5;;;SE DEJA CONSTANCIA NO HAY LESIONADOS POR EL ACCIDENTE DE TRANSITO SI NO POR LESIONES PERSONALES CAUSADO POR EL CONDUCTOR DE LA MOTO AL CONDUCTOR DEL TAXI REALIZA LA CAPTURA DEL CONDUCTOR DE VH 3 EL CUADRANTE 45 DEL CAI SANTA MARTHA AL MODO DEL SEÑOR SI JAVIER RONDOR;127;TRANSITAR EN CONTRAVIA
268;2268;2/06/2024 20:40;HERIDOS;CHOQUE;VEHICULO;-74,13788569;4,630666987;8;;4;NO SE PLASMAN DATOS DEL CONDUCTOR 1 COMO DIRECCION Y TELEFONO YA QUE NO SE ENCUENTRA CONCIENTE EN LA CLINICA NI FAMILIARES;121;NO MANTENER DISTANCIA DE SEGURIDAD
269;2269;2/06/2024 20:40;HERIDOS;CHOQUE;VEHICULO;-74,05812508;4,678952282;2;;2;SE CORRIGE CASILLA 82 A DISPOSICION URI USAQUEN DE LOS DOS VEHICULOS;121;NO MANTENER DISTANCIA DE SEGURIDAD
270;2270;2/06/2024 19:20;HERIDOS;CHOQUE;VEHICULO;-74,12497012;4,569994494;18;;4;CORRIJO CASILLA N 82 VH2 REV TEC MEC SIENDO LA CORRECTA CARRIJO CASILLA N 81 VH1 PORTA LICENCIA SIENDO LA CORRECTA NO SE ANEXA COMPARENDO N 42328445 POR INFRACCION D01 PARA EL CONDUCTOR DEL VH1 Y SE ANEXA COMPARENDO N 42335865 POR INFRACCION D05 PARA EL VH2;133;SUBIRSE AL ANDEN O VIAS PEATONALES
271;2271;2/06/2024 18:40;HERIDOS;ATROPELLO;;-74,1071682;4,626928835;16;;2;SE REALIZA ORDEN DE COMPARENDO N 39582710 POR LA INFRACCION D 01 LAS PARTES INVOLUCRADAS EN EL ACCIDENTE MANIFIESTAN QUE INCICIALMENTE OCURRE UN ACCIDENTE DE CHOQUE SIMPLE Y AL BAJARSE DEL CARRO EL SEÑOR YURY CASTIBLANCO PARA LA RECLAMACION SE ENCONTRABA EN LA VIA Y EL SEÑOR NELSON VACA ARRANCA Y LO;139;IMPERICIA EN EL MANEJO
272;2272;2/06/2024 17:20;HERIDOS;ATROPELLO;;-74,04128519;4,785002542;11;;1;NO SE DIAGRAMA VEHICULO YA QUE SE HABIA DADO A LA FUGA Y ES ESTACIONADO UNA CUADRA MAS ADELANTE SE REALIZA ORDENES DE COMPARENDO N 42333134 INFRACCION D07 Y ORDEN DE COMPARENDO N 42328718 INFRACCION C31;157;OTRA HIPÓTESIS (CONDUCTOR)
273;2273;2/06/2024 16:13;HERIDOS;ATROPELLO;;-74,11561994;4,595549693;16;;2;SE CORRIJE LA CASILLA 8 2 VEHICULO 1 NUMERO DE POLIZA SOAT ES 87074495;157;OTRA HIPÓTESIS (CONDUCTOR)
274;2274;2/06/2024 15:46;HERIDOS;ATROPELLO;;-74,094039;4,741362949;11;;2;NO SE DIAGRAMA VEHICULO 1 FUE MOVIDO DEL PUNTO DEL HECHO HIPOTESIS VH 1 112 DESOBEDECER SEÑAL SP47 ZONA ESCOLAR Y HIPOTESIS PEATON 409;112;DESOBEDECER SEÑALES O NORMAS DE TRANSITO
275;2275;2/06/2024 14:56;HERIDOS;CHOQUE;OBJETO;-74,08433002;4,609566315;14;;1;EL ENCARGADO DEL VEHICULO EL SEÑOR LUIS OSWALDO RUBIO GOMEZ DE CC 80357003 VH2 QUIEN AL CONDUCTOR DEL VH1 SE DEJA EL PRESENTE LO DISPUESTO POR LA FISCALIA EN LAS RESOLUCIONES 01670 Y 03922 DE 2016 Y LA CIRCULAR N 001 DEL 25052017;157;OTRA HIPÓTESIS (CONDUCTOR)
276;2276;2/06/2024 14:55;HERIDOS;CHOQUE;VEHICULO;-74,08432392;4,582479748;4;;2;LOCALIDAD SAN CRISTOBAL;122;GIRAR BRUSCAMENTE
277;2277;2/06/2024 14:10;HERIDOS;CHOQUE;VEHICULO;-74,11654555;4,686256089;10;;2;PERSONAS LESIONADAS NO DESEAN INTERPONER QUERELLA ATE FISCALIA RESOLUCION 01670 Y 03922 DE 2016 CIRCULAR  001 DEL 25052017;103;ADELANTAR CERRANDO
278;2278;2/06/2024 14:07;MUERTOS;CHOQUE;VEHICULO;-74,14612998;4,564755035;19;1;1;CORRECCION CLASE DE ACCIDENTE CHOQUE CON VEHICULO Y POSTERIORMENTE CAIDA DE OCUPANTE CORRECCION CASILLA 75 VIA 2 CONCRETO CORRECCION V2 CASILLA 82 NEGRO NEBULOSA CORRECCION CASILLA 17 TABLA DE MEDIDAS B5 7 60 ;119;FRENAR BRUSCAMENTE
279;2279;2/06/2024 11:25;HERIDOS;CHOQUE;VEHICULO;-74,11717025;4,628697376;16;;4;SE CODIFICA HIPOTESIS VH1 TAXI 103 PARA VEHICULO N 3 MOTO DE PLACA UHN83G HIPOTESIS 121;121;NO MANTENER DISTANCIA DE SEGURIDAD
280;2280;2/06/2024 10:50;HERIDOS;CHOQUE;VEHICULO;-74,15331838;4,624013456;8;;2;CORRIJO CASILLA 8 1 CONDUCTOR VEHICULO 2 NACIONALIDAD VENEZOLANA;128;RECOGER O DEJAR PASAJEROS SOBRE LA CALZADA
281;2281;2/06/2024 10:00;HERIDOS;CHOQUE;VEHICULO;-74,07232908;4,652083091;12;;2;CORRIJO CASILLA 8 2 VEHICULO MATRICULADO EN SOACHA NO SE DIAGRAMA LOS VEHICULOS YA QUE FUERON MOVIDOS DE SU POSICION FINAL SE CORRIGE TIPO DE DOCUMENTO DEL VEHICULO 1 PPT PERMISO POR PROTECCION TEMPORAL;302;AUSENCIA O DEFICIENCIA EN DEMARCACION
282;2282;2/06/2024 7:10;HERIDOS;CHOQUE;VEHICULO;-74,19100829;4,610106855;7;;3;SE LE REALIZA COMPARENDO POR 42334345 INFRACCION D1 AL CONDUCTOR DEL VH1;122;GIRAR BRUSCAMENTE
283;2283;2/06/2024 6:50;HERIDOS;CHOQUE;VEHICULO;-74,15483785;4,575522916;19;;1;SE ANEXA COMPARENDO N 42327510 POR INFRACCION D02 Y 42323461 POR LA INFRACCION C35 PARA EL CONDUCTOR DEL VEHICULO N 1;103;ADELANTAR CERRANDO
284;2284;2/06/2024 5:08;HERIDOS;CAIDA;;-74,08541022;4,75113656;11;;2;NO SE DIAGRAMA EL VEHICULO YA QUE FUE MOVIDO DEL LUGAR DEL INCIDENTE Y SE DETIENE EN LA CALLE 148 CON CARRERA 92 DONDE LOS PASAJEROS SIENTEN EL POREO DEL GOLPE;506;OTRA HIPÓTESIS (PASAJERO O ACOMPAÑANTE)
285;2285;2/05/2024 22:15;HERIDOS;CHOQUE;VEHICULO;-74,06767228;4,689739569;12;;1;SE CORRIGE DIRECCION CONDUCTOR V2 CL 6 SUR N 24  127 MADRID CUNDINAMARCA ;157;OTRA HIPÓTESIS (CONDUCTOR)
286;2286;2/05/2024 21:40;HERIDOS;CHOQUE;OBJETO;-74,09775642;4,606657019;16;;1;SE PRESENTA EL SEÑOR JOHN ALEXANDER LOZANO BAQUERO CC 79819480 EN UN VEHICULO MANIFESTANDO QUE ES EL JEFE DEL SEÑOR CRISTIAN HACIENDOSE RESPONSABLE DE LO QUE SE ENCUENTRA DENTRO DEL VEHICULO Y MANIFESTANDO QUE NO SE HACE CARGO DEL VEHICULO YA QUE DICE QUE ESO VA  POR ASEGURADORA DONDE SE REALIZA COM;157;OTRA HIPÓTESIS (CONDUCTOR)
287;2287;2/05/2024 21:02;HERIDOS;CHOQUE;VEHICULO;-74,06518076;4,742532385;11;;1;SE CORRIGE CASILLA 64 DISEÑO ES INTERSECCION;103;ADELANTAR CERRANDO
288;2288;2/05/2024 19:00;HERIDOS;CAIDA;;-74,1363856;4,672173199;9;;1;NO SE DIAGRAMA VEHICULO YA QUE FUE MOVIDO DEL LUGAR DE LOS HECHOS;145;ARRANCAR SIN PRECAUCION
289;2289;2/05/2024 18:50;HERIDOS;CHOQUE;VEHICULO;-74,1291246;4,56710642;6;;1;SE DEJA CONSTANCIA QUE EL SEÑOR YESBER ALFREDO CADENA VELASQUEZ CC 1121923456 MANIFIESTA VOLUNTARIAMENTE NO INTERPONER QUERELLA A REQUERIR PROCEDIMIENTO DE TRANSITO PARA DEJARLO A DISPOSICION DE LA FISCALIA ASI MISMO SE  IDENTIFICA COMPARENDO POR INFRACCIÓN D02 N 42337636 Y D01 N 42337662 CONDUCTOR ;127;TRANSITAR EN CONTRAVIA
290;2290;2/05/2024 18:50;HERIDOS;CHOQUE;VEHICULO;-74,18675748;4,618986326;7;;1;ACLARO LA CASILL 81 GRAVEDAD ES HERIDO;112;DESOBEDECER SEÑALES O NORMAS DE TRANSITO
291;2291;2/05/2024 18:27;HERIDOS;CHOQUE;VEHICULO;-74,10810036;4,57899733;18;;2;SE NOTIFICA ORDEN DE COMPARENDO 42339143 INFRACCION D01 AL CONDUCTOR N 2;139;IMPERICIA EN EL MANEJO
292;2292;2/05/2024 16:30;HERIDOS;CHOQUE;VEHICULO;-74,113733;4,751342381;11;;2;VEHICULO N 2 MOVIDO DE SU POSICION FINAL TELEFONO CONDUCTOR 2 3155726218;112;DESOBEDECER SEÑALES O NORMAS DE TRANSITO
293;2293;2/05/2024 16:28;HERIDOS;CHOQUE;VEHICULO;-74,13407085;4,691456756;9;;1;EL CONDUCTOR DEL VEHICULO PARTICULAR DE PLACAS BJN136 SE ENCONTRABATRANSITANDO EN PICO Y PLACA SE NOTIFICA ORDEN DE COMPARENDO N 42320131 SE CORRIGE CASILLA 8 2 CANTIDAD DE ACOMPAÑANTES AL NUMERO DE ACCIDENTE CORRESPONDE A 0 SE INFORMA QUE ESTE IPAT NO TRAIA CONSIGO LA PRIMERA HOJA ORIGINAL PARA EL ;103;ADELANTAR CERRANDO
294;2294;2/05/2024 15:05;HERIDOS;CHOQUE;VEHICULO;-74,10595325;4,705465638;10;;1;LA ACOMPAÑANTE DEL VEHICULO N 1 ESTA EN ESTADO DE EMBARAZO PARA NO DESEAR INTERPONER QUERELLA ;121;NO MANTENER DISTANCIA DE SEGURIDAD
295;2295;2/05/2024 15:00;HERIDOS;CHOQUE;VEHICULO;-74,10902292;4,733337596;11;;1;EL SEÑOR HERIDO MANIFIESTA NO INTERPONER QUERELLA POR LO QUE NO SE INMOVILIZA PARA PATIOS FISCALIA NI SE RADICA EN URI;121;NO MANTENER DISTANCIA DE SEGURIDAD
296;2296;2/05/2024 14:43;HERIDOS;CHOQUE;OBJETO;-74,09178449;4,589869637;15;;1;HIPOTESIS 308 CON EL ARTICULO 101 LEY 769 DEL 2002 SE ACLARA QUE ES CHOQUE CON OBJETO FIJO CABLE DE FIBRA OPTICA Y ES DONDE RESULTA LESIONADO UN OPERADOR DE MOVISTAR REALIZADO COMO PEATON SUS  LABORES CON LA FIBRA OPTICA DONDE EL VEHICULO AL CRUZAR SE LLEVO EL CABLE DONDE NO ESTABA SEÑALIZADO EN LA ;157;OTRA HIPÓTESIS (CONDUCTOR)
297;2297;2/05/2024 12:50;HERIDOS;CHOQUE;VEHICULO;-74,15436469;4,616809609;8;;1;SE HACE CORRECCION DEL N DE CEDULA DEL CONDUCTOR DEL VH2 CC 5993129;121;NO MANTENER DISTANCIA DE SEGURIDAD
298;2298;2/05/2024 9:27;HERIDOS;CHOQUE;VEHICULO;-74,08745113;4,630459431;13;;1;HIPOTESIS 301 PARA LA VIA N1 YA QUE EXISTE SEÑALES QUE LA SEÑAL SR01 PARE ESTUVO Y DESCONOCIENDO LAS RAZONES YA NO EXISTE FAMILIARES LESIONADOS MANIESTAN NO INTERPONER QUERELLA EN EL MOMENTO ANTE FISCALIA  CIRCULAR N 001 DEL 25052017 ;301;AUSENCIA TOTAL O PARCIAL DE SEÑALES
299;2299;2/05/2024 8:19;HERIDOS;ATROPELLO;;-74,0879405;4,502035966;5;;2;SE CORRIGE CASILLA N 81 HOSPITAL O CLINICA DE ATENCION CLINICA SANTA JULIANA Y DESCRIPCION DE LESIONES TRAUMA CERVICAL Y QUE LA CONDUCTORA DECIDE Y REQUIERE ATENCION Y TRASLADO MEDICO SE REALIZA ORDEN DE COMPARENDO N 42333799;104;ADELANTAR INVADIENDO CARRIL DE SENTIDO CONTRARIO
300;2300;2/05/2024 8:17;HERIDOS;ATROPELLO;;-74,14498403;4,538987631;19;;3;NO SE DIBUJA L MOTOCICLETA YA QUE FUE MOVIDA DE SU POSICION FINAL;104;ADELANTAR INVADIENDO CARRIL DE SENTIDO CONTRARIO
301;2301;2/05/2024 7:09;HERIDOS;CHOQUE;VEHICULO;-74,16693204;4,587258978;19;;4;CORRECCION CASILLA V2 PLACA KWX66D CORRECCION V3 CASILLA 82 CANTIDAD DE ACOMPAÑANTES 00;112;DESOBEDECER SEÑALES O NORMAS DE TRANSITO
302;2302;2/05/2024 7:06;HERIDOS;CHOQUE;VEHICULO;-74,07319348;4,62272046;13;;3;CORRIJO HIPOTESIS ES 121 PARA EL VH2;121;NO MANTENER DISTANCIA DE SEGURIDAD