CODIGO_ACCIDENTE;FORMULARIO;FECHA;GRAVEDAD;CLASE;CHOQUE;LONGITUD;LATITUD;CODIGO_LOCALIDAD;TOTAL_MUERTOS;TOTAL_HERIDOS;TEXTO_OBSERVACIONES;CODIGO_CAUSA;DESCRIPCION
303;2303;2/05/2024 6:40;HERIDOS;CHOQUE;VEHICULO;-74,05050529;4,724848515;1;;1;ES DE ANOTAR QUE SE LE EXPLICA A LAS PARTES QUE TIENEN 6 MESES PARA QUERELLAR Y PONER EL CASO EN FISCALIA POR RESOLUCION 01670 Y 03922 DE 2016 Y CIRCULAR 001 DEL 25 05 2017 YA QUE NO DESEAN INSTAURAR DENUNCIA EN EL MOMENTO;121;NO MANTENER DISTANCIA DE SEGURIDAD
304;2304;2/05/2024 6:35;HERIDOS;CHOQUE;VEHICULO;-74,11818815;4,707208542;10;;3;SE ACLARA CASILLA  6 5 CONDICION CLIMATICA POR LLUVIA;112;DESOBEDECER SEÑALES O NORMAS DE TRANSITO
305;2305;2/05/2024 6:30;HERIDOS;ATROPELLO;;-74,03801409;4,730901717;1;;1;ES DE ANOTAR QUE EL PEATON IBA EN COMPAÑIA DE UN CANINO DE RAZA PASTOR AUSTRALIANO DE 6 MESES CON EL NOMBRE DE SHADOW EL CUAL MUERE POR EL ACCIDENTE ;157;OTRA HIPÓTESIS (CONDUCTOR)
306;2306;2/05/2024 6:00;HERIDOS;CHOQUE;VEHICULO;-74,17547025;4,596901187;7;;2;SE DEJA CONSTANCIA QUE LA ACOMPAÑANTE DE LA MOTOCICLETA TIENE 07 MESES DE GESTACION Y MANIFIESTA NO INTERPONER QUERELLA AL CONDUCTOR DEL BUS Y DESISTE DEL PROCEDIMIENTO DE LA POLICIA DE TRANSITO MEDIANTE UN VIDEO ;103;ADELANTAR CERRANDO
307;2307;2/05/2024 5:30;DANOS;CHOQUE;VEHICULO;-74,11973042;4,605402277;16;;;COMPARENDO N 42328451 INFRACCCION F POSITIVO GRADO 2;115;EMBRIAGUEZ O SUSTANCIAS ALUCINOGENAS
308;2308;2/05/2024 5:10;HERIDOS;CHOQUE;VEHICULO;-74,15296214;4,636212678;8;;1;HIPOTESIS 142 PARA LOS VH1 VH2 POR HACER CASO OMISO A LA SEÑAL ROJA DEL SEMAFORO AMBOS CONDUCTORES MANIFIESTAN NO HABERLO PASADO EN ROJO;142;SEMAFORO EN ROJO
309;2309;2/05/2024 4:20;HERIDOS;ATROPELLO;;-74,09748552;4,689168474;10;;2;SE DEJA CONSTANCIA QUE AL LLEGAR AL LUGAR DE LOS HECHOS NO SE UBICA EL VH Y SE LE INFORMA AL CONDUCTOR QUE DEBE TRAER EL VEHICULO PARA DEJARLO A DISPOSICION DE LA FISCALIA YA QUE ES MATERIAL PROBATORIO EN MATERIA DE INVESTIGACION EL CUAL SE NIEGA A TRAER EL VEHICULO AL LUGAR DE LOS HECHOS;157;OTRA HIPÓTESIS (CONDUCTOR)
310;2310;2/05/2024 1:45;HERIDOS;CHOQUE;VEHICULO;-74,16635465;4,62679241;8;;1;SE REALIZA ORDEN DE COMPARENDO N 42335495 POR LA INFRACCION C35 SE OBSERVA CAMARA DEL CAD EN EL LUGAR N 5518 LA CENTRAL DE RADIO MANIFIESTA QUE LA CAMARA NO FUNCIONA;157;OTRA HIPÓTESIS (CONDUCTOR)
311;2311;5/02/2024;HERIDOS;CHOQUE;VEHICULO;-74,11983344;4,678565385;9;;1;CONDUCTOR V1 NO DESEA QUERELLAR MANIFIESTA DIRIGIRSE POR SUS PROPIOS MEDIOS A LA CLINICA OCCIDENTE PARA SER VALORADO POR LESION EN RODILLA DERECHA  ;121;NO MANTENER DISTANCIA DE SEGURIDAD
312;2312;5/02/2024;HERIDOS;CHOQUE;VEHICULO;-74,11779911;4,556775689;18;;2;HORA OCURRECIA 0000;112;DESOBEDECER SEÑALES O NORMAS DE TRANSITO
313;2313;2/04/2024 23:20;HERIDOS;CHOQUE;OBJETO;-74,15368292;4,596435256;7;;10;SE CORRIGE 10 TOTAL DE VICTIMAS 09 PASAJEROS 01 CONDUCTOR 82 VEHICULO INMOVILIZADO EN PATIO DE LA FISCALIA ALAMOS ;157;OTRA HIPÓTESIS (CONDUCTOR)
314;2314;2/04/2024 23:00;HERIDOS;CAIDA;;-74,08481647;4,622372911;14;;1;NO SE DIAGRAMA VH1 TENIENDO EN CUENTA QUE NO SE HALLO EN VIA Y LA PASAJERA IBA A BORDO DENTRO DEL MISMO MANIFIESTA QUE EL BUS FRENO Y LAS DEMAS PERSONAS CAYERON SOBRE ELLA;157;OTRA HIPÓTESIS (CONDUCTOR)
315;2315;2/04/2024 21:00;DANOS;CHOQUE;VEHICULO;-74,09771351;4,606512648;16;;;INGRESO INFORMACION ACOMPAÑANTE VH2 JOSE ALEJANDRO SANCHEZ RODRIGUEZ TI 1222203666 NACIONALIDAD COLOMBIANA FECHA DE NACIMIENTO 05 01 2013 DE SEXO MASCULINO DIRECCION DE RESIDENCIA CALLE 133 N 157 34 CIUDAD BOGOTA TELEFONO 3012890340 ILESO RESOLUCION N 01670 Y 03922 DE 2016 Y LA CIRCULAR N 001 25 05 ;121;NO MANTENER DISTANCIA DE SEGURIDAD
316;2316;2/04/2024 18:56;HERIDOS;CHOQUE;VEHICULO;-74,07757414;4,572855934;4;;3;SE REALIZA ORDEN DE COMPARENDO 39593593 INFRACCION D01 AL CONDUCTOR VEHICULO N 2;139;IMPERICIA EN EL MANEJO
317;2317;2/04/2024 18:50;HERIDOS;CHOQUE;VEHICULO;-74,11781593;4,630793363;16;;2;SE DEJA CONSTANCIA QUE LOS DOS VEHICULOS FUERON MOVIDOS DEL LUGAR DE LA COLISION Y POR ESO NO SE DIAGRAMAN EN EL BOSQUEJO;103;ADELANTAR CERRANDO
318;2318;2/04/2024 17:10;HERIDOS;ATROPELLO;;-74,10932722;4,548845972;18;;2;HIPOTESIS PEATON 411 ART 58 CODIGO NACIONAL DE TRANSITO NUMERAL 4;157;OTRA HIPÓTESIS (CONDUCTOR)
319;2319;2/04/2024 16:02;DANOS;CHOQUE;OBJETO;-74,10342678;4,686464881;10;;;SE ACLARA Y CORRIGE CASILLA 5 1 CHOQUE CON OBJETO FIJO ES DE ANOTAR QUE LOS VEHICULOS 1 Y 3 SE ENCONTRABAN COMO OBJETOS FIJOS VEHICULOS ESTACIONADOS POR LO CUAL SE PRESENTAN RESPONSABLES DE LOS VEHICULOS SE REALIZA ORDEN DE COMPARENDO VH 2 42335667 POR EMBRIAGUEZ HIPOTESIS 115 SE ACLARA;115;EMBRIAGUEZ O SUSTANCIAS ALUCINOGENAS
320;2320;2/04/2024 15:30;HERIDOS;CHOQUE;VEHICULO;-74,19910467;4,605071848;7;;1;SE DEJA CONSTANCIA QUE EL CONDUCTOR N2 SE DA A LA FUGA ABANDONANDO EL VEHICULO EN SU POSICION FINAL DEL EVENTO SE DESCONOCE MOTIVOS POR EL CUAL SE RETIRA ;157;OTRA HIPÓTESIS (CONDUCTOR)
321;2321;2/04/2024 14:57;HERIDOS;CHOQUE;VEHICULO;-74,10320628;4,595528701;14;;2;CORRIJO FECHA DE NACIMIENTO DEL CONDUTOR N 2 SIENDO 04 05 2002 CORRIJO CASILLA 8 1 DEL CONDUCTOR VH1 HOSPITAL SANTA JULIANA LESIONES TRAUMA CERVICAL POR SINDROME DE LATIGAZO CASILLA 3 DIRECCION CRA 27A CON CALLE 8 SUR VH2 IDENTIFICACION 1001346983;103;ADELANTAR CERRANDO
322;2322;2/04/2024 6:57;HERIDOS;CHOQUE;VEHICULO;-74,09553531;4,722399106;11;;1;HIPOTESIS V2 157 VEHICULO SE DA A LA FUGA POR ESTABLECER MOTIVO SE REALIZA COMPARENDO CONDUCTOR V1 N 423355775 INFRACCION D01 NO OBTENER LICENCIA DE CONDUCCION NO SE DIAGRAMA VH2 POR FUGA ;157;OTRA HIPÓTESIS (CONDUCTOR)
323;2323;2/04/2024 6:00;HERIDOS;CHOQUE;OBJETO;-74,12169199;4,511847582;5;;3;SEGUN LO MANIFESTADO POR EL CUADRANTE 8 CAI AURORA NO SE LOGRO IDENTIFICAR AL CONDUCTOR DEL VEHICULO Y LOS LESIONADOS MANIFIESTAN QUE SE DIO A LA FUGA;157;OTRA HIPÓTESIS (CONDUCTOR)
324;2324;2/04/2024 3:20;HERIDOS;CHOQUE;VEHICULO;-74,15744144;4,58050005;19;;2;SE CORRIGE PROPIETARIO VH1 BLANCA NOELIA MEJIA LOPEZ CC 21920959;139;IMPERICIA EN EL MANEJO
325;2325;2/04/2024 2:53;HERIDOS;CHOQUE;VEHICULO;-74,12717071;4,711460417;10;;4;CORRIJO TOTAL DE HERIDOS 04;121;NO MANTENER DISTANCIA DE SEGURIDAD
326;2326;2/04/2024 1:00;HERIDOS;ATROPELLO;;-74,08942695;4,521163146;4;;3;ME PERMITO ACLARAR CASILLA N 3 1 SIENDO LA CORRECTA SAN CRISTOBAL;304;SUPERFICIE HUMEDA
327;2327;4/02/2024;HERIDOS;CHOQUE;VEHICULO;-74,15162616;4,571983713;19;;1;SE DEJA CONSTACIA QUE EL CASO SUCEDIO 2140 HORAS CALLE 62 CRA 41 A SUR AL LLEGAR AL LUGAR NO SE OBSERVA VEHICULOS EN VIA NI ACCIDENTE DE TRANSITO POR INFORMACION CUADRANTE 12 CAI CANDELARIA NOS INDICA QUE LOS VEHICULOS INVOLUCRADOS EN EL ACCIDENTE SE ENCUENTRAN EN CRA 24 62 B SUR AL LLEGAR LUGAR SE ;121;NO MANTENER DISTANCIA DE SEGURIDAD
328;2328;4/02/2024;DANOS;CHOQUE;VEHICULO;-74,1026495;4,601853129;16;;;CORRIJO CASILLA N 1 ORGANISMO DE TRANSITO DE BOGOTA;115;EMBRIAGUEZ O SUSTANCIAS ALUCINOGENAS
329;2329;4/02/2024;HERIDOS;CHOQUE;VEHICULO;-74,09338442;4,612289424;16;;1;SE CORRIGE CASILLA 65 CONDICION CLIMATICA LLUVIA EN EL LUGAR SE ENCUENTRA CAMARA DEL CAD 8521 EL CUAL LA MANIFIESTA QUE SE ENCUENTRA FUERA DE SERVICIO;103;ADELANTAR CERRANDO
330;2330;4/02/2024;DANOS;CHOQUE;VEHICULO;-74,14275901;4,566575823;19;;;CORRIJO CASILLA 86 RADIO DE ACCION VH1 SIENDO ESTE MUNICIPAL CORRIJO CASILLA 4 FECHA Y HORA SIENDO LA FECHA EL 04022024 NOTIFICACION ORDEN DE COMPARENDO N 42334593 COND VH2 POR INFRACCION D01 Y ORDEN DE COMPARENDO N 42334549 CONDUCTOR VH4 POR INFRACCION F GRADO 3;121;NO MANTENER DISTANCIA DE SEGURIDAD
331;2331;2/03/2024 23:10;HERIDOS;CHOQUE;VEHICULO;-74,0989205;4,690371427;10;;2;SE CORRIGE DIRECCION DEL EVENTO CALLE 72 CON CARRERA 76;157;OTRA HIPÓTESIS (CONDUCTOR)
332;2332;2/03/2024 20:40;HERIDOS;CHOQUE;VEHICULO;-74,1318367;4,629600871;8;;3;SE DEJA CONSTANCIA QUE EL VEHICULO N 2 FUE MOVIDO DE SU POSICION FINAL UBICANDOLO POR PARTE DEL CUADRANTE DE VIGILANCIA N 75 DEL CAI CASTILLA EN LA DIRECCION CALLE 6 CON CARRERA 78C;121;NO MANTENER DISTANCIA DE SEGURIDAD
333;2333;2/03/2024 19:15;DANOS;CHOQUE;VEHICULO;-74,09636607;4,670218895;10;;;CONDUCTOR V1 NO APORTA FECHA DE NCTO COMPARENDO POR EMBRIAGUEZ N 42335230 GRADO 2 CONDUCTORA V2 PRUEBA NEGATIVA DATOS CONDUCTOR V1 SACADOS DE LA APLICACION RUNT DE LA COMPARENDERA Y FAMILIARES QUE LLEGARON AL LUGAR;121;NO MANTENER DISTANCIA DE SEGURIDAD
334;2334;2/03/2024 19:10;HERIDOS;CHOQUE;VEHICULO;-74,09771619;4,713080118;10;;1;CORRIJO GRAVEDAD DEL CONDUCTOR DEL VEHICULO 1 NO HERIDO;157;OTRA HIPÓTESIS (CONDUCTOR)
335;2335;2/03/2024 19:05;HERIDOS;ATROPELLO;;-74,11155662;4,709113887;10;;2;AUXILIAR DE POLICIA QUIEN SE ENCONTRABA REALIZANDO MANEJOS DE TRAFICO;157;OTRA HIPÓTESIS (CONDUCTOR)
336;2336;2/03/2024 18:30;DANOS;CHOQUE;VEHICULO;-74,09727021;4,700252088;10;;;CONDUCTORES V1 Y V2 PRUEBA DE EMBRIAGUEZ NEGATIVO CONDUCTOR 3 POSITIVO N COMPARENDO 42335149 GRADO II Y ANEXO DE VEHICULO 06188 ACLARO DIRECCION CONDUCTOR V1 CALLE 46 C SUR  4 23 ESTE Y CELULAR 32270563741;115;EMBRIAGUEZ O SUSTANCIAS ALUCINOGENAS
337;2337;2/03/2024 18:20;HERIDOS;CHOQUE;VEHICULO;-74,13083342;4,568063363;6;;1;NO SE DIAGRAMA EL VEHICULO N 2 MOTOCICLETA YA QUE FUE MOVIDO DEL PUNTO DE IMPACTO O POSICION FINAL;143;PONER EN MARCHA UN VEHICULO SIN PRECAUCIONES
338;2338;2/03/2024 18:05;HERIDOS;CHOQUE;VEHICULO;-74,11975278;4,642920847;9;;3;CORRIJO HIPOTESIS SIENDO 112 Y 122 PARA VH1;112;DESOBEDECER SEÑALES O NORMAS DE TRANSITO
339;2339;2/03/2024 17:30;HERIDOS;ATROPELLO;;-74,12812805;4,568268264;6;;2;PEATON NO CRUZA POR LA INTERSECCION NI PASO SEGURO;157;OTRA HIPÓTESIS (CONDUCTOR)
340;2340;2/03/2024 16:46;HERIDOS;ATROPELLO;;-74,0862356;4,732815621;11;;5;COMPARENDO N 42334575 POR LA INFRACCION D01 AL CONDUCTOR DEL VH1;139;IMPERICIA EN EL MANEJO
341;2341;2/03/2024 16:00;HERIDOS;CHOQUE;VEHICULO;-74,13977399;4,543429127;19;;1;SE INMOVILIZA COMPARENDO N 42334531 ES DE ANOTAR QUE LOS OCUPANTES DEL VEHICULO AUTOMOVIL LUEGO DE PRESENTARSE EL ACCIDENTE SE DAN A LA FUGA DEJANDO EL VEHICULO ABANDONADO EL SEÑOR HANSEL VARGAS NO DESEO QUERELLAR O DENUNCIAR EL IGUAL NO DESEA TRASLADARSE A NINGUN CENTRO MEDICO EN EL MOMENTO;122;GIRAR BRUSCAMENTE
342;2342;2/03/2024 15:25;HERIDOS;CHOQUE;VEHICULO;-74,10268559;4,62735335;16;;2;SE CORRIGE HOSPITAL CONDUCTOR VH1 MEDICINA LEGAL SE CORRIGE SEXO CONDUCTOR VH2 MASCULINO;103;ADELANTAR CERRANDO
343;2343;2/03/2024 15:05;HERIDOS;CHOQUE;VEHICULO;-74,12235362;4,713130907;10;;1;SE CORRIGE EL NOMBRE DEL CONDUCTOR LUIS ALFONSO ORTIZ RODRIGUEZ CC 79109393 NO SE CONTINUA CON LAS DILIGENCIAS JUDICIALES YA QUE EL LESIONADO NO DESEA INTERPONER QUERELLA EN EL MOMENTO;122;GIRAR BRUSCAMENTE
344;2344;2/03/2024 15:01;HERIDOS;ATROPELLO;;-74,19381206;4,621607199;7;;2;SE NOTIFICAN ORDENES DE COMPARENDO DEL CONDUCTOR VH1  POR INFRACCION D01 NO HABER OBTENIDO LICENCIA DE CONDUCCION N COMPARENDO 42332236 Y C35 REVISION TECNOMECANICA N 42329123 VH1 NO SE DIAGRAMA MOVIDO DE POSICION FINAL;139;IMPERICIA EN EL MANEJO
345;2345;2/03/2024 14:23;HERIDOS;VOLVAMIENTO;;-74,08471269;4,757977946;11;;2;HIPOTESIS 157 EVENTO OCURRIDO MEDIANTE HURTO AL VH1 CASO CONOCIDO POR EL CUADRANTE 46 CAI PINAR A DISPOSICION DE FISCALIA POR EL DELITO DE HURTO COA PERSONA CAPTURADA PEATON HERIDO CON OCACION AL HURTO DEL VEHICULÑO TODA VEZ QUE EL PEATON ERA QUIEN CUIDABA EL VEHICULO;157;OTRA HIPÓTESIS (CONDUCTOR)
346;2346;2/03/2024 13:30;HERIDOS;CHOQUE;VEHICULO;-74,11305843;4,496082731;5;;1;VEHICULO NUMERO 2 CORRESPONDE A UNA BICICLETA SIN MARCA COLOR NEGRO ROJO CON NUMERO DE MARCO PL3209465;112;DESOBEDECER SEÑALES O NORMAS DE TRANSITO
347;2347;2/03/2024 13:25;HERIDOS;CHOQUE;VEHICULO;-74,03914138;4,761963549;1;;3;SE CORRIJE CASILLA 72 UTILIZACION DOBLE SE CODIFICAN LOS DOS VEHICULOS CON LA 112 YA QUE EL VH1 TIENE SEÑAL VERTICAL DE PARE Y EL VH2 LINEA DE PARE ART 157 POR NO REDUCIR LA VELOCIDAD  EN INTERSECCION ;112;DESOBEDECER SEÑALES O NORMAS DE TRANSITO
348;2348;2/03/2024 13:16;HERIDOS;CHOQUE;VEHICULO;-74,10595911;4,591073002;15;;2;NO SE DEJA A DISPOSICION DE AUTORIDAD COMPETENTE YA QUE LOS LESIONADOS NO DESEAN INTERPONER QUERELLA ;121;NO MANTENER DISTANCIA DE SEGURIDAD
349;2349;2/03/2024 12:49;HERIDOS;CHOQUE;VEHICULO;-74,06095603;4,664029925;2;;2;CORRIJO DISEÑO VIAL ES INTERSECCION;103;ADELANTAR CERRANDO
350;2350;2/03/2024 11:40;DANOS;CHOQUE;VEHICULO;-74,0972401;4,60786546;16;;;COMPARENDO PARA CONDUCTOR N 1 INFRACCION F 00 NUMERO 42333569 POSITIVO GRADO 3;121;NO MANTENER DISTANCIA DE SEGURIDAD
351;2351;2/03/2024 11:10;HERIDOS;CHOQUE;VEHICULO;-74,06353948;4,649463181;2;;2;SE ACLARA ES FECHA EXPEDICION DE LICENCIA DEL VEHICULO N 2 POR ESTABLECER QUIEN OMITE SEÑAL DE SEMAFORO EN ROJO;142;SEMAFORO EN ROJO
352;2352;2/03/2024 11:01;DANOS;CHOQUE;VEHICULO;-74,0723225;4,670051617;12;;;CORRIJO FECHA DE NACIMIENTO CONDUCTOR  VH2 02 12 1995 COMPARENDO N 42327289 POR LA INFRACCION F EMBRIAGUEZ POSITIVO CONDUCTOR VH 1;114;EMBRIAGUEZ APARENTE
353;2353;2/03/2024 7:25;HERIDOS;CHOQUE;VEHICULO;-74,14695132;4,644748898;8;;1;DEJO CONSTANCIA QUE LA CONDUCTORA VH2 LESIONADA MANIFESTO NO INTERPONER QUERELLA A PESAR DE LAS LESIONES SE LE DEJA PRESENTE QUE TIENE 6 MESES PARA HACERLO POR LO TANTO NO SE ABRE PROCESO ANTE FISCALIA;112;DESOBEDECER SEÑALES O NORMAS DE TRANSITO
354;2354;2/03/2024 6:44;HERIDOS;CHOQUE;VEHICULO;-74,093866;4,625538556;16;;2;SE CORRIGE PLACA VH1 CMW89E;157;OTRA HIPÓTESIS (CONDUCTOR)
355;2355;2/03/2024 5:00;HERIDOS;CHOQUE;VEHICULO;-74,11453766;4,597528143;16;;2;CORRIJE CASILLA 7 7 LA CORRECTA ES HUMEDA;142;SEMAFORO EN ROJO
356;2356;3/02/2024;HERIDOS;CHOQUE;OBJETO;-74,13830045;4,623491885;8;;1;VEHICULO N 1 IMPACTA INMUEBLE EN LA AV BOYACA N 02 08 ESQUINA RAZON SOCIAL DEPOSITO Y FERRETERIA DIMACOL DE PROPIEDAD SEÑOR ARNULFO PEÑA LOS DAÑOS CAUSADOS SON CORTINA ENTRADA PRINCICPAL REJA DE SEGURIDAD VICTRINA BLOQUES 100 TOLOS LOS ELEMENTOS MENSIONADOS SON DAÑOS;122;GIRAR BRUSCAMENTE
357;2357;2/02/2024 23:30;HERIDOS;CHOQUE;VEHICULO;-74,1717181;4,637310239;8;;1;CONDUCTOR N 2 JONATHAN FABIAN BARRAGAN CASALLAS CC 1015424154 FECHA DE NACIMIENTO 15051991 FAMILIARES Y VICTIMAS MANIFIESTAN NO INTERPONER QUERELLA EN EL MOMENTO CIRCULAR N 001 DEL 25052017;157;OTRA HIPÓTESIS (CONDUCTOR)
358;2358;2/02/2024 22:30;MUERTOS;CHOQUE;;-74,08732263;4,739450983;11;1;;SE CORRIGE CASILLA 7 1 CARACTERISTICAS DE LA VIA ES RECTA Y CASILLA 7 5 SUPERFICIE DE LA VIA CONCRETO ILUMINACION DEFICIENTE AL LLEGAR AL LUGAR DE LOS HECHOS SE OBSERVAN PERSONAS MANIPULANDO LA MOTOCILETA Y EL CUERPO SE DEJA CONSTANCIA QUE FUNCIONARIOS DE LA AMBULANCIA DE N SDS 5722 POSEIA LOS DOCUM;157;OTRA HIPÓTESIS (CONDUCTOR)
359;2359;2/02/2024 21:36;HERIDOS;CHOQUE;VEHICULO;-74,09304915;4,564376337;4;;4;VH 1 CHOCA POR LA PARTE POSTERIOR AL VH 3 Y AL VH2 Y TERMINA CHOCANDO METROS ADELANTE CON EL POSTE DE ETB SIN NUMERO RESULTA CON DAÑOS SEÑAL VERTICAL SP 47;121;NO MANTENER DISTANCIA DE SEGURIDAD
360;2360;2/02/2024 20:40;HERIDOS;CHOQUE;VEHICULO;-74,04331294;4,748535734;1;;2;CORRIJO CASILLA 7 2 UTILIZACION DE VIA 2 ES UN SOLO SENTIDO Y CASILLA 7 9 LITERAL E EN VIA 1 NO HAY RESALTO EL NUMERO DE REVISION TECNOMECANICA DEL VEHICULO N 2 166966957 SE ACLARA QUE EL EVENTO OCURRIO A LAS 20 40 HORAS Y LA CENTRAL NOS ASIGNA EL CASO A LAS 00 21 HORAS LLEGANDO A LAS 00 49 HORAS;112;DESOBEDECER SEÑALES O NORMAS DE TRANSITO
361;2361;2/02/2024 20:04;HERIDOS;CHOQUE;VEHICULO;-74,12651909;4,682041603;9;;1;SE ACLARA QUE POR ERROR HUMANO ME EQUIVOCO EN LA FECHA EN LA CUAL ES 02 02 2024;104;ADELANTAR INVADIENDO CARRIL DE SENTIDO CONTRARIO
362;2362;2/02/2024 19:20;HERIDOS;CHOQUE;VEHICULO;-74,13829338;4,623484107;8;;3;SE DEJA CONSTANCIA QUE NINGUNO DE LOS TRES LESIONADOS DESEAN INTERPONER QUERELLA LLEGAN A UNA CONCICLIACION VOLUNTARIA POR LA SUMA DE 500000 MIL PESOS SE LES EXPLICA TIENEN 6 MESES PARA INTERPONER QUERELLA SI DESEAN;139;IMPERICIA EN EL MANEJO
363;2363;2/02/2024 17:40;HERIDOS;CHOQUE;VEHICULO;-74,12105262;4,721846497;10;;2;SE REALIZA COMPARENDO N 42333317;139;IMPERICIA EN EL MANEJO
364;2364;2/02/2024 17:08;HERIDOS;ATROPELLO;;-74,05057783;4,679430064;2;;2;HIPOTESIS PEATON 411 ART 59 CODIGO NACIONAL DE TRANSITO LEY 769 DE 2002;157;OTRA HIPÓTESIS (CONDUCTOR)
365;2365;2/02/2024 15:50;HERIDOS;CHOQUE;VEHICULO;-74,0955241;4,745710846;11;;4;CORRIJO CASILLA N81 CONDUCTOR VH1 TRASLADADO PARA HOSPITAL CLINICA LA COLINA AMB7014 DESCRIPCION LESIONES TRAUMA CRANEOCEFALICO LEVE TRAUMA CERVICAL CORRIJO CASILLA N 10 TOTAL DE VICTIMAS ACOMPAÑANTE 02 CONDUCTORES  03  TOTAL DE HERIDOS 05;121;NO MANTENER DISTANCIA DE SEGURIDAD
366;2366;2/02/2024 15:31;HERIDOS;CHOQUE;VEHICULO;-74,0730278;4,627424807;13;;2;NUMERO DE COMPARENDO 39614671 POR LA INFRACCION B02 SE ENTREGA COPIA  ACLARO RESPONSABILIDAD EXTRACONTRACTUAL 02131101009742 ANEXO COMPARENDO N 39614902 POR F PRUEBA DE MEDICINA LEGAL POR TOXICOLOGIA;142;SEMAFORO EN ROJO
367;2367;2/02/2024 15:10;HERIDOS;CHOQUE;VEHICULO;-74,06246855;4,741320044;11;;1;SE DEJA CONSTANCIA QUE EL CONDUCTOR DE LA MOTOCICLETA MANIFIESTA QUE NO VIO LOS BORDILLOS Y AL COGERLO PIERDE EL CONTROL Y COLICIONA CON EL CAMION SE DEJA CONSTANCIA QUE EL SEÑOR LESIONADO MANIFESTO LIBRE Y VOLUNTARIAMENTE QUE NO DESEA QUERELLAR Y LLEGAN AUN ACUERDO ENTRE LAS PARTES;157;OTRA HIPÓTESIS (CONDUCTOR)
368;2368;2/02/2024 14:10;HERIDOS;CHOQUE;VEHICULO;-74,10363729;4,691407179;10;;4;CORRIJO DOCUMENTO DE LA VICTIMA DEL ANEXO 1456 EL CUAL ES REGISTRO CIVIL;112;DESOBEDECER SEÑALES O NORMAS DE TRANSITO
369;2369;2/02/2024 14:04;HERIDOS;CHOQUE;VEHICULO;-74,17260762;4,572736229;19;;1;SE CORRIGE VH2 LUW12G NO SE DIAGRAMA EL VH2 YA QUE FUE MOVIDO DEL PUNTO DE IMPACTO O POSICION FINAL;132;NO RESPETAR PRELACION
370;2370;2/02/2024 13:09;HERIDOS;CHOQUE;VEHICULO;-74,0343195;4,68979401;1;;2;NO SE DIAGRAMAN LOS VEHICULOS YA QUE FUERON MOVIDOS DEL LUGAR DEL INCIDENTE INICIALMENTE LA CONDUCTORA DEL VEHICULO TRASLADA AL CICLISTA LESIONADO A LA CLINICA LA SABANA PERO ESTE REQUIERE UN TAC Y NO SE LO REALIZAN TAMPOCO PRUEBA DE EMBRIAGUEZ POR EL HOSPITAL NIEVEL 1;157;OTRA HIPÓTESIS (CONDUCTOR)
371;2371;2/02/2024 13:01;HERIDOS;ATROPELLO;;-74,02742671;4,736019881;1;;1;HIPOTESIS 411 PEATON NO HACER USO DE LOS SECTORES PEATONALES DEMARCADOS;157;OTRA HIPÓTESIS (CONDUCTOR)
372;2372;2/02/2024 10:21;HERIDOS;CHOQUE;VEHICULO;-74,11174975;4,627458824;16;;1;VERSION CONDUCTORA V1 UN TAXI LA CIERRA LA COLISIONA Y SE DA A LA FUGA DEL LUGAR DE LOS HECHOS;157;OTRA HIPÓTESIS (CONDUCTOR)
373;2373;2/02/2024 9:30;HERIDOS;ATROPELLO;;-74,17139915;4,678480813;9;;1;SE CORRIGE LA CASILLA 3 1 LOCALIDAD FONTIBON;157;OTRA HIPÓTESIS (CONDUCTOR)
374;2374;2/02/2024 8:21;HERIDOS;CHOQUE;VEHICULO;-74,17128857;4,596452027;7;;1;SE CORRIJE VEHICULO CODIFICADO EL CUAL QUEDA DE LA SIGUIENTE MANERA HIPOTESIS 103 PARA EL VEHICULO N2 CAMION;103;ADELANTAR CERRANDO
375;2375;2/02/2024 6:37;HERIDOS;CHOQUE;VEHICULO;-74,09841051;4,551669335;4;;3;CIUDADANOS LESIONADOS MANIFIESTAN LILBRE Y VOLUNTARIAMENTE NO INTERPONER QUERELLA DE IGUAL FORMA DEJO CONSTANCIA QUE INICIALMENTE SE PRODUCE UN CHOQUE Y EN EL DERRAPE ATROPELLAN LA CIUDADANA EN CALIDAD DE PEATON ;104;ADELANTAR INVADIENDO CARRIL DE SENTIDO CONTRARIO
376;2376;2/02/2024 3:31;HERIDOS;VOLVAMIENTO;;-74,0748534;4,722401292;11;;2;SE CORRIGE CASILLA 4 FECHA SIENDO LA CORRECTA 03 02 2024 CONDUCTORA MANIFIESTA QUE LA MOTOCICLETA SE APAGA PUES LA EMPRESA POR MEDIO DE GPS LA TERMINA DE PAGAR Y NO ALCANZARON A LLEGAR A LA RESIDENCIA NO SE INTERPONE QUERELLA YA QUE LA VICTIMA NO DESEA REALIZARLO EN CENTRA DE SU PAREJA  CIRCULAR 001;157;OTRA HIPÓTESIS (CONDUCTOR)
377;2377;2/02/2024 3:26;DANOS;CHOQUE;OBJETO;-74,09246784;4,615736803;16;;;VEHICULO QUE CHOCA CON PASTA N 3002006 SERRANO GOMEZ EL CUAL SE ENCUENTRA ESTACIONADO A LA VUELTA DE L CUADRA POSITIVO GRADO II MEDICION 1 112 MG 100ML Y N2 114 MG 100ML ALCOHOSENSOR INTOXMETERS ASV XL N SERIAL 19399 MEDICION N 1865 Y 1866 COMPARENDO N 39538315;115;EMBRIAGUEZ O SUSTANCIAS ALUCINOGENAS