CODIGO_ACCIDENTE;FORMULARIO;FECHA;GRAVEDAD;CLASE;CHOQUE;LONGITUD;LATITUD;CODIGO_LOCALIDAD;TOTAL_MUERTOS;TOTAL_HERIDOS;TEXTO_OBSERVACIONES;CODIGO_CAUSA;DESCRIPCION
378;2378;2/02/2024 2:02;HERIDOS;CHOQUE;VEHICULO;-74,13669319;4,537739815;19;;2;EL VH2 NO SE DIAGRAMA YA QUE FUE MOVIDO DE SU POSICION FINAL;127;TRANSITAR EN CONTRAVIA
379;2379;2/02/2024;MUERTOS;VOLVAMIENTO;;-74,081017;4,594825757;17;1;;SE CORRIGE CLASE DE ACCIDENTE VOLCAMIENTO LA CLASE DE VEHICULO N 2 ES CICLOMOTOR;114;EMBRIAGUEZ APARENTE
380;2380;2/01/2024 23:45;HERIDOS;CHOQUE;VEHICULO;-74,15314014;4,673574767;9;;1;LO MANIFESTADO POR LA CONDUCTORA N 1 LA CHOCA UNA MOTOCICLETA Y SE DA A LA FUGA NO DESEA INTERPONER QUERELLA RESOLUCION 01670 Y 03922 DE 2016 CIRCULAR 001 DE 2017 FISCALIA;157;OTRA HIPÓTESIS (CONDUCTOR)
381;2381;2/01/2024 21:10;HERIDOS;VOLVAMIENTO;;-74,11652652;4,567134255;18;;2;EN EL LUGAR NO SE ENCONTRABA LA MOTOCICLETA DONDE FUERON ACCIDENTADOS;157;OTRA HIPÓTESIS (CONDUCTOR)
382;2382;2/01/2024 19:45;HERIDOS;CHOQUE;VEHICULO;-74,13631561;4,648978689;8;;1;EL CASO NO SE RADICA EN FISCALIA YA QUE EL LESIONADO NO DESEA INTERPONER QUERELLA EN EL MOMENTO SEGUN LO ESTABLECIDO EN LA CIRCULAR 001 DEL 2017 CODIFICACION PARA CONDUCTOR N1 LA 112 SEÑAL DE TRANSITO SR 01 PARE;112;DESOBEDECER SEÑALES O NORMAS DE TRANSITO
383;2383;2/01/2024 16:10;HERIDOS;CHOQUE;VEHICULO;-74,16942443;4,694666068;9;;1;SE DEJA CONSTANCIA QUE NO SE FIJA TOPOGRAFICAMENTE EN MEDIDAS DEL PLANO CARTECIANO YA QUE FUE MOVIDA DE SU POSICION FINAL POR LA COMUNIDAD SE TOMO COMO PUNTO REFERENCIA POSTE LUZ;157;OTRA HIPÓTESIS (CONDUCTOR)
384;2384;2/01/2024 16:05;DANOS;CHOQUE;VEHICULO;-74,10473053;4,600286906;16;;;ANEXO 1 0042;121;NO MANTENER DISTANCIA DE SEGURIDAD
385;2385;2/01/2024 15:55;HERIDOS;ATROPELLO;;-74,1574858;4,645330482;8;;1;MOTOTRCICLO NO PORTA NUMERO DE MOTOR DE MARCO O CHASIS NI LINGA NINGUN DOCUMENTO QUE MUESTRE SU PROCEDENCIA CONDUCTOR MANIFESTO SER EL MISMO PROPIETARIO;127;TRANSITAR EN CONTRAVIA
386;2386;2/01/2024 15:30;HERIDOS;CHOQUE;VEHICULO;-74,19569436;4,624434163;7;;3;ACLARO FECHA DE NACIMIENTO CONDUCTOR N1 160601 ACLARO LICENCIA DE CONDUCCION V1 1005230257;127;TRANSITAR EN CONTRAVIA
387;2387;2/01/2024 15:01;DANOS;CHOQUE;VEHICULO;-74,09529294;4,650162271;13;;;SE REALIZA CORRECCION DATOS VH1 DATOS CONDUCTOR LITERAL 81 N LICENCIA CONDUCCION 1039084900 CATEGORIA B1 SIN RESTRICCION FECHA VENCIMIENTO 12012033 CODIGO TRANSITO MONTERIA;112;DESOBEDECER SEÑALES O NORMAS DE TRANSITO
388;2388;2/01/2024 12:57;HERIDOS;CHOQUE;VEHICULO;-74,08785029;4,610587118;14;;1;A QUIEN SE DEJA DE PRESENTE LO DISPUESTO POR PARTE DE LA FISCALIA EN LA RESOLUCION NUMERO 01670 Y 03922 DEL 2016 Y LA CIRCULAR 001 DE MANO DEL 2017 LIBRE Y EXPONTANEAMENTE A PASAJERA MANIFIESTA NO INTERPONER QUERELLA AL CONDUCTOR;506;OTRA HIPÓTESIS (PASAJERO O ACOMPAÑANTE)
389;2389;2/01/2024 12:40;HERIDOS;CHOQUE;VEHICULO;-74,07613196;4,608716615;3;;2;VH1 NO REQUIERE REVISION TECNOMECANICA ;142;SEMAFORO EN ROJO
390;2390;2/01/2024 11:28;MUERTOS;ATROPELLO;;-74,11985246;4,554317797;18;1;1;411 ART 59 NO ESTAR ACOMPAÑADA POR UN ADULTO RESPONSABLE SE CORRIJE LOCALIDAD RAFAEL URIBE URIBE SE CORRIGE CASILLA 8 LESIONES TRAUMA EM HOMBRO Y BRAZO IZQUIERDO TRAUMA EN REJA IZQUIERDA TRASLADADOS PARA CLINICA SANTA JULIANA V1 ;112;DESOBEDECER SEÑALES O NORMAS DE TRANSITO
391;2391;2/01/2024 9:15;HERIDOS;CHOQUE;VEHICULO;-74,10282556;4,486015852;5;;2;NO SE RADICA EN FISCALIA DEBIDO A QUE LAS LESIONADAS MANIFESTARON SU DESEO DE NO INSTAURAR QUERELLA O DENUNCIA EN DONDE SE LE EXPLICA QUE TIENEN 6 MESES EN CONCORDANCIA A RESOLUCION 01670 Y 03922 DE 2016 CIRCULAR 001;142;SEMAFORO EN ROJO
392;2392;2/01/2024 9:00;HERIDOS;CHOQUE;VEHICULO;-74,10084072;4,670698874;10;;1;CORRIJO DATOS DE PROPIETARIO VEHICULO N 2 SIENDO JOSE ALVARO MOGOLLON RODRIGUEZ CC 19167772;142;SEMAFORO EN ROJO
393;2393;2/01/2024 8:10;HERIDOS;CHOQUE;VEHICULO;-74,08885784;4,600039226;14;;2;EL VEHICULO N2 ES UNA BICICLETA ELECTRICA;103;ADELANTAR CERRANDO
394;2394;2/01/2024 7:40;HERIDOS;CHOQUE;VEHICULO;-74,07322737;4,71570634;11;;2;EL SEGUNDO VEHICULO ES UNA PATINETA ELECTRICA ON SERIAL N 1421BAB520009C;121;NO MANTENER DISTANCIA DE SEGURIDAD
395;2395;2/01/2024 2:00;HERIDOS;CHOQUE;VEHICULO;-74,10583183;4,740300642;11;;2;CORRIJO 76 ESTADO DE LA VIA CON HUECOS TOTAL HERIDOS 02 SE REALIZAN LAS ORDENES DE COMPARENDO ASI VH1 CONDUCTOR POR LICENCIA DE CONDUCCION N 42329009 Y PARA EL CONDUCTOR DEL VH2 LICENCIA DE CONDUCCION D01 42330148 Y TECNOMECANICA C35 N 42329026;139;IMPERICIA EN EL MANEJO
396;2396;1/02/2024;HERIDOS;VOLVAMIENTO;;-74,12655969;4,569525143;6;;1;DATOS OBTENIDOS DE LA MOTOCICLETA SON SUMINISTRADOS POR EL DISPOSITIVO COMPARENDERA SE INMOVILIZA L MOTOCICLETA YA QUE NO PRESENTA NI FISICA NI VIRTUAL LICENCIA DE TRANSITO N COMPARENDO;157;OTRA HIPÓTESIS (CONDUCTOR)
397;2397;1/31/2024 10:24 PM;DANOS;CHOQUE;VEHICULO;-74,07313985;4,647642729;13;;;SE REALIZA PRUEBA DE TAMIZAJE AMBOS CONDUCTORES RESULTADO NEGATIVO;142;SEMAFORO EN ROJO
398;2398;1/31/2024 8:58 PM;HERIDOS;CHOQUE;VEHICULO;-74,19278831;4,624444371;7;;3;VICTIMA N 1 DYLAN SANTIAGO TIPO DE IDENTIFICACION T I 1012350815 SEÑALIZAN ORDEN DE COMPARENDO N 42318296 42323434 Y 42330036N AL VEHICULO N 1 VEHICULO N CLASE MICROBUS PARTICULAR;157;OTRA HIPÓTESIS (CONDUCTOR)
399;2399;1/31/2024 8:00 PM;HERIDOS;CHOQUE;VEHICULO;-74,06602123;4,617608424;3;;2;SE CORRIGE CASILLA 7 4 DE LA VIA 1 TRES CARRILES FECHA DE NACIMIENTO CONDUCTOR VH1 05 11 1976 SE CORRIGE NOMBRE DEL CONDUCTOR VH2 ARMANDO BALLESTEROS RINCON;142;SEMAFORO EN ROJO
400;2400;1/31/2024 7:50 PM;HERIDOS;CHOQUE;VEHICULO;-74,1453955;4,668775065;9;;2;N DE DOCUMENTO DEL MENOR TI 1016032520 SE PRESENTA EL PADRE DEL MENOR DE EDAD LUIS ALBERTO GUZMAN PEÑUELA CC 5827059 MANIFIESTADE FORMA LIBRE Y SIN COACION ALGUNA NO QUERER QUERELLAR EN EL MOMENTO CIRCULAR 001 DEL 25 DE MAYO DEL 2017 Y EL SEÑOR LUIS FERNANDO MOLINA GUEPENDO ;132;NO RESPETAR PRELACION
401;2401;1/31/2024 7:10 PM;HERIDOS;CHOQUE;VEHICULO;-74,14865939;4,66691468;9;;1;LA SEÑORA MORENO OLIVOS MARIANA EN COMPAÑIA DE SU ESPOSO MANIFIESTAN NO DESEAR INTERPONER QUERELLA AL CONDUCTOR VH1 RESOLUCIONES 01670 Y 03922 DE 2016 CIRCULAR 001 DE 2017;142;SEMAFORO EN ROJO
402;2402;1/31/2024 6:50 PM;HERIDOS;CHOQUE;VEHICULO;-74,06508223;4,640190229;2;;4;TARJETA DE OPERACION DEL VH1 1938719;121;NO MANTENER DISTANCIA DE SEGURIDAD
403;2403;1/31/2024 6:27 PM;HERIDOS;CHOQUE;VEHICULO;-74,06745502;4,625966912;3;;2;SE REALIZA ORDEN DE COMPARENDO A CONDUCTORA DEL VH2 POR INFRACCION B02 N 42329701;112;DESOBEDECER SEÑALES O NORMAS DE TRANSITO
404;2404;1/31/2024 5:10 PM;HERIDOS;CHOQUE;VEHICULO;-74,16694486;4,639754967;8;;1;NO SE OBSERVA IMPACTOS NI RASTROS DE PINTURA EN NINGUNO DE LOS DOS VEHICULOS PERO EL CICLISTA MANIFIESTA QUE EL VEHICULO CAMION LO TOCA Y EL PIERDE EL CONTROL SE ACLARA LA CASILLA N 5 CLASE DEL ACCIDENTE CHOQUE;157;OTRA HIPÓTESIS (CONDUCTOR)
405;2405;1/31/2024 5:00 PM;HERIDOS;CAIDA;;-74,03239757;4,717660394;1;;1;CORRIJO CASILLA 82 LICENCIA DE TRANSITO NUMERO 10024485044;119;FRENAR BRUSCAMENTE
406;2406;1/31/2024 4:20 PM;HERIDOS;CHOQUE;VEHICULO;-74,12543389;4,57927405;18;;3;NO SE REALIZA LA GRAFICA DE LOS VEHICULOS YA QUE FUERON MOVIDOS POR LA CIUDADANIA DE SU POSICION FINAL;157;OTRA HIPÓTESIS (CONDUCTOR)
407;2407;1/31/2024 3:00 PM;HERIDOS;CHOQUE;VEHICULO;-74,09275291;4,665589682;12;;2;CORRIJO Y ACLARO QUE SOLO HAY UN LESIONADO CONDUCTORA DE LA BICICLETA;157;OTRA HIPÓTESIS (CONDUCTOR)
408;2408;1/31/2024 11:40 AM;HERIDOS;CHOQUE;VEHICULO;-74,11014337;4,662379742;9;;1;SE DEJA CONSTANCIA QUE EL SEÑOR DAVID QUINTERO DE MANERA VOLUNTARIA Y ESPONTANEA NO REQUIERE NINGUN PROCEDIMIENTO DE TRANSITO QUE EL SABE QUE FUE CULPABLE Y NO DESEA FIRMAR QUERELLA NI NINGUN DOCUMENTO DEBIDO A QUE PARA DESCARTAR LESIONES SE RETIRA EL IPAT Y QUE LOS DAÑOS SE HACE CARGO CADA CONDUCTO;121;NO MANTENER DISTANCIA DE SEGURIDAD
409;2409;1/31/2024 8:48 AM;HERIDOS;CHOQUE;VEHICULO;-74,11239938;4,615639344;16;;2;VEHICULO 2 NO SE DIAGRAMA YA QUE FUE MOVIDO DE SU POSICION FINAL ANEXO ORDEN DE COMAPRENDO N 42323926 POR LA INFRACCION B02 AL CONDUCTOR VH2;103;ADELANTAR CERRANDO
410;2410;1/31/2024 8:00 AM;HERIDOS;ATROPELLO;;-74,08770789;4,729714869;11;;4;CORRIJO EL VEHICULO N 1 NO LE APLICA LA REVISION TECNICO MECANICA POR ESTABLECER QUIEN OMITE LUZ DE SEMAFORO ROJO;142;SEMAFORO EN ROJO
411;2411;1/31/2024 7:40 AM;HERIDOS;CHOQUE;VEHICULO;-74,19423012;4,640495502;7;;1;ACCIDENTE DE TRANSITO CLASE CHOQUE CON VEHICULO EN LA LOCALIDAD DE BOSA SE CONOCE SIN QUERELLA BAJO LA RESOLUCION 0167003922 DEL 2016 Y LA CIRCULAR 001 DEL 25 DE MAYO DEL 2017 SE REALIZA INFORME A001607754 CONDUCTOR NO DESEA QURELLAR MOTOCICLETA ;112;DESOBEDECER SEÑALES O NORMAS DE TRANSITO
412;2412;1/31/2024 7:20 AM;HERIDOS;CHOQUE;VEHICULO;-74,1502047;4,563033407;19;;4;SE ANEXA COMPARENDO N 39585400 POR LA INFRACCION D01 PARA EL CONDUCTOR DEL VEHICULO N 2;112;DESOBEDECER SEÑALES O NORMAS DE TRANSITO
413;2413;1/31/2024 6:40 AM;HERIDOS;CHOQUE;VEHICULO;-74,18469839;4,599355777;7;;2;NO SE DIAGRAMAN LOS VEHICULOS YA QUE FUERON MOVIDOS DE LA POSICION FINAL SE CONOCE SIN QUERELLA BAJO LA RESOLUCION 01670 03922 DEL 2016 Y LA CIRCULAR 001 DEL 25 DE MAYO DEL 2017;103;ADELANTAR CERRANDO
414;2414;1/31/2024 1:50 AM;HERIDOS;CHOQUE;VEHICULO;-74,07244394;4,609034524;3;;2;HIPOTESIS 142 POR ESTABLECER QUIEN OMITE LA SEÑAL DE SEMAFORO EN ROJO SE ACLARA QUE EL SINIESTRO VIAL SE OCASIONA EN LA DIRECCION CARRERA 10 CON CALLE 22 Y POSTERIOR A ESO POR RAZONES EL CUAL SE DESCONOCE TERMINA DETENIENDO LA MARCHA DE LOS VEHICULOS EN LA CARRERA 13 CON CALLE 20;142;SEMAFORO EN ROJO
415;2415;31/01/2024;DANOS;CHOQUE;VEHICULO;-74,11111262;4,69964625;10;;;VH2 NO SE DIAGRAMA YA QUE SE DA A LA FUGA DANDOLE ALCANCE EN LA AV CALLE 72 CARRERA 95 SIN PERDIDA DE VISTA PERTENECE AL SINIESTRO VIAL SE REQUIERE VEHICULO DE PLACAS GLS788 IDENTIFICADO COMO CONDUCTOR EL SEÑOR JUAN DAVID RANGEL SUAREZ CC 1014186593 QUIEN SE REALIZA LA PRUEBA DE ALCOHOLEMIA RESULTA ;105;ADELANTAR EN ZONA PROHIBIDA
416;2416;1/30/2024 11:55 PM;HERIDOS;CHOQUE;VEHICULO;-74,12476395;4,717385925;10;;2;SE CORRIGE CASILLA N 9 YA QUE LA FEMENINA FALLECE POR IMPACTO POR ARMA DE FUEGO POSTERIOR A LA COLISION ENTRE LOS C2 VH EL TAXI SALE IMPACTADO CONTRA LA VIVIENDA DE NOMENCLATURA CL 77 CON KR 112 ESQUINA OCASIONANDO DAÑO AL INMUEBLE PERSONA FALLECE NO HAY DOCUMENTOS DEL VH2 SE CONSULTA RUNT Y NO ES P;112;DESOBEDECER SEÑALES O NORMAS DE TRANSITO
417;2417;1/30/2024 11:24 PM;HERIDOS;CHOQUE;VEHICULO;-74,06072416;4,619463665;3;;2;CASILLA 81 SE CORRIGE NO POSEE LICENCIA DE CONDUCCION NO SE GRAFICA V DEBIDO A QUE FUE MOVIDO DE SU POSICION FINAL SE REALIZA OCN 42315081 PLACA RBZ02G OCN 42315082 PLACA VEG43G;139;IMPERICIA EN EL MANEJO
418;2418;1/30/2024 11:15 PM;HERIDOS;CHOQUE;VEHICULO;-74,12341419;4,618658701;16;;1;RADIO DE ACCION VH1 MUNICIPAL NO SE DIAGRAMA VH2 YA QUE FUE MOVIDO DE SU POSICION FINAL;114;EMBRIAGUEZ APARENTE
419;2419;1/30/2024 9:55 PM;HERIDOS;ATROPELLO;;-74,13067895;4,57678245;6;;2;CIUDADANA EN CALIDAD DE PEATON MANIFIESTA LIBRE Y VOLUNTARIAMENTE NO INTERPONER QUERELLA EN EL MOMENTO SE NOTIFICA ORDEN DE COMPARENDO N 39615670 INFRACCION C35;157;OTRA HIPÓTESIS (CONDUCTOR)
420;2420;1/30/2024 9:00 PM;HERIDOS;CHOQUE;VEHICULO;-74,10445738;4,654552091;9;;1;SE CORRIGE NUMERO DE CEDULA DE DANNA VALENTINA CC 1000860701;103;ADELANTAR CERRANDO
421;2421;1/30/2024 8:40 PM;DANOS;CHOQUE;OBJETO;-74,06443461;4,617142457;3;;;EL CONDUCTOR DEL VH1 MANIFIESTA QUE SE LE ATRAIEZA UN PEATON PERDIENDO EL CONTROL DEL VEHICULO Y IMPACTANDO CON OBJETO FIJO POSTE DE ENERGIA DE CODENSA N 5042750 Y LAMPARA N 2140432 ;157;OTRA HIPÓTESIS (CONDUCTOR)
422;2422;1/30/2024 7:00 PM;HERIDOS;CHOQUE;VEHICULO;-74,03182674;4,737215712;1;;2;LOS VEHICULOS FUERON MOVIDOS ;157;OTRA HIPÓTESIS (CONDUCTOR)
423;2423;1/30/2024 5:20 PM;HERIDOS;CHOQUE;VEHICULO;-74,07903728;4,654050818;12;;2;ES DE ANOTAR QUE EL CONDUCTOR DEL VEHICULO N2 NO PORTABA LOS ELEMENTOS DE SEGURIDAD Y PROTECCION 157 NO ESTAR PEDIENTES A LO DEMAS ACTORES VIALES;157;OTRA HIPÓTESIS (CONDUCTOR)
424;2424;1/30/2024 5:07 PM;HERIDOS;ATROPELLO;;-74,0926245;4,541777484;4;;1;HIPOTESIS PEATON 404 CAMINAR POR LA ZONA DECLINADA PARA EL TRANSITO DE VEHICULOS EN EL INCUMPLIMIENTO DE ARTICULO 57 58 59 DEL CNT SE REALIZA COMPARENDO POR LA D02 42327715 POR LA C35 N COMPARENDO 42327715 Y PARA B02 N COMPARENDO 42327734 LICENCIA VENCIDA;157;OTRA HIPÓTESIS (CONDUCTOR)
425;2425;1/30/2024 5:00 PM;HERIDOS;ATROPELLO;;-74,07250147;4,600950802;17;;1;LA PEATON NO INTERPONE QUERELLA CIRCULAR 001 DEL 25 05 2017 NO SE INMOVILIZA LA BICICLETA SE EXPLICA A LAS PARTES EL PROCEDIMIENTO A SEGUIR AL LUGAR LLEGA MAMA DEL CICLISTA HACIENDOSE RESPONSABLE DE EL YESSIKA VANESSA BONETH CC 52778067;127;TRANSITAR EN CONTRAVIA
426;2426;1/30/2024 4:10 PM;HERIDOS;CHOQUE;VEHICULO;-74,09318447;4,697610968;10;;1;CORRIJO CASILLA N 8 EL VENCIMIENTO DE LA LICENCIA DE CONDUCCION DEL CONDUCTOR N2 ES 10012024 Y LA CATEGORIA DE LA LICENCIA DE CONDUCCION DEL CONDUCTOR N1 ES B1;142;SEMAFORO EN ROJO
427;2427;1/30/2024 4:00 PM;HERIDOS;CHOQUE;VEHICULO;-74,10148396;4,71931482;10;;2;PLACA VEHICULO N 1 LQS526 ;127;TRANSITAR EN CONTRAVIA
428;2428;1/30/2024 3:10 PM;HERIDOS;CHOQUE;VEHICULO;-74,09107139;4,628181635;13;;1;SE ACLARA HORA OCURRENCIA 1510;122;GIRAR BRUSCAMENTE
429;2429;1/30/2024 2:10 PM;HERIDOS;CHOQUE;VEHICULO;-74,10439465;4,589985572;15;;3;ANEXO VEHICULO 03849;121;NO MANTENER DISTANCIA DE SEGURIDAD
430;2430;1/30/2024 1:50 PM;HERIDOS;CHOQUE;VEHICULO;-74,13638145;4,672155822;9;;1;SE DEJA CONSTANCIA QUE SE ESCUCHAN LAS DOS VERSIONES DE LOS CONDUCTORES EL CUAL MANIFIESTA EL CONDUCTOR BICICLETA QUE IBA PASANDO CUANDO FUE ARROLLADO EL SIP BUS QUE EL ARRANCO Y NO LO OBSERVO CHOQUE ENTRE BUS T BICICLETA N MARCO JK754507529;143;PONER EN MARCHA UN VEHICULO SIN PRECAUCIONES
431;2431;1/30/2024 1:44 PM;HERIDOS;CHOQUE;VEHICULO;-74,07273386;4,602585691;3;;1;NO SE DIAGRAMA EL VH2 PORQUE FUE MOVIDO DEL LUGAR POR ERROR INVOLUNTARIO PUSE CARRERA 7 SIENDO LA CONECTANTE DE LA CALLE 16 SE DEJA CONSTANCIA QUE LA LICENCIA DE TRANSITO DEL VH1 ES NIT 899999061;112;DESOBEDECER SEÑALES O NORMAS DE TRANSITO
432;2432;1/30/2024 1:30 PM;HERIDOS;CHOQUE;VEHICULO;-74,11844235;4,607680983;16;;1;CORRIJO CASILLA 82 V2 RESPONSABILIDAD CONTRACTUAL VENCIMIENTO 20112024 CORRIJO CASILLA 82 V3 MULTICOLOR ANEXO CONDUCTOR 1624 SE DEJA CONSTANCIA CONDUCTOR VEHICULOS FUERON MOVIDOS DE SU POSICION FINAL CORRIJO CASILLA 11 HIPOTESIS 157 PARA V2 YA QUE VERSIONES NO COINCIDEN ;157;OTRA HIPÓTESIS (CONDUCTOR)
433;2433;1/30/2024 1:30 PM;HERIDOS;CHOQUE;VEHICULO;-74,17702497;4,625898986;8;;2;VH2 DE ENSEÑANZA CONDUCIDA POR APRENDIZ GUIADO POR EL INSTRUCTOR JHON EDISSON SAMACA CON LICENCIA DE CONDUCCION 1019126848 CATEGORIA A2 Y NUMERO DE LICENCIA DE INSTRUCTOR 51618 POR MINISTERIO DE TRANSPORTE ADSCRITO A LA EMPRESA DE ENSEÑANZA CEA CONDUCIENDO KENNEDY SAS ACLARO DOCUMENTO COND N2 TI SE ;102;ADELANTAR POR LA DERECHA
434;2434;1/30/2024 1:14 PM;HERIDOS;CHOQUE;VEHICULO;-74,1210575;4,641463767;9;;2;CORRIJO CONDUCTOR VH2 GERMAN ORLANDO URQUIJO CASTILLO DIRECCION DE DOMICILIO CL 65 F N 80 C SUR 52 APTO 301 FECHA DE NACIMIENTO 16 DE ABRIL DE 1968 ES DE ANOTAR QUE LA MOTOCICLETA Y EL AUTOMOVIL FUERON MOVIDOS DEL LUGAR DE LOS HECHOS ;157;OTRA HIPÓTESIS (CONDUCTOR)
435;2435;1/30/2024 10:28 AM;HERIDOS;CHOQUE;VEHICULO;-74,05461407;4,699947346;1;;1;EN LA TABLA DE MEDIDAS SE CORRIGE EL N1 EN X SIENDO LA MEDIDA 9 MTS;98;TRANSITAR ENTRE VEHICULOS
436;2436;1/30/2024 8:20 AM;DANOS;CHOQUE;VEHICULO;-74,06558943;4,671563807;12;;;CORRIJO LUGAR DEL IMPACTO DEL V2 LATERAL DERECHO V1 SALE PROPULSADO CONTRA CASA COMERCIAL AFECTANDO EL MURO DE UN JARDIN RESPONSABLE DE DICHA CASA LA SEÑORA VIVIAN JOHANA CONTRERAS OLAYA CC 52827859 DIRECTORA ADMINISTRATIVA DE LA CASA AFECTA AV CL 80 N 28A 05;103;ADELANTAR CERRANDO
437;2437;1/30/2024 7:47 AM;HERIDOS;CHOQUE;VEHICULO;-74,12320498;4,626680854;16;;2;NOTA NO SE DIAGRAMAN LOS VEHICULOS YA QUE FUERON MOVIDOS DEL LUGAR DEL ACCIDENTE;121;NO MANTENER DISTANCIA DE SEGURIDAD
438;2438;1/30/2024 7:10 AM;HERIDOS;CHOQUE;VEHICULO;-74,1363461;4,545308209;19;;1;ES DE NOTAR QUE SE DAN A CONOCER LOS DERECHOS QUE TIENE COMO VICTIMA EN ACCIDENTE DE TRANSITO AL SEÑOR MARLON LOZANO DE IGUAL FORMA NO ES SU DESEO INTERPONER DENUNCIA O QUERELLA EN CONTRA DEL CONDUCTOR DEL CAMION YA QUE ARREGLAN POR 200000 MIL PESOS ES TRASLADADO  A MEISSEN;122;GIRAR BRUSCAMENTE
439;2439;1/30/2024 6:40 AM;HERIDOS;CHOQUE;VEHICULO;-74,08470406;4,597210838;3;;1;NO SE DIAGRAMAN VEHICULOS YA QUE FUERON MOVIDOS DE LA POSICION FINAL;157;OTRA HIPÓTESIS (CONDUCTOR)
440;2440;30/01/2024;HERIDOS;CHOQUE;OBJETO;-74,16762065;4,595972483;7;;1;EL LESIONADO Y LOS FAMILIARES MANIFIESTAN NO REQUERIR NINGUN PROCEDIMIENTO DE TRANSITO SE REALIZA ORDEN DE COMPARENDO N 39618458 CODIGO DE INFRACCION D01 ;157;OTRA HIPÓTESIS (CONDUCTOR)
441;2441;1/29/2024 9:09 PM;HERIDOS;CHOQUE;VEHICULO;-74,17856992;4,59373785;19;;4;SE CORRIGE CASILLA 8 7 LUGAR DE IMPACTO DEL VEHICULO N 1 POSTERIOR DAÑOS PLACA POSTERIOR ANEXO VICTIMAS N 3222 EL VEHICULO N 2 NO SE ENCONTRABA EN EL LUGAR DEL ACCIDENTE;121;NO MANTENER DISTANCIA DE SEGURIDAD
442;2442;1/29/2024 8:20 PM;HERIDOS;ATROPELLO;;-74,11780082;4,522986475;5;;1;NO SE DIAGRAMA VEHICULO YA QUE LO MANIFESTADO POR EL PEATON FUE UNA POSIBLE MOTOCICLETA QUE SE DIO A LA FUGA;157;OTRA HIPÓTESIS (CONDUCTOR)
443;2443;1/29/2024 7:50 PM;HERIDOS;CHOQUE;VEHICULO;-74,12803259;4,697631142;10;;1;NO SE CONTINUA CON LAS DILLIGENCIAS JUDICIALES YA QUE EL LESIONADO NO DESEO INTERPONER QUERELLA EN EL MOMENTO LLEGANDO A UN ACUERDO CON EL CONDUCTOR DEL TAXI ;127;TRANSITAR EN CONTRAVIA
444;2444;1/29/2024 5:22 PM;HERIDOS;CAIDA;;-74,14147571;4,638720353;8;;1;CORRIJO CASILLA 9 DOCUMENTO TI 1028663736;157;OTRA HIPÓTESIS (CONDUCTOR)
445;2445;1/29/2024 2:47 PM;HERIDOS;ATROPELLO;;-74,07143652;4,589855902;17;;2;SE CORRIGE NUMERO DE DOCUMENTO CONDUCTOR VEHICULO N 1 CORRESPONDE 1002996979;142;SEMAFORO EN ROJO
446;2446;1/29/2024 2:40 PM;HERIDOS;CHOQUE;VEHICULO;-74,04892571;4,656224863;2;;2;VEHICULOS TRASLADADOS A PATIOS PARA DISPOSICION DE FISCALIA Y VICTIMAS TRASLADADAS POR MEDIO DE AMBULANCIA A CENTRO ASISTENCIAL;122;GIRAR BRUSCAMENTE
447;2447;1/29/2024 1:07 PM;HERIDOS;CHOQUE;VEHICULO;-74,09998265;4,563893121;4;;3;CORRIJO CEDULA 1023962756 CONDUCTOR VH4;121;NO MANTENER DISTANCIA DE SEGURIDAD
448;2448;1/29/2024 1:05 PM;HERIDOS;CHOQUE;VEHICULO;-74,03908333;4,686867058;1;;1;AL CONDUCTOR DEL VH1 SE REALIZAN LAS ORDENES DE COMPARENDO D01 N 42324930 C35 N 42321397;122;GIRAR BRUSCAMENTE
449;2449;1/29/2024 10:40 AM;DANOS;CHOQUE;VEHICULO;-74,10391042;4,626866745;16;;;CORRIJO FECHA DE VECIMIENTO DE SOAT 05122024 SE CONOCE CASO COMO CHOQUE LATAS YA QUE LOS LESIONADOS MANIFESTAN LIBRE Y VOLUNTARIAMENTE NO INTERPONER QUERELLA RESOLUCION 01670 Y 03922 DE 2016 CIRCULAR N 001 DEL 25052017 FISCALIA GENERAL DE LA NACION PASAJERO MARCOS GONZALEZ CC 80735384 LUZ CELY CC 53;121;NO MANTENER DISTANCIA DE SEGURIDAD
450;2450;1/29/2024 10:30 AM;HERIDOS;CHOQUE;VEHICULO;-74,05679203;4,711268691;11;;3;CLASE VEHICULO N 2 CICLOMOTOR  SE REALIZA ANEXO N2 VICTIMAS N 1722;112;DESOBEDECER SEÑALES O NORMAS DE TRANSITO
451;2451;1/29/2024 10:30 AM;HERIDOS;CAIDA;;-74,06037106;4,661020481;2;;1;CORRIJO CASILLA NUMERO 8 1 CLINICA DEL CONDUCTOR ES TRASLADO A MEDICINA LEGAL CORRIJO CASILLA 3 1 LOCALIDAD CHAPINERO;122;GIRAR BRUSCAMENTE