CODIGO_ACCIDENTE;FORMULARIO;FECHA;GRAVEDAD;CLASE;CHOQUE;LONGITUD;LATITUD;CODIGO_LOCALIDAD;TOTAL_MUERTOS;TOTAL_HERIDOS;TEXTO_OBSERVACIONES;CODIGO_CAUSA;DESCRIPCION
452;2452;1/29/2024 10:08 AM;HERIDOS;CHOQUE;VEHICULO;-74,07162501;4,655488108;12;;2;NO DESEAN FIRMAR QUERELLA SE LES EXPLICA QUE TIENEN 6 MESES PARA INTERPONER;157;OTRA HIPÓTESIS (CONDUCTOR)
453;2453;1/29/2024 8:30 AM;DANOS;CHOQUE;VEHICULO;-74,14139279;4,560584287;19;;;EL CONDUCTOR DEL VEHICULO N 2 MANIFIESTA QUE NO REQUIERE INTERPONER QUERELLA ENCONTRA DEL CONDUCTOR DEL VEHICULO N 1 ACLARO FECHA DE OCURRENCIA 29 01 2024  HORA 08 30  Y FECHA DE LEVANTAMIENTO 29 01 2024 HORA 09 10 ;112;DESOBEDECER SEÑALES O NORMAS DE TRANSITO
454;2454;1/29/2024 7:20 AM;HERIDOS;CHOQUE;VEHICULO;-74,12416633;4,576277264;18;;3;CORRECCION CASILLA 17 POSICION FINAL VH2;112;DESOBEDECER SEÑALES O NORMAS DE TRANSITO
455;2455;1/29/2024 7:09 AM;HERIDOS;VOLVAMIENTO;;-74,13897356;4,557965741;19;;2;NO SE INMOVILIZA LA MOTOCICLETA YA QUE NO SE UBICA EN EL LUGAR Y SEGUNDO NO DESEAN INTERPONER DENUNCIA;157;OTRA HIPÓTESIS (CONDUCTOR)
456;2456;1/29/2024 5:30 AM;HERIDOS;CHOQUE;VEHICULO;-74,12559043;4,572102337;6;;3;SE CORRIGE CASILLA 82 PLACAS DEL VH1 VEW913 MARCA HYUNDAI CORRIJO EMPRESA DEL VH1 TAX EXPRESS SA;157;OTRA HIPÓTESIS (CONDUCTOR)
457;2457;1/29/2024 2:07 AM;HERIDOS;CHOQUE;VEHICULO;-74,09892075;4,690354418;10;;2;TARJETA DE OPERACION N 383052 VH2;157;OTRA HIPÓTESIS (CONDUCTOR)
458;2458;1/29/2024 1:30 AM;HERIDOS;CHOQUE;OBJETO;-74,09240273;4,529496562;4;;1;AL LLEGAR NO SE HAYA VEHICULO EN EL CUAL TRANSITABA LA PERSONA LESIONADA EL HIJO URIEL FELIPE MUÑETEROS SIERRA CC 1020712715 NO SUMINISTRA NINGUN TIPO DE INFORMACION DE LA DINAMICA DEL ACCIDENTE SI ES CONDUCTORA O ACOMPAÑANTE DE ALGUNA CLASE DE VEHICULO Y COMO UNICO FAMILIAR EN PRIMER GRADO DE CONSA;157;OTRA HIPÓTESIS (CONDUCTOR)
459;2459;1/28/2024 10:37 PM;HERIDOS;CHOQUE;OBJETO;-74,08776483;4,724611707;11;;1;AL VERIFICAR CON EL RUNT DE LA COMPARENDERA NO APARECE NOMBRE DE PROPIETARIO APARECE COMO INDETERMINADO SE REALIZAN ORDENES DE COMPARENDO C35  39608655 B02 42324074 D02 42324071 LA ACOMPAÑANTE REFIERE QUE NO SE TRASLADA A CENTRO ASISTECIAL Y NO FIRMA QUERELLA  Y SE VA DE LA AMBULANCIA EN LAS VIAS AL;115;EMBRIAGUEZ O SUSTANCIAS ALUCINOGENAS
460;2460;1/28/2024 10:02 PM;DANOS;CHOQUE;VEHICULO;-74,1284782;4,568668342;6;;;DEJO CONSTANCIA QUE LA CEDULA DEL CONDUCTOR N3 ES 80145189 ANEXO N 001384 N DE COMPARENDO 42323225 GRADO 1 INFRACCION F;115;EMBRIAGUEZ O SUSTANCIAS ALUCINOGENAS
461;2461;1/28/2024 9:37 PM;HERIDOS;CHOQUE;VEHICULO;-74,14168881;4,607944209;8;;1;SE REALIZA ORDEN COMPARENDO AL CONDUCTOR DEL VH2 POR TENERLA LICENCIA DE CONDUCCION PARA SERVICIO PUBLICO VENCIDA DESDE EL AÑO 29112017 COMPARENDO N 42323200 POR LA INFRACCION B02;121;NO MANTENER DISTANCIA DE SEGURIDAD
462;2462;1/28/2024 8:24 PM;HERIDOS;ATROPELLO;;-74,12455593;4,523053474;5;;1;NO SE DIAGRAMA EL VEHICULO YA QUE SE RETIRO DEL LUGAR DEL ACCIDENTE DESCONOCIENDO SU SISTEMA DE IDENTIFICACION PLACAS DE SU PARADERO Y ESTADO ANIMICO DEL CONDUCTOR;134;REVERSO IMPRUDENTE
463;2463;1/28/2024 8:20 PM;HERIDOS;CHOQUE;VEHICULO;-74,16864721;4,610795897;8;;3;EL VH1 LO MOVIERON DE SU POSICION FINAL;157;OTRA HIPÓTESIS (CONDUCTOR)
464;2464;1/28/2024 6:41 PM;HERIDOS;CHOQUE;VEHICULO;-74,20026996;4,619722755;7;;1;NO SE DIAGRAMAN LOS VEHICULOS YA QUE FUERON MOVIDOSDE SU POSICION FINAL EL VH2 CICLISTA PRESENTA LESIONES PERO MANIFIESTA NO REQUERIR NINGUN PROCEDIMIENTO DE TRANSITO NO QUERELLAR SOLO VALORACION MEDICA POR ERROR HUMANO SE DIAGRAMA V1 EL CUAL NO DEBI HABER DIAGRAMADO YA QUE FUE MOVIDO DE SU POSICION;103;ADELANTAR CERRANDO
465;2465;1/28/2024 5:40 PM;HERIDOS;CHOQUE;VEHICULO;-74,08865398;4,556142016;4;;3;ACLARO NOMBRE VICTIMA VH1 JESICA ANDREA RAMIREZ MUÑOZ;104;ADELANTAR INVADIENDO CARRIL DE SENTIDO CONTRARIO
466;2466;1/28/2024 5:01 PM;HERIDOS;CHOQUE;VEHICULO;-74,09475892;4,695863666;10;;2;SE CORRIGE CASILLA 82 FECHA SOAT VENCIMIENTO 14072024;112;DESOBEDECER SEÑALES O NORMAS DE TRANSITO
467;2467;1/28/2024 2:40 PM;HERIDOS;CHOQUE;VEHICULO;-74,15767307;4,639230735;8;;1;CORRIJO LOS SIGUIENTES DATOS ASI DIRECCION CRA 86 CALLE 2A PROPIETARIO VH1 NIT 900394791 LEARSION N 170671794 CORRIJO ADEMAS CC DE CIUDADANIA DEL 2 CONDUCTOR  N 80055350 JESUS GONZALEZ TAMBIEN CORRIJO HIPOTESIS ANXO N 1 0046 HIPOTESIS 121;121;NO MANTENER DISTANCIA DE SEGURIDAD
468;2468;1/28/2024 10:30 AM;DANOS;CHOQUE;OBJETO;-74,11194727;4,638573559;16;;;POSTE DE ALUMBRADO PUBLICO N 2153389 FRACTURADO Y CAIDO DEL SITIO EN BODEGA DE NOMENCLATURA CRA 65A N 18  21 PLACA DE CONCRETO;134;REVERSO IMPRUDENTE
469;2469;1/28/2024 10:20 AM;HERIDOS;CHOQUE;VEHICULO;-74,10083072;4,670699118;10;;1;SE CORRIGE CASILLA 72 DOS CALZADAS SE CORRIGE CASILLA 9 ES ACOMPAÑANTE INCIDENTE CONOCIDO POR SOLICITUD  DE LA VICTIMA EN LE LUGAR DE LOS HECHOS NO SE ENCUENTRA LOS VEHICULOS IMPLICADOS SE PROCEDE A RADICAR DICHO EVENTO ENTE FISCALIA;132;NO RESPETAR PRELACION
470;2470;1/28/2024 8:36 AM;HERIDOS;CHOQUE;VEHICULO;-74,02522578;4,7470787;1;;1;SE CORRIGE GRAVEDAD DEL ACCIDENTE ES CON HERIDOS Y NO SE CONOCE EL CASO POR FISCALIA YA QUE EL ACOMPAÑANTE DEL VEHICULO N2 NO QUIZO INTERPONER QUERELLA POR EL MOMENTO RESOLUCION 01670 Y 03922 DE 2016 Y CIRCULAR N 001 DEL 25 05 2017;103;ADELANTAR CERRANDO
471;2471;1/28/2024 6:30 AM;HERIDOS;CHOQUE;OBJETO;-74,11362718;4,577110461;18;;2;SE REALIZA ORDEN DE COMPARENDO N 39596719 AL CONDUCTOR DEL VEHICULO N 1 POR INFRACCION D01;139;IMPERICIA EN EL MANEJO
472;2472;1/28/2024 6:00 AM;HERIDOS;CHOQUE;VEHICULO;-74,03980486;4,770618258;1;;1;SE REALIZA CORREPCION DE LA CASILLA 83 NO ES BICICLETA SE ANEXA ORDEN DE COMPARENDO N 42322468  A L SEÑORA EVELINA RODRIGUEZ DE CHAPARRO POR NO ACATAR UNA SEÑAL DE TRANSITO SR06;112;DESOBEDECER SEÑALES O NORMAS DE TRANSITO
473;2473;1/28/2024 5:30 AM;HERIDOS;CHOQUE;VEHICULO;-74,17548952;4,613931452;8;;1;VEHICULO N 3 EN FUGA;121;NO MANTENER DISTANCIA DE SEGURIDAD
474;2474;1/28/2024 5:15 AM;HERIDOS;ATROPELLO;;-74,05566574;4,706889822;11;;2;CONDUCTOR EN LA CLINICA ALCALA PEATON POR LAS LESIONES ES TRASLADADO A LA CLINICA NUEVA CORRIJO NOMBRE DEL CONDUCTOR ANDRES ESTEBAN RAMIREZ BELTRAN;112;DESOBEDECER SEÑALES O NORMAS DE TRANSITO
475;2475;1/28/2024 3:40 AM;HERIDOS;ATROPELLO;;-74,10020235;4,583604614;15;;2;SE REALIZA ORDEN DE COMPARENDO N 39598315 INFRACCION D01 NO HABER OBTENIDO  LICENCIA DE CONDUCCIÓN PARA VH1 SE DEJA CONSTANCIA ES VALORADA LUGAR EN CALIDAD PEATON MARITZA PORTILLA MARQUEZ CC 1030536361 ES VALORADA MOVIL 7184 AUXILIAR LIZ NIETO QUIEN SI CONOCER RAZON SE RETIRA DEL LUGAR;139;IMPERICIA EN EL MANEJO
476;2476;28/01/2024;DANOS;CHOQUE;VEHICULO;-74,17011162;4,581165582;19;;;TARJETA DE REGISTRO VH1 1982176;121;NO MANTENER DISTANCIA DE SEGURIDAD
477;2477;28/01/2024;MUERTOS;CHOQUE;VEHICULO;-74,18396229;4,623528588;7;1;1;NO SE DIAGRAMA VH2 MOTOCICLETA YA FUE RETIRADA DEL LUGAR FINAL DEL SINIESTRO VIAL SE ORIGINA ORDEN DE COMPARENDO VH2 42323291 PARA MOTOCICLISTA;123;NO RESPETAR PRELACION DE INTERSECCIONES O GIROS
478;2478;28/01/2024;DANOS;CHOQUE;VEHICULO;-74,11252686;4,594477949;16;;;NO SE DIBUJA LA MOTOCICLETA YA QUE FUE MOVIDA DE SU POSICION FINAL A LA CONDUCTORA DEL VEHICULO SE LE REALIZA PRUEBA DE EMBRIAGUEZ DONDE ARROJA NEGATIVO DRBO 02702 2024 Y EL CONDUCTOR DE LA MOTOCICLETA GRADO 2 DBRO 02701 2024 Y SE LE REALIZA ORDEN DE COMPARENDO 42322042 ;115;EMBRIAGUEZ O SUSTANCIAS ALUCINOGENAS
479;2479;1/27/2024 11:35 PM;HERIDOS;CHOQUE;VEHICULO;-74,13742813;4,616420857;8;;3;CORRIJO PROPIETARIO VH1 80028410;103;ADELANTAR CERRANDO
480;2480;1/27/2024 11:00 PM;HERIDOS;VOLVAMIENTO;;-74,11384098;4,596886919;16;;3;CORRIJO N DE POLIZA EXTRACTUAL CORRESPONDE 2000342294 SE CORRIJE HIPOTESIS DE LA VIA 308 PRESENTA DEFORMACION EN LA VIA CON ALTIBAJO ;308;OTRA HIPÓTESIS (VÍA)
481;2481;1/27/2024 9:43 PM;DANOS;CHOQUE;VEHICULO;-74,10624683;4,619719347;16;;;SE CORRIGE PROPIETARIO VH 2 SIENDO ESTE LA SEÑORA DIAZ RODIGUEZ JENNY PAOLA DE CEDULA 53015705 SE REALIZA COMPARENDO POR D01 AL CONDUCTOR DEL VH2 N 42323279 SE REALIZA COMPARENDO POR LA F GRADO II  39596718 AL CONDCUTOR DEL VH1 ;121;NO MANTENER DISTANCIA DE SEGURIDAD
482;2482;1/27/2024 7:40 PM;HERIDOS;VOLVAMIENTO;;-74,07598383;4,595013194;17;;1;LA CONDUCTORA DE LA BICICLETA MANIFIESTA TRAER A LA ACOMPAÑANTE EN LA BARRA LA SEÑORA KAROL VANESSA GODOY MANIFIESTA DE FORMA VOLUNTARIA Y LIBRE SIN COACION NO QUERER QUERELLAR EN EL MOMENTO CIRCULAR 001 DEL 25052017;157;OTRA HIPÓTESIS (CONDUCTOR)
483;2483;1/27/2024 7:31 PM;HERIDOS;CHOQUE;VEHICULO;-74,08296063;4,624369274;14;;2;EL CONDUCTOR DEL VH2 SEÑOR NICOLAS VILLAMIL AYALA DE CC 1000952229 JUNTO A SU ACOMPAÑANTE Ñ SEÑORITA ANGELLY VANESSA VARGAS GUERRA DE CC 1000626754 MANIFIESTAN NO QUERER INTERPONER QUERELLA POR LAS LESIONES RICIBIDAS EN EL ACCIDENTE DE TRANSITO DE IGUAL FORMA SE LES DA A CONOCER QUE CUENTA CON 6 ME ;98;TRANSITAR ENTRE VEHICULOS
484;2484;1/27/2024 6:15 PM;MUERTOS;CHOQUE;VEHICULO;-74,12450393;4,523000621;5;1;;SE CORRIGE CASILLA 8 2 DE FORMA INVOLUNTARIA LOS DATOS DE PLACAS REMOLQUE EMPRESAS TARJETA DE REGISTO NO CORRESPONDE AL VEHICULO N 1 SI NO AL VH2 TRACTOCAMION Y SE CORRIGE LOS DAÑOS PRESENTADOS A LA MOTOCICLETA VEHICULO TRACTOCAMION ES FIJADO COMO EVIDENCIA NUMERO 3;157;OTRA HIPÓTESIS (CONDUCTOR)
485;2485;1/27/2024 6:00 PM;HERIDOS;CHOQUE;VEHICULO;-74,08128839;4,592584922;17;;3;SE CORRIGE CASILLA 31 LOCALIDAD CANDELARIA Y DIRECCION DEL CONDUCTOR DEL V2 CL 44 SUR N 01 96;112;DESOBEDECER SEÑALES O NORMAS DE TRANSITO
486;2486;1/27/2024 5:30 PM;HERIDOS;CHOQUE;VEHICULO;-74,14840019;4,618024596;8;;2;EL VH2 ES UNA BICICLETA ELECTRICA NO SE DIAGRAMA EL VH1 YA QUE FUE MOVIDO DE SU POSICION FINAL SE REALIZA ORDEN DE COMPARENDO N 42323161 AL CONDUCTOR N 1 POR LICENCIA DE CONDUCCION ;121;NO MANTENER DISTANCIA DE SEGURIDAD
487;2487;1/27/2024 5:10 PM;HERIDOS;CHOQUE;VEHICULO;-74,16766496;4,567406052;19;;1;CORRIJO DIRECCION CRA 40 N 77 SUR;112;DESOBEDECER SEÑALES O NORMAS DE TRANSITO
488;2488;1/27/2024 4:50 PM;HERIDOS;CHOQUE;VEHICULO;-74,11359949;4,711541601;10;;2;UNA MOTOCICLETA CHOCA CONTRA UN BUS Y ES PROYECTADA A DONDE SE ENCUENTRA UNA PEATON ESPERANDO EL TRANSPORTE;122;GIRAR BRUSCAMENTE
489;2489;1/27/2024 4:30 PM;HERIDOS;CHOQUE;VEHICULO;-74,10802757;4,692090553;10;;2;PLACA VEHICULO 1 KTF38GF;121;NO MANTENER DISTANCIA DE SEGURIDAD
490;2490;1/27/2024 4:10 PM;HERIDOS;CHOQUE;VEHICULO;-74,06621523;4,588298164;3;;2;CONDUCTORES MANIFIESTAN  DE FORMA VOLUNTARIA Y LIBRE SIN COACION ALGUNA NO QUERER QUERELLAR EN EL MOMENTO CIRCULAR 001 DEL 25 05 2017 NO SE DIAGRAMAN LAS MOTOCICLETAS YA QUE FUERON MOVIDAS DE SU POSICION FINAL;157;OTRA HIPÓTESIS (CONDUCTOR)
491;2491;1/27/2024 3:30 PM;HERIDOS;CHOQUE;VEHICULO;-74,10102945;4,57447363;18;;2;EL VH2 NO SE DIAGRAMA POR QUE SE DA A LA FUGA POR ERROR INVOLUNTARIO EN LA CASILLA 81 SE ADJUNTO NUMERO TELEFONICO ERRADO SE HACE CORRECCION POR EL NUMERO 3114520959;143;PONER EN MARCHA UN VEHICULO SIN PRECAUCIONES
492;2492;1/27/2024 3:30 PM;HERIDOS;ATROPELLO;;-74,09446608;4,710008185;10;;1;CORRIJO DIRECCION CRA 86 CALLE 90 CORRIJO PROPIETARIO DEL VEHICULO NINI YOHANNA PARRA LEGRO CC 28979355;157;OTRA HIPÓTESIS (CONDUCTOR)
493;2493;1/27/2024 3:20 PM;HERIDOS;CAIDA;;-74,1157762;4,51380654;5;;1;NO SE DIAGRAMA EL VEHICULO YA QUE FUE MOVIDO DEL LUGAR DEL ACCIDENTE LA CENTRAL DE RADIO NOS INFORMA EL SINIESTRO VIAL A LAS 19 30 UBICADOS EN EL PORTAL DE USME;119;FRENAR BRUSCAMENTE
494;2494;1/27/2024 3:10 PM;MUERTOS;CHOQUE;VEHICULO;-74,05466673;4,753541993;11;1;1;VH2 ART 70 LEY 769 DEL 2002;132;NO RESPETAR PRELACION
495;2495;1/27/2024 2:58 PM;HERIDOS;ATROPELLO;;-74,14029833;4,552940577;19;;2;AL LLEGAR AL LUGAR DE LOS HECHOS NO SE UBICA EL VH1 YA QUE EL CONDUCTOR ME INFORMA QUE FUE MOVIDO DE LUGAR DE LOS HECHOS Y SE UBICA EN LA CALLE 63D SUR N 18C 8 DONDE SE INMOVILIZA NOTA NO SE OBTIENE VIDEO POR ENFOQUE;404;TRANSITAR POR LA CALZADA
496;2496;1/27/2024 2:15 PM;MUERTOS;CHOQUE;OBJETO;-74,06929368;4,599244942;17;1;1;DEJO CONSTANCIA EL SEÑOR HECTOR ARMANDO ALDANA CC 79321824 SE HACE RESPONSABLE DEL VEHICULO DE PLACA VEI922 Y EL SEÑOR RAFAEL ACOSTA ZAMBRANO DE CC 1026293 DEL VEHICULO DE PLACAS HVK815 SE HACE RESPONSABLE DE ESTOS VEHICULOS YA QUE AL MOMENTO DE GENCIARSE EL SINIESTRO VIAL ELLOS SE ENCONTRABAN DENTR;125;ESTACIONAR SIN SEGURIDAD
497;2497;1/27/2024 1:15 PM;HERIDOS;CHOQUE;VEHICULO;-74,11532016;4,512513782;5;;1;NO SE DIAGRAMAN LOS VEHICULOS YA QUE FUERON MOVIDOS DE SU POSICION FINAL EL BUS SE ENCONTRABA EN LA CARRERA 14 CON CALLE 81 SUR Y LA MOTOCICLETA VH2 SE ENCONTRABA EN EL LUGAR DEL ACCIDENTE MANIFIESTAN QUE EL BUS DEL SIPT POSTERIOR AL ACCIDENTE SE DIO A LA FUGA LA HIPOTESIS DEL ACCIDENTE SE DEJA SEGU;103;ADELANTAR CERRANDO
498;2498;1/27/2024 12:20 PM;MUERTOS;VOLVAMIENTO;;-74,13105607;4,53792789;5;1;;CORRECION ITEM 7 2  DOBLE SENTIDO CORRECION ITEM 3 CALLE 71B SUR N 10 21 CORRECION ITEM 15 LAT 04 32 17 LONG 74 07 55;303;SUPERFICIE LISA
499;2499;1/27/2024 11:03 AM;HERIDOS;CHOQUE;VEHICULO;-74,19427437;4,605369463;7;;3;SE NOTIFICA ORDEN DE COMPARENDO N 42322257 POR LA INFRACCION D01 AL CONDUCTOR DE LA MOTOCICLETA;139;IMPERICIA EN EL MANEJO
500;2500;1/27/2024 11:03 AM;HERIDOS;ATROPELLO;;-74,04552942;4,667969916;2;;1;CAMION DE SERVICIO PUBLICO DE LA EMPRESA PROMOAMBIENTAL RECOLECTOR DE BASURA SI INMOVILIZA CARGADO YA QUE NO ES POSIBLE EL TRASBORDO POR TAL MOTIVO EL SUPERVISOR DANIEL SANDOVAL GONZALEZCON CC 1030595985 AUTORIZA LA INMOVILIZACION CON LA CARGA;134;REVERSO IMPRUDENTE
501;2501;1/27/2024 10:44 AM;HERIDOS;CHOQUE;VEHICULO;-74,12878519;4,630068132;8;;2;SE DEJA CONSTANCIA QUE LAS PARTE INVOLUCRADAS MANIFIESTAN NO INTERPONER QUERELLA LLEGANDO A UN ACUERDO MONETARIO;121;NO MANTENER DISTANCIA DE SEGURIDAD
502;2502;1/27/2024 10:41 AM;HERIDOS;CHOQUE;VEHICULO;-74,06641188;4,632275191;2;;1;SE CORRIGE EL NOMBRE DEL CENTRO MEDICO DONDE SE ENCUENTRA EL LESIONADO CONDUCTOR VH2 CLINICA JARBSALUD;103;ADELANTAR CERRANDO
503;2503;1/27/2024 10:19 AM;HERIDOS;CHOQUE;VEHICULO;-74,07865568;4,644037399;13;;2;SE CORRIGE CASILLA 82 VH 2 PROPIETARIO NO ES EL MISMO CONSDUCTOR;122;GIRAR BRUSCAMENTE
504;2504;1/27/2024 9:10 AM;HERIDOS;CHOQUE;VEHICULO;-74,09849452;4,630533069;16;;2;SECORRIGE CASILLA 64 SIENDO INTERSECCION SE CORRIGE DIRECCION Y TELEFONO CONDUCTOR N1 CALLE 35 SUR N 50A  41 TEL 3125166232 CONDUCTOR N1 CRISTIAN ESTEBAN GUZMAN RUIZ CC 1022445830 FECHA DE NACIMIENTO 300999 FISURA RODILLA LICENCIA 1000470960;103;ADELANTAR CERRANDO
505;2505;1/27/2024 8:56 AM;HERIDOS;CHOQUE;OBJETO;-74,08603041;4,563037048;4;;2;CONDUCTOR EN FUGA LA HIPOTESIS CHOQUE CON OBJETO FIJO INMUEBLE VIVIENDA SE AFECTAN 3 VIVIENDAS ASI VIVIENDA N1 CRA 8 ESTE N 27C  22 SUR PROPIETARIO ANA ISABEL SALAMANCA TRIVIÑO CON CC 41743996 TELEFONO 3123776858 VIVIENDA N2 PROPIETARIA ROSALBA GONZALEZ SANCHEZ CON CC 51708897 TELEFONO 3243664365 PR;139;IMPERICIA EN EL MANEJO
506;2506;1/27/2024 8:10 AM;HERIDOS;CHOQUE;VEHICULO;-74,06518759;4,744254772;11;;2;POR ERROR INVOLUNTARIO EN LA CASILLA 83 COLOQUE EN CLASE DE VEHICULO BICICLETA Y EL VEHICULO ES MOTOCICLETA 121 PARA VH2 217 PARA VH1;217;OTRA HIPÓTESIS (VEHÍCULO)
507;2507;1/27/2024 7:45 AM;HERIDOS;CHOQUE;VEHICULO;-74,09925381;4,566514575;4;;2;SEGUN LO MANIFESTADO POR LOS LESIONADOS LA PLACA DEL VEHICULO EN FUGA ES BTN815 DUSTER COLOR GRIS SE DEJA CONSTANCIA QUE EN EL MOMENTO CIUDADANOS LESIONADOS MANFIESTAN NO INTERPONER QUERELLA  ;103;ADELANTAR CERRANDO
508;2508;1/27/2024 7:42 AM;HERIDOS;CHOQUE;VEHICULO;-74,09941872;4,738300848;11;;4;SE CORRIGE CASILLA 8 EL CONDUCTOR ES EL SEÑOR CAMILO ANDRES CASTILLO FLORIDO DE CEDULA 1002720944 CON FECHA DE NACIMIENTO 07 ENERO 2002 DE 22 AÑOS Y CORRIJO LA CLASE DE VEHICULO NUMERO 2 ES PUBLICO;121;NO MANTENER DISTANCIA DE SEGURIDAD
509;2509;1/27/2024 7:20 AM;DANOS;CHOQUE;VEHICULO;-74,11364229;4,577106451;18;;;SE ANEXA N TELEFONO PASAJERO TESTIGO DEL EVENTO JONATHAN 3136177508;115;EMBRIAGUEZ O SUSTANCIAS ALUCINOGENAS
510;2510;1/27/2024 5:44 AM;HERIDOS;CHOQUE;VEHICULO;-74,1524891;4,614820151;8;;3;NO SE DIAGRAMAN LOS VEHICULOS YA QUE FUERON MOVIDOS DE SU POSICION FINAL;127;TRANSITAR EN CONTRAVIA
511;2511;1/27/2024 5:40 AM;HERIDOS;CHOQUE;VEHICULO;-74,09798417;4,584026323;15;;2;SE CORRIGE NUMERO DE MARCO DE LA BICICLETA SIENDO ESTE HA11571872 SE CORRIJE LA PLACA DEL VEHICULO 1 CORRESPONDE KBF78G;121;NO MANTENER DISTANCIA DE SEGURIDAD
512;2512;1/27/2024 5:15 AM;HERIDOS;CHOQUE;VEHICULO;-74,17990736;4,625427482;7;;2;SE DEJA CONSTANCIA DONDE EL CONDUCTOR DE LA MOTOCICLETA MANFIESTA QUE POSTERIOR AL ACCIDENTE DONDE RESULTA LESIONADO SE ENCONTRABA DENTRO DE LA AMBULACIA SIENDO VALORADO QUE AL PARECER UNA CAMIONETA COLISIONA CON LA MOTOCICLETA LA CUAL SE ENCONTRABA EN POSICION FINAL ARRASTRANDOLA APROXIMADAMENTE 13;105;ADELANTAR EN ZONA PROHIBIDA
513;2513;1/27/2024 4:28 AM;HERIDOS;ATROPELLO;;-74,10279377;4,510187961;5;;2; SE DEJA CONSTANCIA QUE AL MOMENTO DE LLEGAR AL LUGAR DE LOS HECHOS NO SE ENCUENTRA LA BICICLETA Y LA COMUNIDAD INFORMA QUE LOS FAMILIARES DEL CICLISTA SE LA LLEVAN DESCONOCIENDO LOS MOTIVOS;93;TRANSITAR DISTANTE DE LA ACERA U ORILLA DE LA CALZADA
514;2514;1/27/2024 4:00 AM;DANOS;CHOQUE;OBJETO;-74,1428667;4,537151138;19;;;POSTE ETB SIN NUMERACION UBICADO EN FRENTE DE LA CRA 18A BIS N 80 80 SUR 2 POSTE AFECTADO DE ETB UBICADO EN LA CALLE 80A SUR N 18A 07 SE DEJA CONSTANCIA QUE EN EL LUGAR NO SE HACE PRESENCIA PERSONAL DE ETB NI ENEL HACE PRESENCIA EN EL LUGAR CUADRANTE 15 DEL CAI LA JOYA;308;OTRA HIPÓTESIS (VÍA)
515;2515;1/27/2024 2:55 AM;HERIDOS;CHOQUE;OBJETO;-74,05500469;4,697633333;1;;2;CORRIJO CASILLA 5 CLASE DE ACCIDENTE CHOQUE CORRIJO CASILLA 2 GRAVEDAD CON HERIDOS CONDUCTOR Y ACOMPAÑANTE MANIFIESTAN NO REALIZAR QUERELLA NO SE DEJA A DISPOSICION DE FISCALIA POR AUSENCIA DE QUERELLANTE;122;GIRAR BRUSCAMENTE
516;2516;1/27/2024 1:10 AM;HERIDOS;CHOQUE;VEHICULO;-74,13594668;4,639426149;8;;2;VH2 BICICLETA SIN MARCA CON N MARCO 59947 COLOR AZUL;116;EXCESO DE VELOCIDAD
517;2517;1/26/2024 11:50 PM;DANOS;CHOQUE;OBJETO;-74,15414499;4,678441443;9;;;EL SEÑOR EMIR JOSE SALAZAR HERREÑO CC 7716723 Y EL SEÑOR LARA JORGE ARMANDO CC 1022930804 IDENTIFICAN AL CONDUCTOR DE EL VH 1 COMO LA PERSONA QUE OCACIONA EL SINIESTRO VIAL CABE RESALTAR QUE LOS SEÑORES SON TRABAJADORES DE LA OBRA;157;OTRA HIPÓTESIS (CONDUCTOR)
518;2518;1/26/2024 11:35 PM;HERIDOS;CHOQUE;VEHICULO;-74,162226;4,599671741;7;;1;POR ESTABLECER QUIEN OMITE LUZ ROJA DE SEMAFORO SE CGRRIGE HORA DE OCURRENCIA SIENDO LA CORRECTA 2335 HORAS;112;DESOBEDECER SEÑALES O NORMAS DE TRANSITO
519;2519;1/26/2024 10:30 PM;HERIDOS;CHOQUE;VEHICULO;-74,13701031;4,639947939;8;;1;SE DEJA CONSTANCIA QUE EL CONDUCTOR DE LA MOTOCICLETA NO DESEA QUERELLAR O INTERPONER DENUNCIA AL IGUAL SE BAJA DE LA AMBULANCIA VOLUNTARIAMENTE NO SE DIAGRAMA LA MOTOCICLETA FUE MOVIDA DE SU POSICION FINAL;112;DESOBEDECER SEÑALES O NORMAS DE TRANSITO
520;2520;1/26/2024 10:30 PM;DANOS;CHOQUE;VEHICULO;-74,13267732;4,56716719;6;;;SE LE REALIZAN ORDENES DE COMPARENDO AL CONDUCTOR N 2 POR INFRACCION D01 D02 F00 POSITIVO GRADO 2;139;IMPERICIA EN EL MANEJO
521;2521;1/26/2024 10:24 PM;HERIDOS;CHOQUE;VEHICULO;-74,13270951;4,614075825;8;;2;CORRIJO PLACA VH1 KRV60G 157 VH2 CAMBIAR DE CARRIL DANDO AL IZQUIERDO POR QUE SEGUN SU VERSION HABIAN VEHICULOS MAL ESTACIONADOS POR ESO SE OCASIONA EL ACCIDENTE;157;OTRA HIPÓTESIS (CONDUCTOR)
522;2522;1/26/2024 9:50 PM;HERIDOS;CHOQUE;VEHICULO;-74,1430126;4,653048296;8;;4;EL VH2 TIPÓ VOLQUETA NO SE ENCONTRO EN EL LUGAR DE LOS HECHOS FUE DETENIDA AL PARECER POR LA CIUDADANIA EN OTRA DIRECCION EL NIT PROPIETARIO VH2 901332129;157;OTRA HIPÓTESIS (CONDUCTOR)
523;2523;1/26/2024 9:40 PM;MUERTOS;ATROPELLO;;-74,08764352;4,729840011;11;1;;157 EN MATERIA DE INVESTIGACION YA QUE EL CONDUCTOR SE FUGA DEL LUGAR DEJANDO LA MOTO EN ABANDONO SOBRE LA VIA;157;OTRA HIPÓTESIS (CONDUCTOR)