CODIGO_ACCIDENTE;FORMULARIO;FECHA;GRAVEDAD;CLASE;CHOQUE;LONGITUD;LATITUD;CODIGO_LOCALIDAD;TOTAL_MUERTOS;TOTAL_HERIDOS;TEXTO_OBSERVACIONES;CODIGO_CAUSA;DESCRIPCION
524;2524;1/26/2024 9:15 PM;HERIDOS;CHOQUE;VEHICULO;-74,1470425;4,558221568;19;;1;SE CORRIGE CASILLA N 8 CATEGORIA DE LICENCIA DE CONDUCCION DEL VH1 C2 08 09 2026 N DEL CONTRACTUAL DEL VH 2 00231101000078 GEOMETRIA CURVA;104;ADELANTAR INVADIENDO CARRIL DE SENTIDO CONTRARIO
525;2525;1/26/2024 8:09 PM;DANOS;CHOQUE;VEHICULO;-74,11389991;4,750979095;11;;;VEHICULO NUMERO 1 Y 2 SE ENCUENTRAN ESTACIONADOS Y CON MOTOR APAGADO;114;EMBRIAGUEZ APARENTE
526;2526;1/26/2024 5:30 PM;HERIDOS;ATROPELLO;;-74,08380162;4,596360154;3;;1;PEATON MANIFIESTA QUE LO ATROPELLA UNA MOTOCICLETA Y QUE SE DA A LA FUGA SE CORRIGE FECHA DE LOS HECHOS CORRESPONDE AL DIA 26 01 2024;157;OTRA HIPÓTESIS (CONDUCTOR)
527;2527;1/26/2024 4:10 PM;HERIDOS;ATROPELLO;;-74,04774386;4,684646933;2;;1;CONDUCTOR PRESENTA CEDULA DE CIUDADANIA PERO ES DE NACIONALIDAD VANEZOLANA DOCUMENTO EXPEDIDO EN EL ROSAL;157;OTRA HIPÓTESIS (CONDUCTOR)
528;2528;1/26/2024 2:57 PM;HERIDOS;OTRO;;-74,11832331;4,511375358;5;;2;FECHA DE NACIMIENTO CONDUCTOR N 2 14102002 FAMILIARES Y LESIONADOS MANIFIESTAN DE MANERA VOLUNTARIA Y ESPONTANEA NO INTERPONER EN EL MOMENTO QUERELLA ANTE LA FISCALIA CIRCULAR N 001 DEL 25052017 CLASE DE ACCIDENTE OTRO TRAMO DE MANGUERA FORESTAL SE DESPRENDE DEL VEHICULO CAUSANDO QUE EL VH2 SEA ARRA;157;OTRA HIPÓTESIS (CONDUCTOR)
529;2529;1/26/2024 1:51 PM;HERIDOS;CAIDA;;-74,09128889;4,696722006;10;;1;SE CORRIGE LA CASILLA 8 2 POLIZA N 4308004695355000;157;OTRA HIPÓTESIS (CONDUCTOR)
530;2530;1/26/2024 12:53 PM;HERIDOS;ATROPELLO;;-74,1919678;4,622108476;7;;2;SE DEJA CONSTANCIA QUE EL CONDUCTOR DE LA MOTOCICLETA LA CATEGORIA DE LA LICENCIA DE TRANSITO ES A2;157;OTRA HIPÓTESIS (CONDUCTOR)
531;2531;1/26/2024 12:10 PM;HERIDOS;CHOQUE;VEHICULO;-74,09561749;4,56386615;4;;5;HIPOTESIS VEHICULO N 2 SE ACLARA CASILLA N 7 1 CARACTERISTICAS DE LA VIA EN SEÑALES VERTICALES SIENDO  LA SR 01 PARA LA VIA N 2;112;DESOBEDECER SEÑALES O NORMAS DE TRANSITO
532;2532;1/26/2024 12:00 PM;DANOS;CHOQUE;VEHICULO;-74,10553068;4,599708443;16;;;SE DEJA CONSTANCIA EL CONDUCTOR N 1TRANSITABA CON UN PASAJERO QUIENES FUERON VALORADOS EN AMBULANCIA PERO DESISTIERON DE TRASLADO EN CENTRO MEDICO Y SE RETIRAN DEL LUGAR DE IGUAL FORMA SE NOTIFICA INFRACCION D12 AL CONDUCTOR N1 CON COMPARENDO 42316128 CORRIJO FECHA CONDUCTOR N1 07 02 1983;121;NO MANTENER DISTANCIA DE SEGURIDAD
533;2533;1/26/2024 11:35 AM;HERIDOS;CHOQUE;VEHICULO;-74,10864058;4,687779605;10;;1;VEHICULOS INVOLUCRADOS NO SE INMOVILIZAN TODA VEZ QUE EL LESIONADO NO FIRMA QUERELLA ORDEN DE COMPARENDO 11001000000042320014 D03;127;TRANSITAR EN CONTRAVIA
534;2534;1/26/2024 10:30 AM;HERIDOS;CHOQUE;VEHICULO;-74,13335958;4,611890827;8;;1;SE DEJA CONSTANCIA QUE EL LESIONADO Y SU COMPAÑERA SENTIMENTAL MANIFIESTAN NO ADELANTAR QUERELLA POR LAS LESIONES SUFRIDAS AL MOTOCICLISTA Y ENTRAN A CONCILIAR CON EL CONDUCTOR DEL VEHICULO TAXI PAGANDOLE ELLOS LA SUMA DE 600000 POR LOS DAÑOS DEL TAXI;306;HUECOS
535;2535;1/26/2024 8:13 AM;HERIDOS;CHOQUE;VEHICULO;-74,1146492;4,584164859;18;;1;VH2 AUTOMOVIL PUBLICO INDIVIDUAL;112;DESOBEDECER SEÑALES O NORMAS DE TRANSITO
536;2536;1/26/2024 7:50 AM;HERIDOS;CHOQUE;VEHICULO;-74,08289454;4,624354205;14;;2;SE CORRIGE LOCALIDAD 31 MARTIRES SE LE NOTIFICAN 2 ORDENES DE COMPARENDO AL CONDUCTOR DE LA MOTOCICLETA C35 N 42320555 D1 N 42319637;139;IMPERICIA EN EL MANEJO
537;2537;1/26/2024 7:41 AM;HERIDOS;CAIDA;;-74,12635579;4,595576761;16;;1;CORRIJO CASILLA 4 FECHA LEVANTAMIENTO 07 58;506;OTRA HIPÓTESIS (PASAJERO O ACOMPAÑANTE)
538;2538;1/26/2024 4:29 AM;HERIDOS;CHOQUE;VEHICULO;-74,10384382;4,593869098;15;;2;CORRIJO EL VEHICULO N 1 SI TIENE RESPONSABILIDAD ACTUAL Y CONTRACTUAL;112;DESOBEDECER SEÑALES O NORMAS DE TRANSITO
539;2539;1/26/2024 2:50 AM;HERIDOS;CHOQUE;VEHICULO;-74,14515496;4,59094807;6;;1;CONDUCTOR DE LA BICICLETA MANIFIESTA QUE LO ATROPELLA POR UN VEHICULO AUTOMOVIL TIPO TAXI BICICLETA NO TIENE NUMERO DE MARCO NI TAMPOCO MARCA NO SE DIAGRAMA LA BICICLETA YA QUE FUE MOVIDA DE SU POSICION FINAL;157;OTRA HIPÓTESIS (CONDUCTOR)
540;2540;26/01/2024;MUERTOS;ATROPELLO;;-74,12005629;4,710068536;10;1;1;409 HIPOTESIS ARTICULO 59 CNT NO SE INMOVILIZA LA MOTOCICLETA YA QUE NO SE ENCONTRABA EN EL LUGAR Y SE DESCONOCE SU UBICACION SE CORRIGE OCURRENCIA DE LOS HECHOS SIENDO EL CORRECTO 25012024 2030 APROXIMADAMENTE;157;OTRA HIPÓTESIS (CONDUCTOR)
541;2541;1/25/2024 11:30 PM;HERIDOS;CHOQUE;VEHICULO;-74,15464937;4,565033459;19;;2;NO SE DIAGRAMAN LOS VEHICULOS YA QUE FUERON MOVIDOS DEL PUNTO DE IMPACTO O POSICION FINAL;127;TRANSITAR EN CONTRAVIA
542;2542;1/25/2024 9:54 PM;HERIDOS;CHOQUE;VEHICULO;-74,15692059;4,628778065;8;;2;NO SE DIAGRAMA EL VEHICULO N1 YA QUE FUE MOVIDO DE SU POSICION FINAL VEHICULO N3  EN FUGA;121;NO MANTENER DISTANCIA DE SEGURIDAD
543;2543;1/25/2024 9:28 PM;HERIDOS;CHOQUE;VEHICULO;-74,09872201;4,693222531;10;;3;CORRIJO DIRECCION CONDUCTOR N1 CRA 71D N 75A 82;112;DESOBEDECER SEÑALES O NORMAS DE TRANSITO
544;2544;1/25/2024 6:14 PM;HERIDOS;CHOQUE;VEHICULO;-74,13224206;4,583685555;6;;3;CORRECCION CASILLA 17 PUNTO DE REFERENCIA 5 X 130 VH2 BICICLETA ELECTRICA;112;DESOBEDECER SEÑALES O NORMAS DE TRANSITO
545;2545;1/25/2024 3:50 PM;HERIDOS;VOLVAMIENTO;;-74,13735461;4,615370046;8;;1;HAGO CORRECION CASILLA TABLA DE MEDIDAS N 2 ES 47 71 EN X;112;DESOBEDECER SEÑALES O NORMAS DE TRANSITO
546;2546;1/25/2024 2:18 PM;HERIDOS;CHOQUE;VEHICULO;-74,18429643;4,620814996;7;;2;NO SE DIAGRAMA LA MOTOCICLETA MOVIDA DE SU POSICION FINAL;103;ADELANTAR CERRANDO
547;2547;1/25/2024 2:15 PM;HERIDOS;CHOQUE;VEHICULO;-74,17335668;4,62724933;8;;1;CORRIJO CASILLA 8 2 PLACA VEHICULO GUX716 LICENCIA DE TRANSITO 10020838499;121;NO MANTENER DISTANCIA DE SEGURIDAD
548;2548;1/25/2024 1:20 PM;MUERTOS;CHOQUE;VEHICULO;-74,14409744;4,601307723;8;1;1;SE CORRIGE CASILLA 8 2 VEHICULO MATRICULADO EN EL ROSAL INMOVILIZADO EN PATIO DE ALAMOS DEL VEHICULO 1 SE REALIZA ORDEN DE COMPARENDO AL CONDUCTOR DEL VEHICULO N 1 POR LA INFRACCION C26 RESOLUCION 3027 DEL AÑO 2010 OCN N 42318933;157;OTRA HIPÓTESIS (CONDUCTOR)
549;2549;1/25/2024 11:12 AM;HERIDOS;CAIDA;;-74,05442021;4,73956847;11;;1;NO SE DIAGRAMA EL BUS YA QUE FUE MOVIDO METROS MAS ADELANTE DEL INCIDENTE;119;FRENAR BRUSCAMENTE
550;2550;1/25/2024 9:02 AM;HERIDOS;CHOQUE;VEHICULO;-74,1289154;4,609191534;16;;3;SE CORRIGE PROPIETARIO VH2 FONSECA VELANDIA DIEGO FERNANDO CC 1030653847;103;ADELANTAR CERRANDO
551;2551;1/25/2024 8:52 AM;HERIDOS;CHOQUE;VEHICULO;-74,15508303;4,637968876;8;;1;CLASE DE VEHICULO N 1 BUS POLIZA DE VEHICULO 2 35892435 DIRECCION CONDUCTOR N2 CL 83 SUR N 91  70 TO 12 APTO 302  ;112;DESOBEDECER SEÑALES O NORMAS DE TRANSITO
552;2552;1/25/2024 8:30 AM;DANOS;CHOQUE;OBJETO;-74,14770248;4,644046736;8;;;HIPOTESIS VH1 112 EXISTE SEÑAL SR 18 EL CAMION TRANSITA SOBRE LA CARRERA 81B Y CON LA CARROCERIA ENREDA UNOS CABLES Y ESTA TENSION DE LOS MISMOS HACE QUE SE CAIGAN 2 POSTES QUE ESTABAN UBICADOS SOBRE LA CALLE 8 BIS F;308;OTRA HIPÓTESIS (VÍA)
553;2553;1/25/2024 8:30 AM;HERIDOS;CHOQUE;VEHICULO;-74,15884001;4,647173762;8;;1;SE DEJA CONSTANCIA QUE NO SE DIAGRAMA MOTOCICLETAS INVOLUCRADAS YA QUE FUERON MOVIDAS DE SU POSICION FINAL DESCONOCIENDO LOS MOTIVOS DE IGUAL FORMA EL SEÑOR RODRIGUEZ PADILLA JUAN CAMILO CC 1018503914 LESIONADO MANIFIESTA LIBRE Y VOLUNTARIAMENTE NO INTERPONER QUERELLA POR LAS LESIONES  RES 01670 Y 0;122;GIRAR BRUSCAMENTE
554;2554;1/25/2024 8:17 AM;HERIDOS;CHOQUE;VEHICULO;-74,16042331;4,588606477;19;;3;NO SE DIAGRAMA LOS VEHICULOS YA QUE FUERON MOVIDOS DE SU PUNTO DE IMPACTO O POSICION FINAL CONDUCTOR VEHICULO N 1 SE NOTIFICA ORDEN DE COMPARENDO POR TRANSPORTAR PERSONAS QUE PIERDEN LA MANIONIDAD DE LA BICICLETA N COMPARENDO 92318026;157;OTRA HIPÓTESIS (CONDUCTOR)
555;2555;1/25/2024 8:00 AM;HERIDOS;CHOQUE;VEHICULO;-74,11027744;4,690493851;10;;2;HIPOTESIS 122  104 CORRIJO HIPOTESIS CORRIJO SERVICIO PARA VH2 PARTICULAR ;122;GIRAR BRUSCAMENTE
556;2556;1/25/2024 7:19 AM;DANOS;CHOQUE;VEHICULO;-74,13792714;4,661824185;9;;;CORRIJO CASILLA 8 2 EMPRESA POLICIA NACIONAL DE COLOMBIA NIT 800141397;134;REVERSO IMPRUDENTE
557;2557;1/25/2024 6:54 AM;HERIDOS;CHOQUE;VEHICULO;-74,05639335;4,718482752;11;;1;ACCIDENTE DE TRANSITO CON VEHICULO EN FUGA EL CONDUCTOR DEL BUS MANIFIESTA QUE AL LUGAR LLEGO UNA AMBULANCIA Y SE ENCONTRABA VALORANDO AL CONDUCTOR DE LA MOTO PERO QUE ESTE  DE LA MISMA LLEGAN UNOS EXTRANJEROS Y SE LLEVAN LA MOTO Y SE VAN CON EL CONDUCTOR DANDOSE A LA FUGA REFIEREN LA PLACA SUH01F S;112;DESOBEDECER SEÑALES O NORMAS DE TRANSITO
558;2558;1/25/2024 6:23 AM;HERIDOS;CHOQUE;VEHICULO;-74,0928859;4,670907027;10;;2;CORRIJO CARACTERISTICAS DEL LUGAR 6 4 DISEÑO ES INTERSECCION CORRIJO TOTAL DE VICTIMAS CONDUCTOR 02;122;GIRAR BRUSCAMENTE
559;2559;1/25/2024 5:50 AM;HERIDOS;CHOQUE;VEHICULO;-74,10232095;4,749785271;11;;2;SE CORRIGE CASILLA 8 3 DE VEHICULO 1 CAMPERO NUMERO TELEFONICO 3103443440 DEL CONDUCTOR VEHICULO 1;132;NO RESPETAR PRELACION
560;2560;1/25/2024 5:20 AM;HERIDOS;CHOQUE;VEHICULO;-74,13341639;4,611861904;8;;1;SE DEJA CONSTANCIA QUE EL CONDUCTOR N 11 MANIFIESTA NO QUERER QUERELLAR POR SU PROPIA VOLUNTAD LOS VEHICULOS LOS MUEVEN DE SU POSICION FINAL Y EL OTRO EN FUGA;143;PONER EN MARCHA UN VEHICULO SIN PRECAUCIONES
561;2561;1/25/2024 5:10 AM;HERIDOS;CHOQUE;VEHICULO;-74,0666317;4,622401711;3;;3;EN EL LUGAR SE OBSERVA LA CAMARA DEL CAD N 7017 LA CUAL LA SEÑORITA PATRULLERA MONICA LEIVA MANIFIESTA QUE SE ENCUENTRA FUERA DE SERVICIO;157;OTRA HIPÓTESIS (CONDUCTOR)
562;2562;25/01/2024;HERIDOS;CAIDA;;-74,12216009;4,52002067;5;;1;SE DEJA CONSTANCIA QUE SEGUN LO MANIFESTADO POR EL PEATON EL VEHICULO EN FUGA ES COLOR AMARILLO SERVICIO PUBLICO SIN MAS DATOS POR EL CIUDADANO LESIONADO EL SOLICITO UNA MOTOCICLETA POR APLICACION  ESTA POR ESQUIVAR UN HUECO LO HACE CAER DE LA MISMA DANDOSE A LA FUGA CONDICION DEL LESIONADO ACOMPAÑA;506;OTRA HIPÓTESIS (PASAJERO O ACOMPAÑANTE)
563;2563;1/24/2024 9:25 PM;HERIDOS;CHOQUE;VEHICULO;-74,06769263;4,594817598;3;;4;SE REALIZA ORDEN DE COMPARENDO POR NO TENER LICENCIA N 39580136 PARA EL VEHICULO 2;139;IMPERICIA EN EL MANEJO
564;2564;1/24/2024 9:11 PM;HERIDOS;CHOQUE;OBJETO;-74,10114271;4,728616231;11;;1;MANIFIESTAN TESTIGOS QUE OBSERVARON EL ACCIDENTE QUE UNA CAMIONETA TIPO FURGON DE COLOR BLANCO DE SERVICIO PUBLICO CON PLACAS KOK230 MARCA JMC REALIZA CAMBIO DE CARRIL HACIA LA IZQUIERDA EL MOTOCICLISTA POR ESE MOTIVO HACIA LA IZQUIERDA CHOCANDO CONTRA EL SEPARADOR Y PERDIENDO EL CONTROL DE LA MOTOC;157;OTRA HIPÓTESIS (CONDUCTOR)
565;2565;1/24/2024 7:41 PM;HERIDOS;CHOQUE;VEHICULO;-74,1195819;4,628883599;16;;1;CORRIJO CASILLA 15 DATOS QUIEN CONOCE EL CASO PLACA 94400 LA MADRE DEL SEÑOR KEVIN QUIEN MANIFIESTA NO REQUERIR NINGUN TIPO DE PROCEDIMIENTO DE TRANSITO NO DESEA INTERPONER QUERELLA LESIONADO MANIFIESTA LIBRE Y VOLUNTARIAMENTE NO INTERPONER EN EL MOMENTO RESOLUCION 01670 Y 03922 DE 2016 CIRCULAR 001;157;OTRA HIPÓTESIS (CONDUCTOR)
566;2566;1/24/2024 6:48 PM;HERIDOS;CHOQUE;VEHICULO;-74,16887055;4,596268528;7;;1;SE REALIZA ORDEN DE COMPARENDO PARA VH2 BICICLETA N 42317643 A08;97;TRANSITAR POR VIAS PROHIBIDAS
567;2567;1/24/2024 6:20 PM;DANOS;CHOQUE;VEHICULO;-74,09159296;4,597430311;14;;;VH2 SE ENCUENTRA ESTACIONADO CUANDO CAMINA LA MARCHA  COLISIONA CON EL VH1;143;PONER EN MARCHA UN VEHICULO SIN PRECAUCIONES
568;2568;1/24/2024 6:20 PM;HERIDOS;CHOQUE;VEHICULO;-74,1988001;4,606431227;7;;1;NO SE DIAGRAMA LA BICICLETA YA QUE FUE MOVIDO DE SU POSICION FINAL CORRIJO PROPIETARIO VH2  DARIKSON ALEXIS CASTRO JIMENEZ CC 1073673447;98;TRANSITAR ENTRE VEHICULOS
569;2569;1/24/2024 5:30 PM;HERIDOS;CHOQUE;VEHICULO;-74,13193703;4,576310673;6;;1;LA SEÑORA KELLY JHOANA VARGAS ESPOSA DE SR LESIONADO INFORMA QUE EL VEHICULO N 2 FUE SOLICITADO POR LA APLICACION PICKAP QUIEN SUMINISTRA LA PLACA DEL VH2 ROM98G LA HIPOTESIS 098 157 CORESPONDE AL VEHICULO N 2 NO SE LOGRA OBTENER DATOS DEL VEHICULO N 2 DEBIDO AL QUE NO ESTA HABILITADA EL RUNT;157;OTRA HIPÓTESIS (CONDUCTOR)
570;2570;1/24/2024 5:00 PM;HERIDOS;CHOQUE;VEHICULO;-74,1598003;4,52133427;19;;2;NO SE DIAGRAMA LA MOTOCICLETA YA QUE FUE MOVIDA DE SU POSICION FINAL SE NOTIFICA COMPARENDO CONDUCTOR VEHICULO N 2 POR LA INFRACCION B02 N 31428000 LICENCIA DE CONDUCCION VENCIDA CONDUCTOR VH1 SE NOTIFICA ORDEN DE COMPARENDO 423171006 POR LA INFRACCION C35 REVISION TECNICO MECANICA VENCIDA Y COMPARE;139;IMPERICIA EN EL MANEJO
571;2571;1/24/2024 4:40 PM;HERIDOS;CHOQUE;VEHICULO;-74,06609331;4,624819144;3;;1;SE DEJA ESTA HIPOTESIS  YA QUE EN DONDE SE ESTACIONA EL SEÑOR HABIA UN PARADERO NO SE CONOCE EL CASO ANTE FISCALIA YA QUE EL SEÑOR DE LA MOTCICLETA NO DESEA QUERELLAR SE LE DEJA DE PRESENTE QUE TIENE 6 MESES PARA QUERELLAR;141;VEHICULO MAL ESTACIONADO
572;2572;1/24/2024 4:35 PM;HERIDOS;CHOQUE;VEHICULO;-74,07951131;4,604014095;15;;2;CORRIJO CASILLA 81 V1 VENCIMIENTO LICENCIA 110831;157;OTRA HIPÓTESIS (CONDUCTOR)
573;2573;1/24/2024 3:12 PM;HERIDOS;CHOQUE;VEHICULO;-74,07897901;4,646576529;13;;1; CORRIJO NUMERO DE POLIZA DEL VEHICULO N 2 150011046310200;121;NO MANTENER DISTANCIA DE SEGURIDAD
574;2574;1/24/2024 3:00 PM;HERIDOS;ATROPELLO;;-74,18613106;4,627823153;7;;1;CORRIJO NO HAY CONDUCTOR NUMERO 2 YA QUE ERA UN PEATON EL SEÑOR PEDRO ES VALORADO POR LA AMBULANCIA SIN EMBARGO NO QUIERE SER VALORADO POR UN MEDICO NI TRASLADADO A CENTRO MEDICO IGUALMENTE REFIERE NO REQUERIR NINGUN PROCEDIMIENTO DE TRANSITO RETIRANDOSE POR SUS PROPIOS MEDIOS SE HACE CARGO DEL SEÑO;112;DESOBEDECER SEÑALES O NORMAS DE TRANSITO
575;2575;1/24/2024 2:55 PM;HERIDOS;ATROPELLO;;-74,07041066;4,615080542;3;;3;SE CORRIGE DIRECCION CARRERA 13 N 27 98;142;SEMAFORO EN ROJO
576;2576;1/24/2024 2:00 PM;HERIDOS;VOLVAMIENTO;;-74,16283754;4,596064358;7;;1;SE REALIZA ORDEN DE COMPARENDO N 42315619 POR INFRACCION D01 YA QUE NUNCA A OBTENIDO LICENCIA DE CONDUCCION CORRIJO DISEÑO DE LA VIA GLORIETA Y DIRECCION CRA 71C CON CALLE 57R SUR CONDUCTOR MANIFIESTA NO REQUERIR NADA SIN EMBARGO SI DEJA EL ANTECEDENTE DEL INFORME DE ACCIDENTES;139;IMPERICIA EN EL MANEJO
577;2577;1/24/2024 1:00 PM;HERIDOS;CHOQUE;OBJETO;-74,14616009;4,539818491;19;;2;EN EL LUGAR SE OCACIONAN DAÑOS AL INMUEBLE DE NOMENCLATURA CRA 18D BIS B N 78 40 SUR COMO RESPONSABLE LA SEÑORA DAMARIS CORREA OROZCO DE CC 30306521 CON N TELEFONICO 3107954583;125;ESTACIONAR SIN SEGURIDAD
578;2578;1/24/2024 12:20 PM;HERIDOS;CHOQUE;VEHICULO;-74,06402008;4,65903176;12;;2;SE NOTIFICA ORDEN DE COMPARENDO N 42316904 INFRACCION D04 CONDUCTOR N1;112;DESOBEDECER SEÑALES O NORMAS DE TRANSITO
579;2579;1/24/2024 11:46 AM;HERIDOS;ATROPELLO;;-74,19886083;4,624541225;7;;1;SE DEJA CONSTANCIA QUE LA SEÑORA JESSICA VIVIANA ROBAYO JUEZ CON CC 1024578710 MADRE DEL MENOR MANIFIESTA LIBREMENTE QUE NO REQUIERE DE NINGUN PROCEDIMIENTO DE TRANSITO YA QUE LLEGA AUN ACUERDO CON EL CONDUCTOR DEL VH1 Y TAMPOCO REQUIERE INTERPONER QUERELLA HACIENDOSE CARGO Y RESPONSABLE DEL MENOR;157;OTRA HIPÓTESIS (CONDUCTOR)
580;2580;1/24/2024 11:33 AM;HERIDOS;CHOQUE;VEHICULO;-74,11520764;4,613690021;16;;2;SE CORRIGE PLACA VEHICULO N 2 RAA56G;122;GIRAR BRUSCAMENTE
581;2581;1/24/2024 11:30 AM;HERIDOS;VOLVAMIENTO;;-74,13238765;4,668111585;9;;1;INVOLUCRADO DEL ACCIDENTE MANIFIESTA DE FORMA VOLUNTARIA LIBRE Y SIN COACCION ALGUNA NO QUERER QUERELLA EN EL MOMENTO CIRCULAR 001 DEL 25052017;306;HUECOS
582;2582;1/24/2024 10:08 AM;HERIDOS;CHOQUE;VEHICULO;-74,1288881;4,562849889;6;;2;PADRE DEL MENOR LESIONADO JAIME RODRIGUEZ CC 80748652 Y ACOMPAÑANTE LESIONADO MANIFIESTAN LIBRE Y VOLUNTARIAMENTE NO INTERPONER QUERELLA;112;DESOBEDECER SEÑALES O NORMAS DE TRANSITO
583;2583;1/24/2024 7:44 AM;HERIDOS;CHOQUE;VEHICULO;-74,10081658;4,607721333;16;;1;HIPOTESIS 112 SEÑAL SR01 SE CORRIGE CASILLA 73 CALZADAS 1;112;DESOBEDECER SEÑALES O NORMAS DE TRANSITO
584;2584;1/24/2024 7:10 AM;HERIDOS;CHOQUE;VEHICULO;-74,10135863;4,58623182;15;;1;SE LE NOTIFICA ORDEN DE COMPARENDO N 42312701 AL CONDUCTOR DEL VEHICULO N 1 POR LA INFRACCION D04 NO DETENERSE ANTE SEÑAL DE PARE;112;DESOBEDECER SEÑALES O NORMAS DE TRANSITO
585;2585;1/24/2024 6:44 AM;HERIDOS;CHOQUE;VEHICULO;-74,13083416;4,614351924;8;;3;NO SE DIAGRAMA EL VH2 YA QUE FUE MOVIDO DE SU POSICION FINAL;127;TRANSITAR EN CONTRAVIA
586;2586;24/01/2024;HERIDOS;CHOQUE;VEHICULO;-74,09063804;4,522207429;4;;2;CORRECCION CASILLA 7 VIA 1 CALZADA 1 ;157;OTRA HIPÓTESIS (CONDUCTOR)
587;2587;1/23/2024 10:24 PM;HERIDOS;CHOQUE;VEHICULO;-74,10413606;4,576804935;18;;2;CORRIJO CASILLA N 8 9 BICICLETA VEHICULO 2;103;ADELANTAR CERRANDO
588;2588;1/23/2024 10:02 PM;MUERTOS;CHOQUE;VEHICULO;-74,05179945;4,717541573;1;1;1;SE DEJA CONSTANCIA QUE NO SE LOGRA ESTABLECER FECHA DE NACIMIENTO DEL CONDUCTOR DEL VEHICULO N 4;116;EXCESO DE VELOCIDAD
589;2589;1/23/2024 8:40 PM;DANOS;CHOQUE;VEHICULO;-74,14375289;4,567015277;19;;;VEHICULO 1 121 Y 115 CONDUCTOR VH1 POSITIVO GRADI 111 N DE COMPARENDO 42316053 SOAT VENCIDO COMPARENDO 42316067 CONDUCTOR VH2 B02 COMPARENDO 42316226 CONDUCTOR VH3 B02 COMPARENDO 42316242;121;NO MANTENER DISTANCIA DE SEGURIDAD
590;2590;1/23/2024 7:54 PM;HERIDOS;CHOQUE;VEHICULO;-74,07783883;4,604570679;3;;2;SE DEJA CONSTANCIA QUE LOS PASAJEROS VENIAN EN EL VEHICULO N 2 Y SE ADJUNTA ANEXO DE PASASAJEROS A LAS DILIGENCIAS SE ENTREGA DILIGENCIAS MOVIL 3 14 Y CENTRO SI CRUZ  OCHOA SERGIO;112;DESOBEDECER SEÑALES O NORMAS DE TRANSITO
591;2591;1/23/2024 7:15 PM;HERIDOS;CHOQUE;VEHICULO;-74,13511753;4,539122901;19;;2;NO SE RADICA EN FISCALIA YA QUE NINGUNO DE LAS LESIONES ELLOS MANIFESTARON SU DESEO DE NO INTERPONER DENUNCIA EN CONCORDANCIA RESOLUCION 01670 Y 03922 DE 2016 Y CIRCULAR 001 DEL 25052017 SE CORRIJE FECHA DE NACIMIENTO V1 27071968;104;ADELANTAR INVADIENDO CARRIL DE SENTIDO CONTRARIO
592;2592;1/23/2024 6:49 PM;HERIDOS;CHOQUE;VEHICULO;-74,14714247;4,590587376;6;;3;FAMILIARES Y LESIONADOS MANIFIESTAN NO INTERPONER QUERELLA EN EL MOMENTO ANTE FISCALIA CIRCULAR N 001 DEL 25052017;104;ADELANTAR INVADIENDO CARRIL DE SENTIDO CONTRARIO
593;2593;1/23/2024 6:43 PM;HERIDOS;ATROPELLO;;-74,16484481;4,624985145;8;;2;CORRIJO CASILLA 5 ES ATROPELLO;131;SALIRSE DE LA CALZADA
594;2594;1/23/2024 5:37 PM;HERIDOS;CHOQUE;VEHICULO;-74,05977634;4,647889895;2;;1;CORRIJO CASILLA 8 1 N LICENCIA CONDUCTOR VH1 NUMERO 1022352665 EL CONDUCTOR DEL VEHICULO N 1 ME MANIFIESTA QUE SE ENCONTRABA SOBRE EL ANDEN SALIENDO DEL BODY TECH;133;SUBIRSE AL ANDEN O VIAS PEATONALES
595;2595;1/23/2024 4:43 PM;HERIDOS;CHOQUE;VEHICULO;-74,1348265;4,664256426;9;;1;CORRIJO CASILLA 4 FECHA Y HORA DE OCURRENCIA SIENDO 23 01 2024 16 43;112;DESOBEDECER SEÑALES O NORMAS DE TRANSITO
596;2596;1/23/2024 4:15 PM;MUERTOS;ATROPELLO;;-74,1193799;4,601272484;16;1;1;CORRIJO NOMBRE DEL CONDUCTOR ANDRES FELIPE TIQUE DUCUARA PEATON NO SUMINISTRA DATOS POR SU ESTADO DE SALUD Y NO HAY FAMILIARES DEL MISMO;112;DESOBEDECER SEÑALES O NORMAS DE TRANSITO
597;2597;1/23/2024 3:10 PM;MUERTOS;ATROPELLO;;-74,17931118;4,603302442;7;1;2;NO SE DIAGRAMA LA MOTOCICLETA YA QUE AL LLEGAR AL LUGAR DE LOS HECHOS EL VEHICULO FUE MOVIDO DE SU POSICION FINAL;157;OTRA HIPÓTESIS (CONDUCTOR)
598;2598;1/23/2024 3:00 PM;DANOS;CHOQUE;OBJETO;-74,08383978;4,542071964;4;;;VEHICULO N 1 COLISIONA CON BARANDA DE ANDEN ARRANCANDOLA DE LA BASE PISO Y DOBLADA SE HACE RESPONSABLE LA SEÑORA YANET PEREZ VERA DE CC 27633326 QUIEN ES LA PRESIDENTA DE LA J A C DIRECCION CALLE 44A SUR N 13B 44 ESTE TEL 3208797187;157;OTRA HIPÓTESIS (CONDUCTOR)