CODIGO_ACCIDENTE;FORMULARIO;FECHA;GRAVEDAD;CLASE;CHOQUE;LONGITUD;LATITUD;CODIGO_LOCALIDAD;TOTAL_MUERTOS;TOTAL_HERIDOS;TEXTO_OBSERVACIONES;CODIGO_CAUSA;DESCRIPCION
599;2599;1/23/2024 2:56 PM;DANOS;CHOQUE;VEHICULO;-74,03200013;4,739352939;1;;;SE CORRIGE TECNOMECANICA VH3 169576896 SE DEJA CONSTANCIA QUE EL VEHICULO TAXI DE PLACA WEW233 SE VA DEL LUGAR;121;NO MANTENER DISTANCIA DE SEGURIDAD
600;2600;1/23/2024 2:50 PM;HERIDOS;CHOQUE;VEHICULO;-74,0461994;4,747091579;1;;2;SE CORRIGE CASILLA 9 1 ES PASAJERO CLASE DE ACCIDENTE CHOQUE CONTRA AUTOMOVIL PARTICULAR  ABK593 Y BICITAXI DE MOTOR BM1418UUZX 0450;112;DESOBEDECER SEÑALES O NORMAS DE TRANSITO
601;2601;1/23/2024 1:03 PM;HERIDOS;CHOQUE;VEHICULO;-74,13799005;4,584130097;6;;1;FAMILIARES Y LESIONADO MANIFIESTAN DE MANERA VOLUNTARIA Y EXPONTANEA NO INTERPONER QUERELLA ANTE LA FISCALIA CIRCULAR N 001 DEL 25052017 SE REALIZA TAMIZAJE A LOS CONDUTORES ARROJANDO COMO RESULTADO NEGATIVO PARA LOS DOS CONDUCTORES ;127;TRANSITAR EN CONTRAVIA
602;2602;1/23/2024 12:41 PM;HERIDOS;CHOQUE;VEHICULO;-74,06883416;4,617958479;3;;2;112 PARA LOS DOS CONDUCTORES PARA DETERMINAR QUIEN OMITE LA LUZ ROJA DEL SEMAFORO SE RECTIFICA LA CC DEL PROPIETARIO DEL VH2 79056223;112;DESOBEDECER SEÑALES O NORMAS DE TRANSITO
603;2603;1/23/2024 11:02 AM;HERIDOS;CHOQUE;VEHICULO;-74,08477721;4,624556172;13;;2;CORRIJO LA HIPOTESIS ES PARA EL VEHICULO N 1 ES 103;103;ADELANTAR CERRANDO
604;2604;1/23/2024 11:00 AM;HERIDOS;ATROPELLO;;-74,07760352;4,612536847;14;;2;CORRIJO TELEFONO 3203536832 CONDUCTOR VH1 SE LE NOTIFICA ORDEN DE COMPARENDO N 42314524 POR B02 A CONDUCTOR VH1;122;GIRAR BRUSCAMENTE
605;2605;1/23/2024 10:17 AM;HERIDOS;CHOQUE;VEHICULO;-74,07189701;4,633314667;13;;1;LA SEÑORA SOFIA SAAVEDRA DE CC 1031179055 MANIFIESTA LIBRE Y VOLUNTARIAMENTE NO QUERELLA POR SUS LESIONES NO SE RADICA CASO EN FISCALIA CORRIJO CASILLA 8 CONDUCTOR N1 NO FUE TRASLADADO A CENTRO MEDICO Y NO PRESENTO LESIONES;157;OTRA HIPÓTESIS (CONDUCTOR)
606;2606;1/23/2024 10:10 AM;HERIDOS;VOLVAMIENTO;;-74,15658995;4,640797843;8;;2;SE CORRIGE CASILLA 9 HOSPITAL Y CLINICA DE ATENCION ES CLINICA MEDICAL KENNEDY;306;HUECOS
607;2607;1/23/2024 9:46 AM;DANOS;CHOQUE;VEHICULO;-74,17448139;4,587452942;19;;;CLASE DE ACCIDENTE CHOQUE CON VEHICULO POSTERIORMENTE CON OBJETO FIJO POSTE 2104082 SE PRESENTA COMO RESPONSABLE DEL VH2 EL SEÑOR HUGO HERNANDO UBAQUE MORALES CON CC 79346258 DE 59 AÑOS CELULAR 3137250225 SE DEJA COMO RESPONSABLE DE LA VIVIENDA CALLE 62I N 74H 04 SUR TIENDA DISTRIMORENO EL SEÑOR PED;125;ESTACIONAR SIN SEGURIDAD
608;2608;1/23/2024 8:00 AM;HERIDOS;CHOQUE;VEHICULO;-74,14612707;4,564749998;19;;2;SE CORRIGE CLASE DE ACCIDENTE CHOQUE CON VEHICULO Y POSTERIORMENTE UNO DE LOS VEHICULOS INVOLUCRADOS GENERA EL ATROPELLO;112;DESOBEDECER SEÑALES O NORMAS DE TRANSITO
609;2609;1/23/2024 7:53 AM;HERIDOS;CHOQUE;VEHICULO;-74,04637018;4,751568135;1;;1;LESIONADO MANIFIESTA NO INTERPONER QUERELLA CIRCULAR N 001 DEL 250517 NO SE INMOVILIZAN LO VEHICULOS SE EXPLICA A LAS PARTES DE PROCEDIMIENTO A SEGUIR SE ENTREGA DOCUMENTOS DEL CONDUCTOR VH2 AL SEÑOR OSCAR CABRA PADRE DEL LESIONADO ;98;TRANSITAR ENTRE VEHICULOS
610;2610;1/23/2024 7:50 AM;HERIDOS;CHOQUE;VEHICULO;-74,03278124;4,702494279;1;;1;NO SE GRAFICA EL VEHICULO N 2 PORQUE FUE MOVIDO DE SU POSICION FINAL;157;OTRA HIPÓTESIS (CONDUCTOR)
611;2611;1/23/2024 7:20 AM;HERIDOS;CHOQUE;VEHICULO;-74,15695009;4,689298125;9;;2;EL CONDUCTOR DEL VEHICULO 1 MANIFIESTA QUE EL CHOQUE FUE CON UN BUS DE SERVICIO PUBLICO COLOR AZUL DE TRANSMILENIO DE PLACAS GVK149 EL CUAL AL LLEGAR AL LUGAR DE LOS HECHOS NO SE ENCUENTRA DE SEJA CONSTANCIA QUE LA CONDUCTORA DE LA MOTO Y LA PASAJERA NO DESEAN QUERELLAR;112;DESOBEDECER SEÑALES O NORMAS DE TRANSITO
612;2612;1/23/2024 7:20 AM;HERIDOS;CHOQUE;VEHICULO;-74,07062014;4,670769102;12;;1;CORRIJO PLACA VH2 GPY383 EL LESIONADO NO DESEA FIRMAR QUERELLA EL CUAL SE EXPLICA EL PROCEDIMIENTO QUE TIENE 6 MESES PARA IMPONER RECLAMACION ANTE FISCALIA ;98;TRANSITAR ENTRE VEHICULOS
613;2613;1/23/2024 6:45 AM;HERIDOS;CHOQUE;VEHICULO;-74,11171269;4,654710645;9;;1;SE LE CODIFICA A AMBOS CONDUCTORES YA QUE AMBOS IBAN CAMBIANDO A GIRAR SE ENCUENTRAN SEGUN LO MANIFIESTA CADA CONDUCTOR SE DEJA CONSTANCIA SE CORRIGE CASILLA 6 CARACTERISTICA DEL LUGAR 64 DISEÑO SE MARCA COMO TRAMO DE VIA NO CICLORUTA ANULANDO LA CICLORUTA ;122;GIRAR BRUSCAMENTE
614;2614;1/23/2024 6:22 AM;HERIDOS;CHOQUE;VEHICULO;-74,17699181;4,625914055;7;;2;CORRIJO SOAT VH2 85363768 SEGUROS MUNDIAL 27 04 2024;157;OTRA HIPÓTESIS (CONDUCTOR)
615;2615;1/23/2024 5:20 AM;HERIDOS;CHOQUE;VEHICULO;-74,12638095;4,696279228;10;;1;CORRIJO N DE LICENCIA DE TRANSITO VH1 SIENDO 10027192273;157;OTRA HIPÓTESIS (CONDUCTOR)
616;2616;1/23/2024 3:30 AM;HERIDOS;CHOQUE;VEHICULO;-74,09476442;4,715858841;11;;1;EL SEÑOR GERMAN ALEXANDER DUEÑAS FORERO MANIFIESTA NO QUERER QUE SE CONOSCA EL INCIDENTE DE TRANSITO TAMPOCO FIRMA QUERELLA NI DERECHOS DE VICTIMA SE PROCEDE A REALIZAR INFORME DE ACCIDENTE COMO SOLO DAÑOS SE CORRIGE REVISION TECNICO MECANICA VH1 SIENDO EL CORRECTO 170892660;121;NO MANTENER DISTANCIA DE SEGURIDAD
617;2617;23/01/2024;HERIDOS;CHOQUE;VEHICULO;-74,16037259;4,624887683;8;;6;VH2  ES UNA CARRETA  DE TRACCION  HUMANA DE COLOR NEGRO LA CUAL TRANSITA POR EL CARRIL IZQUIERDO DE LA CRA 80 AL SUR;157;OTRA HIPÓTESIS (CONDUCTOR)
618;2618;1/22/2024 9:50 PM;HERIDOS;CHOQUE;VEHICULO;-74,11500767;4,51476992;5;;3;SE NOTIFICA ORDEN DE COMPARENDO N 42312657 INFRACCION D01 AL CONDUCTOR VH 2 CORRIJO HORA PROBLABLE DE OCURRENCIA 2150;139;IMPERICIA EN EL MANEJO
619;2619;1/22/2024 7:00 PM;HERIDOS;CHOQUE;VEHICULO;-74,10086242;4,670693528;10;;2; CORRIJO DIRECCION CONDUCTOR N 1 CRA 7 N 2 24 SUR NO SE DIAGRAMAN LOS VEHICULOS YA QUE FUERON MOVIDOS DE LA POSICION FINAL;121;NO MANTENER DISTANCIA DE SEGURIDAD
620;2620;1/22/2024 6:25 PM;MUERTOS;ATROPELLO;;-74,10647226;4,70724062;10;1;1;LA TRANSVERSAL 94 EL CARRIL IZQUIERO SE ENCUENTRA HABILITADO COMO ZONA DE PARQUEO PAGO ZPP QUIRIGUA HIPOTESIS 157 NO ESTAR ATENTO A LOS DEMAS ACTORES VIALES  NO ES POSIBLE RELACIONAR MAS DATOS DEL PEATON Y NO ES POSIBLE UBICACION DE FAMILIARES;157;OTRA HIPÓTESIS (CONDUCTOR)
621;2621;1/22/2024 6:00 PM;HERIDOS;ATROPELLO;;-74,13951088;4,588013114;6;;2;EL PEATON TRANSITA SOBRE LA CALZADA HALANDO UNA CARRETA DE TRACCION HUMANA AL LUGAR LLEGA LA GRUA 137 DE LA SOM LA CUAL MANIFIESTA QUE NO ESTAN ACLARANDO PARA EL TRASLADO DE CARRETES POR TAL MOTIVO ES ENTREGADO A LA SRA LILIANA GALLEGO ROMERO;157;OTRA HIPÓTESIS (CONDUCTOR)
622;2622;1/22/2024 5:40 PM;HERIDOS;CHOQUE;VEHICULO;-74,11734484;4,710042697;10;;1;LA SEÑORA MADRE DEL CONDUCTOR VH2 LA SEÑORA ZAPATA GOMEZ LINA YARLEDY DE CEDULA 52914337 NO DESEA INTERPONER QUERELLA ANTE FISCALIA GENREAL DE LA NACION ;104;ADELANTAR INVADIENDO CARRIL DE SENTIDO CONTRARIO
623;2623;1/22/2024 5:30 PM;HERIDOS;CHOQUE;VEHICULO;-74,08274125;4,592985481;3;;1;SE LE REALIZA ORDEN DE COMPARENDO AL VEHICULO N 2 POR LICENCIA DE CONDUCCION D 01 Y C35 REVISION TECNICO MECANICA N 42313329 Y 42313254 LA LESIONADA NO INTERPONE QUERELLA CIRCULAR 001  DEL 2017 NO SE INMOVILIZA LOS VEHICULOS SE LE EXPLICA EL PROCEDIMIENTO A LOS DOS CONDUCTORES ;121;NO MANTENER DISTANCIA DE SEGURIDAD
624;2624;1/22/2024 5:13 PM;HERIDOS;CHOQUE;VEHICULO;-74,13607154;4,558063942;19;;2;CORRECCION CASILLA 64 DISEÑO INTERSECCION;122;GIRAR BRUSCAMENTE
625;2625;1/22/2024 3:54 PM;DANOS;CHOQUE;OBJETO;-74,08641434;4,566809895;4;;;OBJETO FIJO POSTE LLUZ CODENSA N 223605 VEHICULO SE DESGRANA SE DESENFRENA Y SE RUEDA OCACIONANDO DAÑOS EN LA ESTRUCTURA DEL POSTE EN EL MOMENTO DEL ACCIDENTE LA GRUA ESTABA CARGADA CON 01 CAMIONETA PLACA CHU866 BLAZER AZUL EL CUAL SUFRE DAÑOS EN BOMPER CASTER ;125;ESTACIONAR SIN SEGURIDAD
626;2626;1/22/2024 2:50 PM;HERIDOS;CHOQUE;OBJETO;-74,07077293;4,644230687;13;;2;SE DEJA LA OBSERVACION QUE EL OBJETO FIJO NO SE INMOVILIZA YA QUE ES UNA CARRETA DE TRACCION HUMANA Y FABRICACION CASERA SE CORRIGE LA CASILLA 8 2 A DISPOSICION DE URI PUENTE ARANDA;145;ARRANCAR SIN PRECAUCION
627;2627;1/22/2024 2:09 PM;HERIDOS;CHOQUE;VEHICULO;-74,12663209;4,71414864;10;;2;CORRIJO MISMO CONDUCTOR Y PROPIETARIO VH2;90;TRANSPORTAR OTRA PERSONA O COSAS
628;2628;1/22/2024 12:35 PM;HERIDOS;CHOQUE;VEHICULO;-74,03083335;4,730678618;1;;2;HIPOTESIS 112 PARA LOS DOS VEHICULOS;112;DESOBEDECER SEÑALES O NORMAS DE TRANSITO
629;2629;1/22/2024 10:36 AM;HERIDOS;CHOQUE;VEHICULO;-74,09119495;4,550426714;4;;3;FECHA DE NACIMIENTO 01081989 DEL CONDUCTOR N1 DIRECCION DONDE OCURRE EL ACCIDENTE CARRERA 6 ESTE CON CALLE 40 SUR CEDULA DEL CONDUCTOR N2 DUMAR STEVEN PORRAS CC 1012434184 VH2 DE RADICACION SECCIONAL;104;ADELANTAR INVADIENDO CARRIL DE SENTIDO CONTRARIO
630;2630;1/22/2024 10:32 AM;HERIDOS;CHOQUE;VEHICULO;-74,12062787;4,659568857;9;;1;NACIONALIDAD CONDUCTOR N2 VENEZOLANO CON PPT 5190313;123;NO RESPETAR PRELACION DE INTERSECCIONES O GIROS
631;2631;1/22/2024 10:02 AM;HERIDOS;CHOQUE;VEHICULO;-74,04331294;4,748522369;1;;1;SE DEJA CONSTANCIA QUE LOS CONDUCTORES NO QUIEREN QUERELLAR SE LES EXPLICA EL PROCEDIMIENTO AÑADIERON QUE NO QUIEREN FIRMAR QUERELLA JUAN AGUSTIN CC 1005287053 VH2 FERNANDO MENDOZA CC 14888849;112;DESOBEDECER SEÑALES O NORMAS DE TRANSITO
632;2632;1/22/2024 7:50 AM;HERIDOS;CHOQUE;VEHICULO;-74,13842897;4,625804687;8;;2;CORRIJO CASILLA N 81 FECHA DE NACIMIENTO 07052001 DEJO CONSTANCIA QUE LOS VEHICULOS NO SE DIAGRAMAN O SE DIBUJAN YA QUE FUERON MOVIDOS DEL LUGAR DE LOS HECHOS ;106;ADELANTAR INVADIENDO CARRIL DEL MISMO SENTIDO EN ZIGZAG
633;2633;1/22/2024 7:05 AM;HERIDOS;CHOQUE;VEHICULO;-74,18543943;4,616951635;7;;3;NO SE DIAGRAMAN LOS VEHICULOS 1 Y 2 YA QUE FUERON MOVIDOS DE SU POSICION FINAL Y VH 3 AL PARECER ERA UNA MOTOCICLETA LA CUAL SE DA A LA FUGA SEGUN MANIFESTADO POR LOS OTROS CONDUCTORES INVOLUCRADOS;157;OTRA HIPÓTESIS (CONDUCTOR)
634;2634;1/22/2024 4:08 AM;HERIDOS;CHOQUE;OBJETO;-74,12098972;4,680507873;9;;1;CONDUCTOR MANIFIESTA QUE POR ESQUIVAR OTRO VEHICULO PIERDE EL CONTROL DE LA MOTOCICLETA MANIFIESTA QUE NO TIENE COLICION CON EL OTRO VEHICULO Y QUE GOLPEA CON EL SEPARADOR DE IGUAL MANERA NO DESEA INTERPONER QUERELLA;157;OTRA HIPÓTESIS (CONDUCTOR)
635;2635;1/22/2024 2:41 AM;DANOS;CHOQUE;OBJETO;-74,08828929;4,748428608;11;;;CAUSA DAÑO AL POSTE DE LUZ DE LA EMPRESA CODENSA N 2374004 Y CAUSA DAÑOS AL INMUEBLE DE DIRECCION CALLE 151 N 98 24 EL CUAL ES UN LOTE QUE FUNCIONA COMO PARADERO DE VEHICULOS EL CUAL SE ENCUENTRA ENCARGADO O ADMINISTRADO POR EL SEÑOR ZOILO DANIEL GONZALEZ PINILLA CC 6910505;157;OTRA HIPÓTESIS (CONDUCTOR)
636;2636;1/21/2024 9:37 PM;HERIDOS;CHOQUE;VEHICULO;-74,19186688;4,625907336;7;;1;SEGUN LO QUE INFORMA CONDUCTOR VH2 ES QUE EL CONDUCTOR DEL VH1 CHOCA CON UN TAXI LUEGO CON EL Y DESPUES EL TAXI RECOGE EL CELULAR DEL CONDUCTOR DE LA MOTO Y HULLE DEL LUGAR DE LOS HECHOS SE REALIZA COMPARENDOS N 39618226 Y  39618347;114;EMBRIAGUEZ APARENTE
637;2637;1/21/2024 9:23 PM;HERIDOS;CHOQUE;VEHICULO;-74,09240542;4,703852379;10;;3;SE NOTIFICA COMPARENDO NUMERO 39607976 POR INFRACCION B02 AL CONDUCTOR DEL VEHICULO NUMERO 1;104;ADELANTAR INVADIENDO CARRIL DE SENTIDO CONTRARIO
638;2638;1/21/2024 5:44 PM;HERIDOS;CHOQUE;VEHICULO;-74,1007054;4,686208946;10;;3;CORRIJO N DE CEDULA DE VICTIMA N1 SIENDO 1012449188 VH1 SUFRE VOLCAMIENTO TOTAL NO SE DIAGRAMA VH2 YA QUE NO SE ENCUENTRA EN SU POSICION FINAL;112;DESOBEDECER SEÑALES O NORMAS DE TRANSITO
639;2639;1/21/2024 5:04 PM;HERIDOS;ATROPELLO;;-74,09716551;4,586752936;15;;1;ART 59 PEATON DE 71 AÑOS NO SE ENCUENTRA ACOMPAÑADO DE OTRA PERSONA;157;OTRA HIPÓTESIS (CONDUCTOR)
640;2640;1/21/2024 4:15 PM;HERIDOS;CHOQUE;OBJETO;-74,11306915;4,703093197;10;;2;ACLARO ACOMPAÑANTE TI NUMERO DE DOCUMENTO NO DESEAN INTERPONER QUERELLA EN EL MOMENTO POR ESTO NO SE PUEDEN CONTINUAR CON LAS DELIGENCIAS JUDICIALES ACLARO CLASE DE ACCIDENTE CHOQUE CON OBJETO FIJO BACHES;139;IMPERICIA EN EL MANEJO
641;2641;1/21/2024 3:00 PM;HERIDOS;CHOQUE;VEHICULO;-74,14155917;4,66701646;9;;2;LESIONADOS EN EL SINIESTRO VIAL NO DESEAN INTERPONER QUERELLA DE ACUERDO A LA RESOLUCION 01670 Y 03922 DE 2016 Y CIRCULAR N 001 DE 2017 VEHICULO N 1 NO FUE INMOVILIZADO;132;NO RESPETAR PRELACION
642;2642;1/21/2024 2:35 PM;HERIDOS;CHOQUE;VEHICULO;-74,13083441;4,581946226;6;;3;SE CORRIGE CASILLA N 82 PROPIETARIO SANTAFE LUIS ORLANDO DE CC 6772084;112;DESOBEDECER SEÑALES O NORMAS DE TRANSITO
643;2643;1/21/2024 12:40 PM;HERIDOS;CHOQUE;VEHICULO;-74,12493159;4,710655089;10;;2;SE CORRIGE QUE LA SEÑORA NATHALY MALAGON ES CONDUCTORA DEL VH2;142;SEMAFORO EN ROJO
644;2644;1/21/2024 8:30 AM;HERIDOS;CHOQUE;VEHICULO;-74,14132769;4,610713504;8;;6;SE DEJA CONSTANCIA QUE LA POSIBLE HIPOTESIS ES SOLO PARA EL VEHICULO 1;121;NO MANTENER DISTANCIA DE SEGURIDAD
645;2645;1/21/2024 7:14 AM;HERIDOS;CHOQUE;VEHICULO;-74,06189151;4,708310425;11;;2;SE REALIZA ORDEN DE COMPARENDO AL CONDUCTOR DEL VEHICULO N 1 CON NUMERO 42310868 POR LA INFRACCION D01;139;IMPERICIA EN EL MANEJO
646;2646;1/21/2024 4:45 AM;HERIDOS;CHOQUE;OBJETO;-74,08900169;4,695450539;10;;4;SE DEJA CONSTANCIA QUE EL VEHICULO PRIMERO CHOCA CON EL OBJETO FIJO SEPARADOR DEL PUENTE VEHICULAR Y AL REBOTAR SALE EN DIRECCION A GOLPEAR LA MOTOCICLETA ENTREGO A LA MOVIL 9 Y 10;157;OTRA HIPÓTESIS (CONDUCTOR)
647;2647;1/21/2024 3:16 AM;HERIDOS;CHOQUE;VEHICULO;-74,11822838;4,55216276;18;;3;CORRECCION CASILLA 3 LUGAR CRA 5 M DIAGONAL 50 SUR CORRECION VH 1 SOAT 86382935;127;TRANSITAR EN CONTRAVIA
648;2648;1/21/2024 3:15 AM;DANOS;CHOQUE;OBJETO;-74,09999046;4,621665166;16;;;HIPOTESIS 157 CONDUCTOR DEL VEHICULO SE DA A LA FUGA ENSEGUIDA QUE OCURRE EL ACCIDENTE DE TRANSITO AFECTANDO SEPARADOR Y BARANDAS DE LA ESTACION DE TRANSMILENIO CALLE 43 COMA PAN DESCONOCIENDO DONDE SE ENCUENTRA EL CONDUCTOR Y O PERSONAS QUE VENIAN DENTRO DEL VEHICULO BARANDAS TOTALMENTE DESTRUIDAS ;157;OTRA HIPÓTESIS (CONDUCTOR)
649;2649;1/21/2024 3:00 AM;HERIDOS;CHOQUE;VEHICULO;-74,09600896;4,584776396;15;;5;SEMAFORO DIAGONAL 13A SUR POR AV CARACAS DESPRENDIDO AL LADO ORIENTE ACLARO IDENTIFICACION DE LA LESIONADA N 3 ES PERMISO DE PERMANENCIA CORRIJO FECHA DE NACIMIENTO LESIONADA 2 19 09 2000;142;SEMAFORO EN ROJO
650;2650;1/21/2024 2:09 AM;HERIDOS;CHOQUE;;-74,10296961;4,594885244;15;;5;CORRIJO CASILLA 5 MODALIDAD DEL ACCIDENTE  CHOQUE CON OBJETO FIJO Y POSTERIORMENTE COLISONA CON EL VH 2 SE DEJA CONSTANCIA QUE EL CONDUCTOR DEL VH1 COLISIONA CON UN BOLARDO ESTE AL SER EXPULSADO CHOCA CON LA VIVIENDA LE GENERA DAÑOS RESPONSABLE DE LA VIVIENDA OSCAR ORTIZ TOVAR CC 79982979 BOGOTA CEL;157;OTRA HIPÓTESIS (CONDUCTOR)
651;2651;21/01/2024;DANOS;CHOQUE;VEHICULO;-74,08778568;4,564848129;4;;;SE NOTIFICA ORDENES DE COMPARENDO POR INFRACCIONES D02 SOAT VENCIDO C35 REVISION TECNICO MECANICA VENCIDA F EMBRIAGUEZ DANDO RESULTADO POSITIVO GRADO 1;115;EMBRIAGUEZ O SUSTANCIAS ALUCINOGENAS
652;2652;21/01/2024;DANOS;CHOQUE;VEHICULO;-74,0985606;4,571668219;18;;;SE REALIZA TRASLADO A LA SECCIONAL DE TRANSITO A REALIZARLE LA PRUEBA DE EMBRIAGUEZ A LOS CONDUCTORES COMPARENDO N 39616455 POSITVO GRADO III SE REALIZA LA RETENCION DE LICENCIA DE CONDUCCION CONDUCTOR VH2;115;EMBRIAGUEZ O SUSTANCIAS ALUCINOGENAS
653;2653;1/20/2024 10:05 PM;DANOS;CHOQUE;VEHICULO;-74,10523345;4,599540005;16;;;CORRIJO HIPOTESIS PARA EL CONDUCTOR VH1 115 EMBRIAGUEZ ANEXO ORDEN DE COMPARENDO PARA CONDUCTOR VH1 N 39616060 GRADO III ACOMPAÑANTE VH 2 CARDOZO CARRILO ENDY CC 1106454416  FECHA NACIMIENTO 21 02 98 DIRECCION DG 52 B SUR N 32 95 TEL 3205099499;115;EMBRIAGUEZ O SUSTANCIAS ALUCINOGENAS
654;2654;1/20/2024 9:45 PM;HERIDOS;CHOQUE;VEHICULO;-74,13110006;4,634781539;8;;1;MATRICULA DE VEHICULO N1 FUNZA;104;ADELANTAR INVADIENDO CARRIL DE SENTIDO CONTRARIO
655;2655;1/20/2024 8:26 PM;HERIDOS;CHOQUE;VEHICULO;-74,08582059;4,616062486;14;;1;CONDUCTOR DE LA CAMIONETA MANIFESTO QUE LA MOTOCICLETA LE GOLPEO ES ESPEJO POR ESTABLECER RESPONSABILIDAD AL VERIFICAR POSIBLES CAMARAS DE SEGURIDAD DEL CENTRO COMERCIAL MALL PLAZA Y DEL CAD SE CORRIGE CASILLA 8 N DE POLIZA 86872596;157;OTRA HIPÓTESIS (CONDUCTOR)
656;2656;1/20/2024 7:54 PM;DANOS;CHOQUE;VEHICULO;-74,12281878;4,58895771;18;;;SE REALIZA ORDEN DE COMPARENDO N 42310891 POR LA INFRACCION F AL CONDUCTOR DEL VEHICULO N 1 INMOVILIZA GRUA 171;115;EMBRIAGUEZ O SUSTANCIAS ALUCINOGENAS
657;2657;1/20/2024 7:50 PM;HERIDOS;CHOQUE;VEHICULO;-74,18088811;4,625501366;7;;2;NO SE DIAGRAMA EL VH2 YA QUE FUE MOVIDO DE SU POSICION FINAL;127;TRANSITAR EN CONTRAVIA
658;2658;1/20/2024 7:30 PM;DANOS;CHOQUE;VEHICULO;-74,13798224;4,630347143;8;;;SE REALIZA ORDEN DE COMPARENDO POR EMBRIAGUEZ ALCOHOLEMIA GRADO 3 AL SEÑOR CONDUCTOR DEL VEHICULO N 2 COMPARENDO N 42310957;121;NO MANTENER DISTANCIA DE SEGURIDAD
659;2659;1/20/2024 7:00 PM;HERIDOS;CHOQUE;VEHICULO;-74,1700956;4,679352299;9;;2;SE LE REALIZA COMPARENDO N 42310966 POR D01 CONDUCTOR VEHICULO 1;139;IMPERICIA EN EL MANEJO
660;2660;1/20/2024 6:55 PM;HERIDOS;CHOQUE;VEHICULO;-74,11071149;4,627387379;16;;4;CONDUCTOR VH2 SE LE REALIZA ORDEN COMPARENDO N 39617062 POR LA INFRACCION D02;132;NO RESPETAR PRELACION
661;2661;1/20/2024 5:15 PM;HERIDOS;CHOQUE;VEHICULO;-74,10682424;4,671330256;10;;1;CIUDADANA LESIONADA DESISTE DE INTERPONER QUERELLA CONTRA EL CONDUCTOR DEL VH1;157;OTRA HIPÓTESIS (CONDUCTOR)
662;2662;1/20/2024 4:26 PM;HERIDOS;ATROPELLO;;-74,14474873;4,618817531;8;;1;SE DEJA CONSTANCIA QUE NO SE INMOVILIZA EL VEHICULO YA QUE NO DESEAN INTERPONER QUERELLA DE IGUALMENTE SE DEJA CONSTANCIA QUE EL SEÑOR DEL CARRO LE DA 500000 MIL PESOS AL PEATON;157;OTRA HIPÓTESIS (CONDUCTOR)
663;2663;1/20/2024 2:50 PM;HERIDOS;CHOQUE;VEHICULO;-74,13763435;4,565076804;6;;2;DEJO CONSTANCIA QUE EL CIUDADANO LESIONADO N2 VA IMPULSANDO LA BICICLETA INICIALMENTE LA MOTOCICLETA COLISIONA CON LA BICICLETA LESIONADO N2 EN CALIDAD DE PAETON;411;OTRA HIPÓTESIS (PEATÓN)
664;2664;1/20/2024 2:14 PM;HERIDOS;CHOQUE;VEHICULO;-74,08872481;4,506886987;5;;1;AL LLEGAR AL LUGAR NO SE ENCUENTRA EL CONDUCTOR DE EL VEHICULO FDH384 SE DESCONOCE DONDE SE ENCUENTRA ACLARO CASILLA N 2 GRAVEDAD DEL ACCIDENTE ES CON HERIDOS;157;OTRA HIPÓTESIS (CONDUCTOR)
665;2665;1/20/2024 1:40 PM;MUERTOS;CHOQUE;VEHICULO;-74,10023747;4,679921706;10;1;1;SE REALIZA COMPARENDO VH1 39618089 ACLARO QUE POR ERROR INVOLUNTARIAMENTE SE PLASMA DATOS DE CONDUCTOR VH2 EN VICTIMAS;139;IMPERICIA EN EL MANEJO
666;2666;1/20/2024 1:20 PM;HERIDOS;CHOQUE;VEHICULO;-74,161029;4,633725166;8;;1;SE DEJA CONSTANCIA QUE SE EXPLICA EL PROCEDIMIENTO A LAS PARTES INVOLUCRADAS EL CUAL MANIFIESTAN LIBRE Y ESPONTANEAMENTE NO INTERPONER QUERELLA NI DEJAR A DISPOSICION DE FISCALIA POR LO TANTO SEGUN LA RESOLUCION 01670 Y 03922 DE 2016 Y LA CIRCULAR N 001 DEL 25 05 2017 SE DEJA CONSTANCIA QUE EL CONDU;127;TRANSITAR EN CONTRAVIA
667;2667;1/20/2024 12:00 PM;HERIDOS;CHOQUE;VEHICULO;-74,06124279;4,630854477;2;;1;EL SEÑOR DE LA MOTOCICLETA NO FIRMA FORMATO UNICO DE NOTICIA CRIMINAL SE ENTREGA DOCUMENTOS A LOS CONDUCTORES;98;TRANSITAR ENTRE VEHICULOS
668;2668;1/20/2024 11:40 AM;DANOS;CHOQUE;OBJETO;-74,02758472;4,719465972;1;;;EN CALIDAD DE PROPIETARIO DE LA VIVIENDA SE PRESENTA EL SEÑOR FERNANDO PEREA SABOGAL IDENTIFICADO CON CEDULA N 17163837 DE BOGOTA NACIDO EL 30071945 DE 78 AÑOS DIRECCION RESIDENCIA CLL 144 N 7C  28 Y TELEFONO 3108092631;157;OTRA HIPÓTESIS (CONDUCTOR)
669;2669;1/20/2024 9:59 AM;MUERTOS;VOLVAMIENTO;;-74,14254931;4,559951345;19;1;;ES DE ANOTAR QUE AL LLEGAR AL LUGAR DE LOS HECHOS EL VEHICULO FUE DESVOLCADO POR LA CIUDADANIA;157;OTRA HIPÓTESIS (CONDUCTOR)
670;2670;1/20/2024 9:20 AM;HERIDOS;ATROPELLO;;-74,16390848;4,638204628;8;;3;SE DEJA CONSTANCIA QUE NO SE PLASMAN EL VEHICULO EN EL BOSQUEJO YA QUE NO SE ENCUENTRA EL VEHICULO EN EL LUGAR DE LOS HECHOS Y EL EVENTO LLEGA INICIALMENTE COMO RECONOCIMIENTO EN LA CLINICA DE OCCIDENTE ;127;TRANSITAR EN CONTRAVIA