CODIGO_ACCIDENTE;FORMULARIO;FECHA;GRAVEDAD;CLASE;CHOQUE;LONGITUD;LATITUD;CODIGO_LOCALIDAD;TOTAL_MUERTOS;TOTAL_HERIDOS;TEXTO_OBSERVACIONES;CODIGO_CAUSA;DESCRIPCION
671;2671;1/20/2024 7:34 AM;HERIDOS;CHOQUE;VEHICULO;-74,09734179;4,594470762;14;;2;SE CORRIGE EL SITIO DE ATENCION DEL CONDUCTOR N1 HOSPITAL SANTA JULIANA PRESENTANDO TRAUMA CRANEOCEFALICO LEVE TRAUMA MIEMBRO INFERIOR DERECHO A NIVEL DE LA RODILLA  SE CORRIGE CASILLA N4 FECHA DE ACCIDENTE 20012024;306;HUECOS
672;2672;1/20/2024 7:30 AM;DANOS;CHOQUE;VEHICULO;-74,10578356;4,695747514;10;;;SE DEJA CONSTANCIA QUE LOS VEHICULOS FUERON MOVIDOS DE SU POSICION FINAL ;121;NO MANTENER DISTANCIA DE SEGURIDAD
673;2673;1/20/2024 5:40 AM;HERIDOS;CHOQUE;VEHICULO;-74,13113115;4,699968245;10;;2;CORRIJO CASILLA NUMERO 3 SIENDO CALLE 63 CON CARRERA 110 SE REALIZA COMPARENDO N 39611291 POR LA INFRACCION D01 AL CONDUCTOR N 2;157;OTRA HIPÓTESIS (CONDUCTOR)
674;2674;1/20/2024 3:37 AM;HERIDOS;CHOQUE;OBJETO;-74,1073641;4,626419583;16;;1;SE DEJA CONSTANCIA QUE EL CONDUCTOR MANIFIESTA NO DESEAR NINGUN PROCEDIMIENTO NI INTERPONER QUERELLA O DENUNCIA YA QUE EL SE CAYO SOLO EN EL LUGAR SE ENCUENTRA LA ESPOSA LA CUAL MANIFIESTA LO MMISMO NO DESEAR NINGUN PROCEDIMIENTO LA SEÑORA ERIKA CASAS CC 1014262571 AMBULANCIA VALORAL 7159;157;OTRA HIPÓTESIS (CONDUCTOR)
675;2675;1/20/2024 2:55 AM;DANOS;CHOQUE;VEHICULO;-74,09187702;4,684378027;10;;;SE REALIZA TRASLADO A LAS INSTALACIONES DE TRANSITO Y TRANSPORTE EN LA CARRERA 36 CON CALLE 11 62 LOCALIDAD DE PUENTE ARANDA PARA REALIZAR PRUEBA DE ALCOHOLEMIA ALCOSENSOR 019399 MEDICIONES 1736 1737 POSITIVO GRADO 3 CONDUCTOR DEL VEHICULO N 4 AL SEÑOR JAIRO ANTONIO CUARAN CANDO DE CC 1086301393 DE ;121;NO MANTENER DISTANCIA DE SEGURIDAD
676;2676;1/20/2024 1:40 AM;HERIDOS;CHOQUE;VEHICULO;-74,13811696;4,625310092;8;;3;NO SE RADICA CASO EN FISCALIA YA QUE LAS PERSONAS INVOLUCRADAS EN EL ACCIDENTE MANIFIESTAN NO GENERAR QUERELLA SE EXPLICA QUE CUENTAN CON 6 MESES PARA QUERER QUERELLAR SE TOMO CONTACTO CON LA MOVIL 8 DE PRIMER TURNO DONDE ESTA MANIFIESTA NO RECIBIR EL CASO SIN QUERELLA SE REALIZO ORDEN DE COMPARENDO;157;OTRA HIPÓTESIS (CONDUCTOR)
677;2677;1/19/2024 11:19 PM;HERIDOS;ATROPELLO;;-74,11636755;4,674508804;9;;3;NO SE DIAGRAMA VEHICULO YA QUE FUE MOVIDO DEL LUGAR DE LOS HECHOS;114;EMBRIAGUEZ APARENTE
678;2678;1/19/2024 11:05 PM;HERIDOS;CHOQUE;VEHICULO;-74,09645823;4,608769116;16;;3;CORRIJO CASILLA 82 CONDUCTOR 1 PROPIETARIO VH1 PEDRAZA GARCIA JUAN CAMILO CC 1000471539;121;NO MANTENER DISTANCIA DE SEGURIDAD
679;2679;1/19/2024 10:59 PM;HERIDOS;CHOQUE;VEHICULO;-74,07830357;4,65205185;13;;1;SE CORRIGE VH1 GRAVEDAD NO ESTA HERIDO;157;OTRA HIPÓTESIS (CONDUCTOR)
680;2680;1/19/2024 10:35 PM;MUERTOS;CHOQUE;VEHICULO;-74,06454799;4,607727773;3;1;2;CDORRIJO PROPIETARIO VEHICULO N 1 SIENDO EMILSEN VELA PABON DE CC 1032407420;127;TRANSITAR EN CONTRAVIA
681;2681;1/19/2024 10:29 PM;HERIDOS;CAIDA;;-74,08774769;4,752450767;11;;1;NO SE DIAGRAMA EL VEHICULO YA QUE FUE MOVIDO DEL LUGAR DE LOS HECHOS;119;FRENAR BRUSCAMENTE
682;2682;1/19/2024 9:45 PM;HERIDOS;OTRO;;-74,07129241;4,641258522;13;;1;MOTOCICLETA SE HACE CARGO BRAYAN STIVEN GONZALEZ CC 1000334900 RELACION CON LA LESIONADA PAREJA ;157;OTRA HIPÓTESIS (CONDUCTOR)
683;2683;1/19/2024 9:00 PM;HERIDOS;CHOQUE;VEHICULO;-74,11659894;4,686348209;10;;3;ACLARO FECHA DE OCURENCIA 19 01 2024 ACLARO PUNTO 7 9 SIN LINEA AMARILLA SEGMENTADA;103;ADELANTAR CERRANDO
684;2684;1/19/2024 7:15 PM;HERIDOS;CHOQUE;VEHICULO;-74,14170417;4,607981152;8;;1;EL CASO NO SE RADICA EN FISCALIA SEGUN LO ESTIPULADO EN LA CIRCULAR 001 DE MAYO DE 2017 TENIENDO EN CUENTA QUE LA LESIONADA NO DESEA INTERPONER QUERELLA EN EL MOMENTO ;157;OTRA HIPÓTESIS (CONDUCTOR)
685;2685;1/19/2024 5:45 PM;HERIDOS;ATROPELLO;;-74,07014284;4,620265956;3;;2;SE CORRIGE QUE EL PEATON SE ENCUENTRA EN JARB SALUD CENTRO MEDICO;112;DESOBEDECER SEÑALES O NORMAS DE TRANSITO
686;2686;1/19/2024 5:10 PM;HERIDOS;VOLVAMIENTO;;-74,05582277;4,734170868;11;;3;CORRIJO CASILLA 11 HIPOTESIS ES PARA EL VEHICULO 1;203;FALLAS EN LA DIRECCION
687;2687;1/19/2024 5:00 PM;HERIDOS;CHOQUE;VEHICULO;-74,16590208;4,641841582;8;;3;HIPOTESIS 157 PARA EL VH2 EN CONCORDANCIA CON EL ARTICULO 74 CNT;157;OTRA HIPÓTESIS (CONDUCTOR)
688;2688;1/19/2024 4:58 PM;HERIDOS;CAIDA;;-74,0987308;4,578864014;18;;1;HIPOTESIS PARA EL PASAJERO 506 DIRECCION CLL 22 CON CRA 12B RADIO DE ACCION MUNICIPAL SE DEJA CONSTANCIA QUE LA VICTIMA NO QUISO QUERELLA;506;OTRA HIPÓTESIS (PASAJERO O ACOMPAÑANTE)
689;2689;1/19/2024 4:40 PM;HERIDOS;CHOQUE;VEHICULO;-74,14662318;4,608865251;8;;2;HIPOTESIS VH1 157 ART 74 LEY 769 2002 NO REDUCIR LA VELOCIDAD EN PROXIMIDAD A UNA INTERSECCION;157;OTRA HIPÓTESIS (CONDUCTOR)
690;2690;1/19/2024 3:57 PM;HERIDOS;CHOQUE;VEHICULO;-74,08802438;4,544509729;4;;2;SE CORRIGE CASILLA 85 LA CUAL ES PASAJEROS SE ACLARA QUE LAS HIPOTESIS 112 Y 202 ES PARA EL CONDUCTOR N2 SE NOTIFICA ORDEN DE COMPARENDO N 39616890 INFRACCION C35 AL CONDUCTOR N2;112;DESOBEDECER SEÑALES O NORMAS DE TRANSITO
691;2691;1/19/2024 3:24 PM;HERIDOS;CAIDA;;-74,07146205;4,666284535;12;;1;506 NO TENER PRECAUCION AL DECENDER DE UN VH VEHICULO;506;OTRA HIPÓTESIS (PASAJERO O ACOMPAÑANTE)
692;2692;1/19/2024 12:40 PM;HERIDOS;CHOQUE;VEHICULO;-74,1097259;4,62802026;16;;3;SE COLOCA HIPOTESIS 121 YA QUE LA POSIBLE CAUSA ES LA CAIDA DE MATERIAL DE CARGA DE LA CAMIONETA DE PLACAS BCU191 SE REALIZA COMPARENDO AL CONDUCTOR CON CC 79761294 COMPARENDO N 39611546 Y LA MOTOCICLETA 121;151;TRANSPORTE DE CARGA SIN SEGURIDAD
693;2693;1/19/2024 11:34 AM;HERIDOS;CHOQUE;VEHICULO;-74,10716854;4,628148585;16;;2;CORRIJO CASILLA 73 UNA CALZADA CORRIJO CASILLA 82 VH2 NO APLICA TECNOMECANICA;103;ADELANTAR CERRANDO
694;2694;1/19/2024 11:03 AM;HERIDOS;CHOQUE;VEHICULO;-74,12308989;4,674719509;9;;3;PASADO UNA HORA EL CONDUCTOR DEL VEHICULO DOS SE HACE TRASLADAR YA QUE LE DOLIA EL CUELLO Y EL PECHO CORRIJO CASILA 10 SIENDO EN TOTAL 3 LESIONADOS 02 CONDUCTORES Y 1 ACOMPAÑANTE;121;NO MANTENER DISTANCIA DE SEGURIDAD
695;2695;1/19/2024 10:48 AM;HERIDOS;CHOQUE;VEHICULO;-74,05330974;4,712225313;1;;2;CORRIJO CEDULA CONDUCTOR VH2 2 CC 1020812160 AL LLEGAR AL LUGAR LOS CONDUCTORES YA HABIAN MOVIDO LOS VEHICULOS DE SU PUNTO DE IMPACTO INICIAL;157;OTRA HIPÓTESIS (CONDUCTOR)
696;2696;1/19/2024 10:22 AM;HERIDOS;CHOQUE;VEHICULO;-74,1048167;4,689874522;10;;2;CORRIJO CASILLA N 8 CEDULA DEL CONDUCTOR N1 ES 79878627;112;DESOBEDECER SEÑALES O NORMAS DE TRANSITO
697;2697;1/19/2024 10:20 AM;HERIDOS;CHOQUE;VEHICULO;-74,16614153;4,621437191;8;;2;NO SE DIAGRAMA EL VH2 YA QUE NO SE ENCONTRO EN POSICION FINAL;93;TRANSITAR DISTANTE DE LA ACERA U ORILLA DE LA CALZADA
698;2698;1/19/2024 10:15 AM;HERIDOS;CHOQUE;VEHICULO;-74,12805466;4,57359654;6;;2;HIPOTESIS DE ACCIDENTALIDAD VEHICULO N 2 NUMERO 102 ADELANTAR POR LA DERECHA;102;ADELANTAR POR LA DERECHA
699;2699;1/19/2024 8:41 AM;HERIDOS;CHOQUE;VEHICULO;-74,14523591;4,598139055;8;;1;EL CONDUCTOR DE LA BICICLETA NO DESEA INTERPONER QUERELLA ANTE EL CONDUCTOR DEL VH1 ESTO MEDIANTE RESOLUCION 01670 Y 03922 DE 2016 Y CIRCULAR 001 DEL 25052017;157;OTRA HIPÓTESIS (CONDUCTOR)
700;2700;1/19/2024 8:30 AM;HERIDOS;ATROPELLO;;-74,17306188;4,63651137;8;;3;SE REALIZA ORDEN DE COMPARENDO AL CONDUCTOR N 1 POR LA INFRACCION D01 N COMPARENDO 59609867;142;SEMAFORO EN ROJO
701;2701;1/19/2024 7:30 AM;HERIDOS;ATROPELLO;;-74,15459487;4,682115238;9;;3;CORRIJO CASILLA 82 PROPIETARIO DEL VEHICULO DATOS ES EL MISMO CONDUCTOR;105;ADELANTAR EN ZONA PROHIBIDA
702;2702;1/19/2024 7:05 AM;MUERTOS;CHOQUE;VEHICULO;-74,15329619;4,643422161;8;1;1;NO SE DIAGRAMA VEHICULO N 3 YA QUE FUE MOVIDO DE SU POSICION FINAL DESCONOCIENDO LOS MOTIVOS ;103;ADELANTAR CERRANDO
703;2703;1/19/2024 7:00 AM;HERIDOS;OTRO;;-74,05658988;4,688548284;1;;1;AL LLEGAR AL LUGAR DE LOS HECHOS SE EVIDENCIA QUE EL VEHICULO FUE MOVIDO DE SU POSICION FINAL IMPOSIBILITANDO QUE LA DINAMICA DEL ACCIDENTE PUEDA SER INTERPRETADA;157;OTRA HIPÓTESIS (CONDUCTOR)
704;2704;1/19/2024 6:00 AM;HERIDOS;CHOQUE;VEHICULO;-74,15479312;4,548116406;19;;2;CORRIJO CASILLA N 8 1 VEHICULO 1 DESCRIPCION DE LESIONES SIENDO LA CORRECRA TRAUMA DEDO PULGAR MANO IZQUIERDA CORRIJO CASILLA N 8 2 VEHICULO N 1 IDENTIFIACION N SIENDO LA CORRECTA 1063275599;103;ADELANTAR CERRANDO
705;2705;1/19/2024 5:30 AM;HERIDOS;CAIDA;;-74,11614906;4,695968651;10;;1;DIRECCION ES CALLE 68A X CARRERA 96;133;SUBIRSE AL ANDEN O VIAS PEATONALES
706;2706;1/19/2024 5:20 AM;HERIDOS;CHOQUE;VEHICULO;-74,09156916;4,683970784;10;;2;SE REALIZA ORDEN DE COMPARENDO A CONDUCTOR VEHICULO N 2 POR NO TENER REVISION TECNICO MECANICA VIGENTE HAGO OBSERVACION QUE CONDUCTOR VH2 TIENE LICENCIA VENEZOLANA;157;OTRA HIPÓTESIS (CONDUCTOR)
707;2707;1/19/2024 5:08 AM;HERIDOS;CHOQUE;VEHICULO;-74,14693204;4,595118882;8;;2;SE REALIZA COMPARENDO POR INFRACCION B02 AL VEHICULO DE PLACA WHR401 CONDUCTOR ANDRES FELIPE GONZALEZ BERNAL CC 1010247215;121;NO MANTENER DISTANCIA DE SEGURIDAD
708;2708;1/19/2024 1:38 AM;HERIDOS;CHOQUE;VEHICULO;-74,07598225;4,663526369;12;;2;EL SEÑOR ELKIN LOZADA CONDUCTOR DEL VEHICULO TIPO TAXI MANIFIESTA QUE EN EL MOMENTO DE EL ACCIDENTE TRANSPORTABA A LA SEÑORITA LA CUAL SE GOLPEA SU CARA ELLA DECIENDE DE EL TAXI Y SE RETIRA DE EL LUGAR MANIFIESTA QUE DESCONOCE DONDE SE ENCUENTRA LA SEÑORA ;122;GIRAR BRUSCAMENTE
709;2709;1/19/2024 1:15 AM;DANOS;CHOQUE;VEHICULO;-74,1032369;4,654055427;10;;;SE  SOLICITA AMBULANCIA LA CUAL LLEGA AL LUGAR CON NÚMERO INTERNO 7148 PLACA BXO626 CONDUCTOR DEL VEH 1 FIRMA DESISTIMIENTO Y NO DESEA SER TRASLADADO A UN CENTRO MEDICO SE LE GARANTIZA EL DERECHO A LA SALUD A LO CUAL NO HACE USO DEL MISMO SE REALIZA ORDEN DE COMPARENDO N 39615584 POR LA INFRACCION D;121;NO MANTENER DISTANCIA DE SEGURIDAD
710;2710;1/18/2024 11:20 PM;HERIDOS;CHOQUE;VEHICULO;-74,12426604;4,571933517;18;;2;CIUDADANOS LESIONADOS MANIFIESTAN LIBRE Y VOLUNTARIAMENTE NO INTERPONER QUERELLA ACLARO VH2 NO APLICA EMPRESA CORRIJO MODALIDAD DE TRANSPORTE VH1 NO;121;NO MANTENER DISTANCIA DE SEGURIDAD
711;2711;1/18/2024 11:00 PM;HERIDOS;CHOQUE;VEHICULO;-74,11910856;4,526341004;5;;1;CORRIJO HORA 23 00 23 40 LESIONADA Y FAMILARES  NO REQUIEREN INTERPONER QUERELLA  ANTE FISCALIA POR EL MOMENTO CIRCULAR 001 DEL 25 05 2017 IMQ84F;112;DESOBEDECER SEÑALES O NORMAS DE TRANSITO
712;2712;1/18/2024 10:50 PM;HERIDOS;CHOQUE;VEHICULO;-74,11347417;4,596147239;16;;1;ME PERMITO INFORMAR Y HACER EL ACLARATORIO LA FECHA DE NACIMIENTO DEL CONDUCTOR DEL VEHICULO 1 ES 07081967;121;NO MANTENER DISTANCIA DE SEGURIDAD
713;2713;1/18/2024 9:30 PM;HERIDOS;CHOQUE;VEHICULO;-74,16124699;4,636078764;8;;2;CORRIJO NOMBRE COMPLETO DEL CONDUCTOR DEL VH1 SIENDO CORRECTO LOPEZ TRUJILLO JULIAN;102;ADELANTAR POR LA DERECHA
714;2714;1/18/2024 8:40 PM;MUERTOS;ATROPELLO;;-74,07465724;4,637843228;13;1;2;SE CORRIGE SOAT Y REVISION DEL VH2 POLIZA 86461573 COMPAÑIA MUNDIAL 18012024 Y N REVISION 168971527;104;ADELANTAR INVADIENDO CARRIL DE SENTIDO CONTRARIO
715;2715;1/18/2024 7:58 PM;HERIDOS;CHOQUE;VEHICULO;-74,06818409;4,61866393;3;;2;LOS DOS CONDUCTORES V1 Y V2 MANIFIESTAN DE FORMA VOLUNTARIA Y LIBRE SIN  COASION ALGUNA NO QUERER QUERELLAR EN EL MOMENTO CIRCULAR 001 DE 25 05 2017 PLACA MOTO AJJ98F SE LE REALIZA ORDEN DE COMPARENDO AL CONDUCTOR DEL V1 POR TRANSITAR DE LA CICLORUTA N 39614542 INFRACCION C14;97;TRANSITAR POR VIAS PROHIBIDAS
716;2716;1/18/2024 7:24 PM;HERIDOS;CAIDA;;-74,05823407;4,741449567;11;;1;SE CORRIGE CASILLA 8 GRAVEDAD ILESO;157;OTRA HIPÓTESIS (CONDUCTOR)
717;2717;1/18/2024 7:20 PM;HERIDOS;CHOQUE;VEHICULO;-74,08893086;4,658944815;13;;3;DEL VH2 SE PRESENTA COMO RESPONSABLE DEL VEHICULO ESTACIONADO GIOVANNI HERNANDO GALEANO MENDOZA CON CC 79594575 ACLAROCORRIJO QUE LOS PASAJEROS 2 3 NO SON ACOMPAÑANTES ;121;NO MANTENER DISTANCIA DE SEGURIDAD
718;2718;1/18/2024 7:15 PM;HERIDOS;CHOQUE;SEMOVIENTE;-74,18181684;4,591556691;19;;1;SE DEJA CONSTANCIA CASILLA N  5 1 CHOCA CON CANINO RAZA CRIOLLA NOMBRE MEGAN EDAD 3 MESES COLOR BLANCO PROPIETARIO SERGIO ALEJANDRO Y SRA DIANA TIQUE MORENO CC 39574224 RECIDENTE CALLE 59 B N 77 C 38 TELEFONO 3023911948 QUE EL CANINO NO HACE USO DE LOS ELEMENTOS DE PROTECCION Y CUIDADO COMO COLLAR D;307;DEJAR O MOVILIZAR SE-MOVIENTES EN LA VIA
719;2719;1/18/2024 5:15 PM;HERIDOS;CHOQUE;VEHICULO;-74,17257593;4,677634609;9;;1;CLASE DE SERVICIO VH2 ES PUBLICO DE PASAJEROS COLECTIVO;98;TRANSITAR ENTRE VEHICULOS
720;2720;1/18/2024 4:20 PM;HERIDOS;CHOQUE;VEHICULO;-74,15125302;4,604810626;8;;3;NO SE DIAGRAMA MOTOCICLETA Y BICICLETA YA QUE FUERON MOVIDOS DE SU POSICION FINAL DE IGUAL FORMA LAS PERSONAS LESIONADAS MANIFIESTAN LIBRE Y VOLUNTARIAMENTE NO INTERPONER QUERELLA POR LAS LESIONES RES 01670 Y 03922 DE 2016 Y CIRCULAR 001 DEL 25052017;122;GIRAR BRUSCAMENTE
721;2721;1/18/2024 4:00 PM;HERIDOS;CHOQUE;VEHICULO;-74,11285921;4,627676598;16;;1;RESOLUCION 01670 Y 03922 DEL 2016 CIRCULAR N 001 FISCALIA GENERAL DE LA NACION EL LESIONADO MANIFIESTA LIBRE Y VOLUNTARIAMENTE NO INTERPONER QUERELLA EN EL MOMENTO DEL ACCIDENTE INC 121308 INC 0105;121;NO MANTENER DISTANCIA DE SEGURIDAD
722;2722;1/18/2024 3:40 PM;HERIDOS;ATROPELLO;;-74,06499995;4,747282094;11;;2;NO SE DIAGRAMA LA BICICLETA YA QUE FUE MOVIDA DEL LUGAR DEL INCIDENTE;157;OTRA HIPÓTESIS (CONDUCTOR)
723;2723;1/18/2024 2:50 PM;HERIDOS;CHOQUE;VEHICULO;-74,0998633;4,509087395;5;;1;CORRIJO CASILLA N 8 1 VEHICULO NUMERO 2 VENCIMIENTO DE LICENCIA DE CONDUCCION SIENDO LA CORRECTA 17 06 2027;157;OTRA HIPÓTESIS (CONDUCTOR)
724;2724;1/18/2024 2:07 PM;HERIDOS;ATROPELLO;;-74,08254049;4,67482717;12;;2;NO ES POSIBLE DIRECCION DEL PEATON Y NO SE LOGRA UBICAR FAMILIAR PARA SUS DATOS;157;OTRA HIPÓTESIS (CONDUCTOR)
725;2725;1/18/2024 2:05 PM;HERIDOS;CHOQUE;VEHICULO;-74,16410489;4,614559972;8;;1;ME PERMITO ACLARAR EL TIPO O CLASE DE VEHICULO N 1 MOTOCICLETA;121;NO MANTENER DISTANCIA DE SEGURIDAD
726;2726;1/18/2024 10:30 AM;HERIDOS;OTRO;;-74,20720445;4,621964107;7;;1;EL VEHICULO FUE MOVIDO DE SU POSICION FINAL 157 NO ESTAR ATENTO AS ASCENSO Y DESCENSO DE LOS PASAJEROS ;157;OTRA HIPÓTESIS (CONDUCTOR)
727;2727;1/18/2024 9:00 AM;HERIDOS;CHOQUE;OBJETO;-74,07564161;4,605723951;3;;2;NO SE CONOCE EL CASO POR FISCALIA YA QUE LAS PERSONAS LESIONADAS SON FAMILIARES Y NO QUIEREN COLOCAR QUERELLA ENCONTRA DEL CONDUCTOR DEL VEHICULO Y NO REQUIEREN PROCEDIMIENTO POR FISCALIA;157;OTRA HIPÓTESIS (CONDUCTOR)
728;2728;1/18/2024 7:47 AM;HERIDOS;CHOQUE;VEHICULO;-74,13627831;4,641369469;8;;1;NO SE DIAGRAMA EL VH2 YA QUE FUE MOVIDO DE SU POSICION FINAL SE NOTIFICA COMPARENDO N 39607955 INFRACCION B02 AL CONDUCTOR DEL VH2;112;DESOBEDECER SEÑALES O NORMAS DE TRANSITO
729;2729;1/18/2024 7:47 AM;HERIDOS;ATROPELLO;;-74,05715314;4,694015025;11;;1;CORRIJO CASILLA 82 REVISION TECNOMECANICA NO APLICA;122;GIRAR BRUSCAMENTE
730;2730;1/18/2024 7:36 AM;HERIDOS;CHOQUE;VEHICULO;-74,05906462;4,70247309;11;;3;SE LE REALIZA ORDEN DE COMPARENDO AL CONDUCTOR DEL VH2 POR LA INFRACCION D12 COMPARENDO N 39612519;112;DESOBEDECER SEÑALES O NORMAS DE TRANSITO
731;2731;1/18/2024 7:20 AM;HERIDOS;CHOQUE;VEHICULO;-74,0756653;4,649214152;13;;1;CLASE DE VEHICULO N2 PATINETA ELECTRICA DE IGUAL MANERA DEJO CONSTANCIA QUE EN EL BOSQUEJO NO SE DIAGRAMAN LOS VEHICULOS YA QUE FUERON MOVIDOS DE SU POSICION FINAL DE IGUAL MANERA DEJO CONSTANCIA QUE AL MOMENTO DE LLEGAR AL SITIO LA PATINETA NO SE ENCONTRABA EN EL LUGAR ;121;NO MANTENER DISTANCIA DE SEGURIDAD
732;2732;1/18/2024 7:16 AM;HERIDOS;CHOQUE;VEHICULO;-74,14399332;4,641274926;8;;1;SE ACLARA QUE POR ERROR HUMANO SE COLOCO DATOS DEL VH1 QUE NO CORRESPONDE Y QUE EL CORRECTO ES HKW869 MARCA HONDA LINEA CRV EXI CAT MODELO 2013 COLOR AZUL N LICENCIA 10028680497 TIPO CABINADO CAPACIDAD 5 PSJ SE DEJA CONSTANCIA QUE EL CONDUCTOR DEL VH2 MANIFIESTA NO INTERPONER QUERELLA POR TAL MOTIVO;143;PONER EN MARCHA UN VEHICULO SIN PRECAUCIONES
733;2733;1/18/2024 7:15 AM;HERIDOS;ATROPELLO;;-74,14105801;4,581482481;6;;1;SE DEJA CONSTANCIA QUE EL CIUDADANO LESIONADO MANIFIESTA NO INTERPONER QUERELLA EN EL MOMENTO DE IGUAL FORMA AMBULANCIA 6399 CRUE REALIZA VALORACION PERO NO TRASLADA LESIONADO SE TRASLADA POR SUS PROPIOS NEDIOS ;157;OTRA HIPÓTESIS (CONDUCTOR)
734;2734;1/18/2024 7:08 AM;HERIDOS;CHOQUE;VEHICULO;-74,06150905;4,716504401;11;;1;HIPOTESIS PARA EL VH2 122 CAMARA CAN N 1279K58 VIGENCIA SEGURO EXTRACONTRACTUAL VH2 FECHA 23012024;122;GIRAR BRUSCAMENTE
735;2735;1/18/2024 6:22 AM;HERIDOS;CHOQUE;VEHICULO;-74,0925744;4,733542699;11;;2;SE ACLARA LITERAL 7 CARACTERISTICAS DE LA VIA CALZADAS 1 EN VIA 1 Y VIA 2;142;SEMAFORO EN ROJO
736;2736;1/18/2024 6:00 AM;HERIDOS;CHOQUE;VEHICULO;-74,09382967;4,547947584;4;;2;SE ACLARA LICENCIA DE CONDUCCION VH2 1031127884 HIPOTESIS POR EL VH1 104 POR LA VIA 308 QUE PRESENTA UN DESNIVEL EN LA VIA;308;OTRA HIPÓTESIS (VÍA)
737;2737;1/18/2024 5:30 AM;DANOS;CHOQUE;OBJETO;-74,10783251;4,582423358;18;;;VIVIENDA N 1 RIGOBERTO CASTILLA MENJURA CC 79360012 CR 21 N 26 A 12 SUR CABLE DE LA ACOMETIDA TUBOS GALBANIZADOS E INTERNO POR ESTABLECER VIVIENDA N 2 CARLOS ALBERTO ROCHA BRICEÑO CC 19476222 CR 21 N 26 A 18 SUR TUBO Y CABLES  ACOMETIDA DESPRENDIMIENTO FACHADA FRONTAL VIVIENDA N 3 CARLOS ARTURO GUTI;151;TRANSPORTE DE CARGA SIN SEGURIDAD
738;2738;1/18/2024 1:35 AM;HERIDOS;CHOQUE;VEHICULO;-74,15319549;4,573154033;19;;2;SE DEJA CONSTANCIA QUE EL VEHICULO N 2 ES UNA PATINETA ;157;OTRA HIPÓTESIS (CONDUCTOR)
739;2739;1/17/2024 10:00 PM;HERIDOS;CHOQUE;VEHICULO;-74,13415594;4,667856178;9;;1;EL VEHICULO N 2 NO SE DIAGRAMA YA QUE FUE MOVIDO DE LA POSICION FINAL DE IMPACTO ;112;DESOBEDECER SEÑALES O NORMAS DE TRANSITO
740;2740;1/17/2024 8:45 PM;HERIDOS;CHOQUE;VEHICULO;-74,15141938;4,653251354;8;;3;BICICLETA ELECTRICA CON NUMERO DE MARCO B1621404000145;157;OTRA HIPÓTESIS (CONDUCTOR)
741;2741;1/17/2024 8:00 PM;HERIDOS;ATROPELLO;;-74,12350735;4,56546288;18;;1;LOS PEATONES NO DESEAN QUERELLAR CIRCULAR 001 DE 25 05 2017  RESOLUCION 0670 Y 03922 DEL 2016;157;OTRA HIPÓTESIS (CONDUCTOR)
742;2742;1/17/2024 5:00 PM;HERIDOS;CHOQUE;OBJETO;-74,12550364;4,58813106;18;;1;SE CORRIJE FECHA DE VENCIMIENTO DEL SEGURO EXTRACTUAL Y CONTRACTUAL 17 03 2024 DE MANERA LIBRE Y EXPONTANEA DESEA LA SEÑORA VIVIANA QUIEN SE ENCUENTRA LESIONADO NO DESEA QUERELLAR CIRCULAR 001 DEL 25 05  RESOLUCION 01670 Y 03922 DE 2016;121;NO MANTENER DISTANCIA DE SEGURIDAD
743;2743;1/17/2024 5:00 PM;DANOS;CHOQUE;VEHICULO;-74,09822849;4,606555424;16;;;INFORME PERICIAL UBBOGUP DRBO 01483 2024 POSITIVO GRADO I COMPARENDO N 39612639 F FORMATO RETENCIA N 00242;115;EMBRIAGUEZ O SUSTANCIAS ALUCINOGENAS
744;2744;1/17/2024 4:00 PM;HERIDOS;ATROPELLO;;-74,12228254;4,722951952;10;;3;VEHICULO N 1 SI PORTA SOAT VIGENTE SE REALIZA COMPARENDO POR D04 N 39612343;142;SEMAFORO EN ROJO
745;2745;1/17/2024 3:50 PM;HERIDOS;CAIDA;;-74,1695149;4,626698961;8;;1;SE ACLARA QUE ES FECHA DE VENCIMIENTODE LA LICENCIA DE CONDUCCCION DEL CONDUCTOR 120824;506;OTRA HIPÓTESIS (PASAJERO O ACOMPAÑANTE)
746;2746;1/17/2024 3:20 PM;HERIDOS;CHOQUE;VEHICULO;-74,10046692;4,679459232;10;;2;SE DEJA CONSTANCIA QUE EL VEHICULO ESTABA ESTACIONADO SE ENCONTRABA PINCHADO LA LLANTA SE ESTALLA ;103;ADELANTAR CERRANDO
747;2747;1/17/2024 1:00 PM;DANOS;CHOQUE;OBJETO;-74,08405302;4,557803844;4;;;PROPIETARIO DE LA VIVIENDA 1 AFECTADA HENRY FAUTOQUE FORERO CC 79312893 DIRECCION CR 9 ESTE CON CLL 30 C 30 SUR EN EL CUAL ESTE AFECTADO EL PISO DE LA ENTRADA Y LA VIVIENDA  N 2 UBICADO EN CARRERA 9 ESTE CON CALLE 30 C 22 SUR DEL CUAL ES EL PROPIETARIO DE LA VIVIENDA 2 AFECTADO EL SEÑOR RIVEIRO ARNO;157;OTRA HIPÓTESIS (CONDUCTOR)
748;2748;1/17/2024 12:03 PM;HERIDOS;CHOQUE;VEHICULO;-74,085907;4,599581283;14;;3;NO RESPETAR PRELACION SOBRE INTERSECCION O SEÑALIZACION ;123;NO RESPETAR PRELACION DE INTERSECCIONES O GIROS