CODIGO_ACCIDENTE;FORMULARIO;FECHA;GRAVEDAD;CLASE;CHOQUE;LONGITUD;LATITUD;CODIGO_LOCALIDAD;TOTAL_MUERTOS;TOTAL_HERIDOS;TEXTO_OBSERVACIONES;CODIGO_CAUSA;DESCRIPCION
749;2749;1/17/2024 11:46 AM;HERIDOS;CHOQUE;VEHICULO;-74,15779767;4,623111157;8;;1;CORRIJO PLACA VEHICULO 2  DQE82E MARCA YAMAHA LINEA FZN150D;132;NO RESPETAR PRELACION
750;2750;1/17/2024 11:25 AM;HERIDOS;CHOQUE;VEHICULO;-74,07013235;4,700077845;11;;1;CORRIJO CASILLA 81 LICENCIA DE TRANSITO VH1 ES 10017067172 HIPOTESIS PARA LOS DOS VEHICULOS POR ESTABLECER QUIEN OMITE SEÑAL ROJA DE SEMAFORO;142;SEMAFORO EN ROJO
751;2751;1/17/2024 10:08 AM;HERIDOS;CHOQUE;VEHICULO;-74,06810728;4,618618355;3;;1;CONDUCTOR VH1 NACIONALIDAD VENEZOLANASE DEJA CONSTANCIA QUE EL CONDUCTOR DEL VH2 NO SE ENCUENTRA EN EL LUGAR DE LOS HECHOS YA QUE SEGUN INFORME DE PRIMER RESPONSABLE DE PORTE DEL CUADRANTE DE VIGILANCIA N 33 CAI GRANADA INICIALMENTE AMBOS CONDUCTORES SE SOMETIAN A LA LEY 2251 Y MINUTOS DESPUES CONDU;157;OTRA HIPÓTESIS (CONDUCTOR)
752;2752;1/17/2024 8:51 AM;HERIDOS;ATROPELLO;;-74,13062421;4,611743419;8;;3;HIPOTESIS 411 ACTUAR DE MANERA QUE PONGA EN PELIGRO SU INTEGRIDAD FISICA;157;OTRA HIPÓTESIS (CONDUCTOR)
753;2753;1/17/2024 8:10 AM;HERIDOS;CHOQUE;VEHICULO;-74,0452495;4,757300454;1;;2;CORRIJO PLACA VH3 CZB105 NO SE DEJA A DISPOSICION DE LA FISCALIA YA QUE LAS PERSONAS LESIONADAS NO DESEAN QUERELLAR EN EL MOMENTO;98;TRANSITAR ENTRE VEHICULOS
754;2754;1/17/2024 6:38 AM;HERIDOS;CHOQUE;VEHICULO;-74,12535878;4,569233542;18;;2;CORRIJO CASILLA N 8 IDENTIFICACION CONDUCTOR VH 2 79813297 FECHA DE NACIMIENTO 18 07 1978 NO SE DIAGRAMAN VEHICULOS YA QUE FUERON MOVIDOS DE SU POSICION FINAL;157;OTRA HIPÓTESIS (CONDUCTOR)
755;2755;1/17/2024 6:20 AM;HERIDOS;CHOQUE;VEHICULO;-74,09101335;4,573378636;4;;2;NO NOTIFICA ORDEN DE COMPARENDO AL CONDUCTOR N1 39597503 396112371 3907037;157;OTRA HIPÓTESIS (CONDUCTOR)
756;2756;1/17/2024 5:20 AM;HERIDOS;CHOQUE;VEHICULO;-74,11444792;4,615460355;16;;1;SE HACE CLARIDAD EN LA CASILLA N 5 CLASE VEHICULO DEL ACCIDENTE SIENDO UN CHOQUE CON LESIONADOS Y SE DEJA CONSTANCIA DE DIRIGIRNOS LA MOVIL CENTRO LA SEÑORA YA LE HABIAN DADO LA SALIDA DE L CLINICA;98;TRANSITAR ENTRE VEHICULOS
757;2757;1/17/2024 5:10 AM;HERIDOS;CHOQUE;VEHICULO;-74,06225605;4,67647051;12;;1;CORRIJO CATEGORIA DEL VH2 ES C2;157;OTRA HIPÓTESIS (CONDUCTOR)
758;2758;1/17/2024 4:00 AM;HERIDOS;CHOQUE;OBJETO;-74,10055665;4,657244018;13;;1;SE CORRIGE CONDUCTOR NO PORTA LICENCIA DE CONDUCCION ;157;OTRA HIPÓTESIS (CONDUCTOR)
759;2759;1/17/2024 3:11 AM;DANOS;CHOQUE;OBJETO;-74,07312302;4,6475878;13;;;SE RELIZA ORDEN DE COMPARENDO N 39609370 POR INFRACCION C02;157;OTRA HIPÓTESIS (CONDUCTOR)
760;2760;1/16/2024 9:00 PM;HERIDOS;CHOQUE;VEHICULO;-74,15648071;4,624566866;8;;1;CORRIJO CASILLA N 82 VH1  A DISPOSICION DE SIENDO LA CORRECTA URI KENNEDY CORRIJO CASILLA N10 TOTAL DE VICTIMAS SIENDO CONDUCTOR 1 TOTAL DE HERIDOS 1  ;103;ADELANTAR CERRANDO
761;2761;1/16/2024 8:45 PM;HERIDOS;CHOQUE;OBJETO;-74,05874236;4,646086269;2;;5;ACLARO FALLAS EN DIRECCION VH1 SE CORRIGE ESTADO CASILLA 76 CON HUECOS;203;FALLAS EN LA DIRECCION
762;2762;1/16/2024 8:30 PM;HERIDOS;CHOQUE;VEHICULO;-74,16522787;4,641100186;8;;2;SE DEJA CONSTANCIA QUE LAS VICTIMAS NO PRESENTAN QUERELLA POR LO TANTO NO SE PASA POR FISCALIA SI NO SOLO DAÑOS COMO RESPONSABLE DEL MENOR FIRMA LA SEÑORA MADRE HILMA BERMUDEZ CC 52600721;98;TRANSITAR ENTRE VEHICULOS
763;2763;1/16/2024 7:35 PM;HERIDOS;ATROPELLO;;-74,10026965;4,611779511;16;;2;157 VEHICULO 1 NO ESTAR ATENTO A LOS DEMAS ACTORES VIALES PEATON 411 ARTICULO 58 DEL CODIGO DE TRANSITO;157;OTRA HIPÓTESIS (CONDUCTOR)
764;2764;1/16/2024 7:22 PM;HERIDOS;ATROPELLO;;-74,02521876;4,74710033;1;;3;CIUDADANOS INVOLUCRADOS MANIFIESTAN LIBRE Y VOLUNTARIAMENTE NO INTEPONER QUERELLA EN EL MOMENTO;157;OTRA HIPÓTESIS (CONDUCTOR)
765;2765;1/16/2024 6:40 PM;HERIDOS;OTRO;;-74,08066508;4,627637211;13;;1;NO SE DIAGRAMA VEHICULO YA QUE FUE MOVIDO DE LA POSICION FINAL;411;OTRA HIPÓTESIS (PEATÓN)
766;2766;1/16/2024 5:05 PM;HERIDOS;CHOQUE;VEHICULO;-74,13030905;4,593769082;16;;1;VEHICULO 2 EN FUGA EL CONDUCTOR DE LA BICICLETA NO DESEA QUERELLAR MEDIANTE RESOLUCION 01670 Y 03922 DEL 2016 Y CIRCULAR 001 2017;157;OTRA HIPÓTESIS (CONDUCTOR)
767;2767;1/16/2024 4:50 PM;HERIDOS;CHOQUE;VEHICULO;-74,14074687;4,630504633;8;;2;308 DEFORMACION EN LA CAPA ASFALTICA DE LA CICLORUTA FORMANDO UN BOCHE QUE HACER PERDER EL CONTROL AL CICLISTA NO SE DIAGRAMA BICICLETAS INVOLUCRADAS YA QUE FUERON MOVIDAS DE SU POSICION FINAL ASI MISMO SE DEJA CONSTANCIA QUE EL SEÑOR CAMILO MARTINEZ Y SEÑOR BRAYAN RAMIREZ MANIFIESTAN LIBREMENTE NO ;308;OTRA HIPÓTESIS (VÍA)
768;2768;1/16/2024 3:05 PM;HERIDOS;CHOQUE;VEHICULO;-74,14410231;4,630763958;8;;2;A 100 METROS APROXMADAMENTE DEL ACCIDENTE SE UBICA UN RETORNO CON SEMAFORO Y LA CALLE 6 CON SEMAFORO TOTALMENTE APAGADO PARA LAS DOS VIAS LO QUE OCACIONA QUE EL CONDUCTOR DEL VH1 PROVABLEMENTE NO TENGA EL ESPACIO DE CRUZAR A TOMAR LA CRA 75;157;OTRA HIPÓTESIS (CONDUCTOR)
769;2769;1/16/2024 1:32 PM;DANOS;CHOQUE;OBJETO;-74,13920728;4,545692261;19;;;CORRIJO CASILLA 5 1 CHOQUE CON OBJETO FIJO VEHICULO ESTACIONADO Y APAGADO PERSONA ENCARGADA DE LA MOTOCICLETA PLACAS OFM16E AGUSTIN MANUEL MARTINEZ LAZA CC 1082963625;134;REVERSO IMPRUDENTE
770;2770;1/16/2024 11:39 AM;HERIDOS;CHOQUE;VEHICULO;-74,06675277;4,734221656;11;;3;ACCIDENTE DE TRANSITO TIPO CHOQUE RESULTANDO LESIONADA UNA MENOR PEATON POR EL VH2 VIA 1 CALZADAS 1 VICTIMA EN CALIDAD DE PEATON ;103;ADELANTAR CERRANDO
771;2771;1/16/2024 11:00 AM;HERIDOS;CHOQUE;VEHICULO;-74,04896704;4,733687044;1;;1;CORRIJO CASILLA 8 2 VH 1 PROPIETARIO SI SE DEJA CONSTANCIA QUE EL CIUDADANO LESIONADO NO DESEA QUERELLAR DANDO APLICACION A LA RESOLUCION 016700 Y 03922 DE 2016 Y LA CIRCULAR N 001 DE 25 05 2017 SE DEJA CONSTANCIA QUE EL VEHICULO 1 LLEGO A UN ACUERDO MUTUO Y LE CONSIGNA 2 MILLONESDE PESOS  AL VH2;157;OTRA HIPÓTESIS (CONDUCTOR)
772;2772;1/16/2024 10:50 AM;HERIDOS;CHOQUE;VEHICULO;-74,07013235;4,640036771;13;;3;ACLARO SEXO VEHICULO CONDUCTOR MASCULINO;142;SEMAFORO EN ROJO
773;2773;1/16/2024 10:40 AM;HERIDOS;CHOQUE;VEHICULO;-74,1147509;4,585412719;18;;1;NO SE DIAGRAMAN LOS VEHICULOS YA QUE FUERON MOVIDOS DEL PUNTO DE IMPACTO O POSICION FINAL LA VICTIMA O PERSONA LESIONADA MANIFIESTA NO QUERER QUERELLA EN CONTRA DEL CONDUCTOR DE EL OTRO VEHICULO RESOLUCION 01670 Y 03922 DEL 2016 Y CIRCULAR N 001 DEL 25052017;112;DESOBEDECER SEÑALES O NORMAS DE TRANSITO
774;2774;1/16/2024 10:10 AM;HERIDOS;CHOQUE;VEHICULO;-74,13330642;4,66238753;9;;1;NO ESTAR ATENTO A LOS DEMAS ACTORES VIALES Y LA MOTOCICLETA NO TENER PRECAUCION A LA HORA DEL CAMBIO DEL SEMAFORO A QUEDAR EN LA INTERSECCION IMPIDIENDO EL PASO DE LOS DEMAS ACTORES VIALES;157;OTRA HIPÓTESIS (CONDUCTOR)
775;2775;1/16/2024 8:54 AM;HERIDOS;ATROPELLO;;-74,19322697;4,602956824;7;;2;SE REALIZA ORDENES DE COMPARENDOS AL CONDUCTOR VH1 POR LAS INFRACCIONES D02 Y C35 39608970 Y 39584353 EL VEHICULO LO MUEVEN DE SU POSICION FINAL;157;OTRA HIPÓTESIS (CONDUCTOR)
776;2776;1/16/2024 8:02 AM;HERIDOS;CHOQUE;VEHICULO;-74,06593335;4,657782698;12;;2;CORRIJO REVISION TECNICO MECANICA VH 1 166769725;157;OTRA HIPÓTESIS (CONDUCTOR)
777;2777;1/16/2024 7:52 AM;MUERTOS;ATROPELLO;;-74,09496693;4,59940633;14;1;1;POR ESTABLECER QUIEN OMITE LA SEÑAL DE SEMAFORO EN ROJO ;157;OTRA HIPÓTESIS (CONDUCTOR)
778;2778;1/16/2024 6:20 AM;HERIDOS;CAIDA;;-74,10901097;4,589273422;15;;1;SE CORRIJE CASILLA 10 PEATON 0;306;HUECOS
779;2779;1/16/2024 6:15 AM;HERIDOS;ATROPELLO;;-74,1645783;4,641616759;8;;3;SE REALIZA ORDEN DE COMPARENDO POR LA INFRACCION D05 AL CONDUCTOR VH1 N COMPARENDO 39580783 EL VEHICULO LO MUEVEN DE SU POSICION FINAL;133;SUBIRSE AL ANDEN O VIAS PEATONALES
780;2780;1/16/2024 5:50 AM;HERIDOS;CHOQUE;VEHICULO;-74,09940196;4,621130104;16;;1;ACLARO DIRECCION  CALLE 13 N 39 RESOLUCION 01670 Y 03922 DEL 2016 CIRCULAR N 001 LESIONADO MANIFIESTA LIBRE Y VOLUNTARIAMENTE NO INTERPONER QUERELLA EN EL MOMENTO ;157;OTRA HIPÓTESIS (CONDUCTOR)
781;2781;1/16/2024 5:35 AM;HERIDOS;ATROPELLO;;-74,08939866;4,521159986;4;;1;SE DESCONOCE DEL PARADERO DE LA MOTOCICLETA Y AL IGUAL DEL ESTADO ANIMICO DEL CONDUCTOR SIN DATOS PEATON LESIONADO MANIFIESTA LIBRE Y EXPONTANEAMENTE QUE LA MOTOCICLETA QUE LE GENERO LAS LESIONES ES DE PLACA GYK67G;157;OTRA HIPÓTESIS (CONDUCTOR)
782;2782;1/16/2024 4:50 AM;HERIDOS;CHOQUE;OBJETO;-74,08776165;4,713936649;11;;1;EL CONDUCTOR 1 MANIFIESTA Y ESPONTANEAMENTE NO QUERELLAR EN ECONTRA DE EL MISMO DE IGUAL FORMA SE TRASLADA A UN CENTRO ASISTENCIAL PARA VALORAR SUS LESIONES EN LA AMBULANCIA 6794;305;OBSTACULOS EN LA VIA
783;2783;16/01/2024;HERIDOS;CHOQUE;VEHICULO;-74,0680657;4,730824761;11;;1;SE DEJA COMO CONSTANCIA QUE EL SEÑOR JHON JOSE CABRALES CON CV 19281508 DE 33 AÑOS DE EDAD NO DESEA PONER POR EL MOMENTO INTERPONER QUERELLA DE LO CUAL QUEDA SOPORTE MEDIANTE VIDEO FILMICO Y SE LE DEJA CONOCIMIENTO QUE TIENE 6 MESES PARA QUERELLAR;142;SEMAFORO EN ROJO
784;2784;1/15/2024 8:55 PM;HERIDOS;CHOQUE;VEHICULO;-74,08216332;4,570966075;4;;1;HIPOTESIS 157 PARA EL CONDUCTOR DEL VEHICULO N 2 POR ESTABLECER MOTIVOS RAZONES O CIRCUSTANCIAS POR LAS CUALES SE VA DEL LUGAR DE LOS HECHOS CON EL VEHICULO EN FUGA LA CONDUCTORA DE LA MOTOCICLETA MANIFIESTA QUE EL VEHICULO QUE LA ATROPELLO FUE AUTOMOVIL DE PLACAS IJM308 CHEVROLET 6 VINO TINTO;157;OTRA HIPÓTESIS (CONDUCTOR)
785;2785;1/15/2024 6:56 PM;MUERTOS;ATROPELLO;;-74,08640263;4,738271327;11;1;;SE CORRIGE CASILLA N 8 NO ES CONDUCTOR ESTA EN CALIDAD DE PEATON HIPOTESIS SE CORRIGE 097 SE REALIZA ORDEN DE COMPARENDO POR LA INFRACCION A08 39531280 DATOS DEL PEATON DIRECCION CARRERA 21  N 33A 58 CELULAR 3123616912;97;TRANSITAR POR VIAS PROHIBIDAS
786;2786;1/15/2024 6:30 PM;HERIDOS;CHOQUE;VEHICULO;-74,09456728;4,710070156;10;;1;SE REALIZA 2 ORDENES DE COMPARENDO AL CONDUCTOR DEL VEHICULO MOTOCICLETA NUMEROS DE COMAPRENDO C35 N 39606635 Y D04 39607371;142;SEMAFORO EN ROJO
787;2787;1/15/2024 6:02 PM;HERIDOS;CHOQUE;VEHICULO;-74,0886691;4,659478937;12;;2;CORRIJO CASILLA N 82 SERIAL DE LA BICICLETA N C21602116 CASILLA 11 HIPOTESIS 157 ART 55 NO RESPETAR PRELACION EN INTERCEPCION Y CRUZAR SIN OBSERVAR;157;OTRA HIPÓTESIS (CONDUCTOR)
788;2788;1/15/2024 4:36 PM;HERIDOS;CHOQUE;VEHICULO;-74,12250248;4,558031612;6;;1;LA VICTIMA DESISTIO DE TODA ACCION PENAL CIVIL ADMINISTRATIVA Y  CONTRAVENCIONAL EN FAVOR DEL SEÑOR JOSE DIONICIO POR LO QUE NO SE ADELANTO QUERELLA NI ACTOS URGENTES RESOLUCIONES 01670 Y 03922 DE 2016 Y CIRCULAR 001 DEL 25 05 2017 FISCALIA GENERAL DE LA NACION;112;DESOBEDECER SEÑALES O NORMAS DE TRANSITO
789;2789;1/15/2024 4:30 PM;HERIDOS;CHOQUE;VEHICULO;-74,123857;4,575520242;18;;2;NO SE INICIA PROCESO POR FISCALIA YA QUE LOS LESIONADOS NO DESEAN INTERPONER QUERELLA POR EL MOMENTO ;112;DESOBEDECER SEÑALES O NORMAS DE TRANSITO
790;2790;1/15/2024 3:51 PM;HERIDOS;CHOQUE;VEHICULO;-74,12285117;4,627629327;16;;1;CORRIJO CASILLA 8 VH1 CONDUCTOR ES TRASLADADO A MEDICINA LEGAL PARA PRUEBA EMBRIAGUEZ CORRIJO CASILLA 8 1 VH1 CATEGORIA LICENCIA C2 VENCIMIENTO 25 01 2025 CORRIJO CASILLA 8 2 VH1 CONTRACTUAL Y EXTRACONTRATUAL N POLIZA 1000491686902 SEGUROS BOLIVAR VENCIMIENTO 07 07 2024;119;FRENAR BRUSCAMENTE
791;2791;1/15/2024 3:00 PM;HERIDOS;CHOQUE;VEHICULO;-74,04676227;4,74720725;1;;1;SE DEJA CONSTANCIA QUE AL LLEGAR AL LUGAR DE LOS HECHOS EL CONDUCTOR DE LA CAMIONETA SE DA A LA HUIDA DEL LUGAR;132;NO RESPETAR PRELACION
792;2792;1/15/2024 2:59 PM;HERIDOS;CHOQUE;VEHICULO;-74,15967254;4,648250801;8;;3;SE LE REALIZA ORDEN DE COMPARENDO AL CONDUCTOR DE LA MOTOCICLETA GDI51F POR LA INFRACCION D01 NUNCA HABER OBTENIDO LICENCIA DE CONDUCCION N COMPARENDO 39607769 CASILLA 11 NO HAY HIPOTESIS PARA VH2;112;DESOBEDECER SEÑALES O NORMAS DE TRANSITO
793;2793;1/15/2024 2:20 PM;HERIDOS;CAIDA;;-74,17156545;4,613351542;8;;1;SE CORRIGE LOS DATOS DE LA VICTIMA SIENDO CORRECTO LOS DE LA CASILLA N 9 VITIMAS;506;OTRA HIPÓTESIS (PASAJERO O ACOMPAÑANTE)
794;2794;1/15/2024 2:10 PM;HERIDOS;VOLVAMIENTO;;-74,17398717;4,681538826;9;;1;CONDUCTOR DE MOTOCICLETA PIERDE EL CONTROL DE LA MISMA POR UN HUECO EN LA VIA LESIONANDOSE NO SE REALIZA QUERELLA YA SE TRASLADA POR AUTOLESSIONES INTERNO 00344 INCIDENTE 9475 INTERNO ;306;HUECOS
795;2795;1/15/2024 1:30 PM;HERIDOS;CAIDA;;-74,09380821;4,625617542;13;;1;CORRIJO DIRECCION AV AMERICAS CON CALLE 20 ACLARO CL 20 TV 39 BIS A ES LA DIRECCION;122;GIRAR BRUSCAMENTE
796;2796;1/15/2024 11:00 AM;HERIDOS;CHOQUE;VEHICULO;-74,13267342;4,583573264;6;;2;SOBRE LA CARRERA 29 SE ENCONTRABA UN VEHICULO DEL ACUEDUCTO DE PLACAS SNY600 DE NUMERO DE CONTRATISTA 1 01 34100 1521 2022 REALIZANDO UNA OBRA O UN MANTENIMIENTO A UNA ALCANTARILLA Y ESTABA TAPANDO LA SEÑAL DE PARE;112;DESOBEDECER SEÑALES O NORMAS DE TRANSITO
797;2797;1/15/2024 10:55 AM;HERIDOS;CHOQUE;VEHICULO;-74,15140597;4,653231303;8;;1;LOS VEHICULOS FUERON MOVIDOS DE LA POSICION FINAL LESIONADO CONDUCTOR VH2 SE TRASLADA CLINICA MEDICAL PROINFO LLEGA A ACUERDO MONETARIO POR 1000000 CON LA OTRA PARTE MANIFIESTA NO INTERPONER QUERELLA N 001 DEL 250517 NO SE INMOVILIZA VEHICULOS;157;OTRA HIPÓTESIS (CONDUCTOR)
798;2798;1/15/2024 10:33 AM;HERIDOS;CAIDA;;-74,14257479;4,595469485;6;;3;HIPOTESIS DE ACCIDENTABILIDAD VH1 N 119 FRENAR BRUSCAMENTE ;119;FRENAR BRUSCAMENTE
799;2799;1/15/2024 10:05 AM;HERIDOS;ATROPELLO;;-74,11679474;4,599540009;8;;1;VEHICULO 1 LO MUEVEN DE SU POSICION FINAL;142;SEMAFORO EN ROJO
800;2800;1/15/2024 8:54 AM;HERIDOS;VOLVAMIENTO;;-74,03633384;4,815130365;1;;1;SE DEJA CONSTANCIA QUE LA SEÑORITA CAMARGO FONSECA DANIELA CON CC 1005449279 DE 25 AÑOS DE COLAD NO DESEA POR EL MOMENTO INTERPONER QUERELLA DE LO CUAL QUEDA SOPORTE MEDIANTE VIDEO FILMICO Y SE LE EXPLICA QUE TIENE 6 MESES APARTIR DE LA FECHA PARA REALIZAR QUERELLA ;157;OTRA HIPÓTESIS (CONDUCTOR)
801;2801;1/15/2024 8:40 AM;HERIDOS;ATROPELLO;;-74,10862742;4,582431622;18;;3;SE NOTIFICAN LOS COMPARENDOS NUMERO 39607619 INFRACCION D01 Y  39607637 INFRACCION C35 AL CONDUCTOR DEL VEHICULO N 1;139;IMPERICIA EN EL MANEJO
802;2802;1/15/2024 6:39 AM;HERIDOS;CHOQUE;VEHICULO;-74,1415113;4,593605993;6;;2;FECHA DE OCURRENCIA 15 ENERO 2024 SE CORRIGE LICENCIA VH2 1023970722 ;157;OTRA HIPÓTESIS (CONDUCTOR)
803;2803;1/15/2024 6:02 AM;DANOS;CHOQUE;OBJETO;-74,1061276;4,63043245;16;;;SE CORRIGE INTERNO INCIDENTE SIENDO LOS CORRECTOS INTERNO 079 INCIDENTE 9111 POSTE COLISIONA POR VEHICULO EN FUGA PERTENECE A CODENSA N 2153162 CORRIJO CASILLA 17 BOSQUEJO TOPOGRAFICO SENTIDO VIAL DEL EVENTO OCCIDENTE ORIENTE EL CORRECTO;157;OTRA HIPÓTESIS (CONDUCTOR)
804;2804;1/15/2024 4:50 AM;HERIDOS;CHOQUE;VEHICULO;-74,16792167;4,648186639;8;;1;SE DEJA CONSTANCIA QUE SE CORRIGE CASILLA 8 2 PROPIETARIO DEL VEHICULO N 1 ES LA SEÑORA CASTILLO CASTIBLANCO OLGA MARINA DE CEDULA 39658245;122;GIRAR BRUSCAMENTE
805;2805;1/15/2024 1:31 AM;HERIDOS;CHOQUE;OBJETO;-74,0273894;4,760324788;1;;1;SE DEJA CONSTANCIA QUE EL VH2 SE ENCUENTRA ESTACIONADO APAGADO SE PRESENTA COMO SEÑOR JULIAN ANDRES LEON ALDANA CON CC 1110501100 DE IBAGUE AL CUAL SE NOTIFICA ORDEN DE COMPARENDO 39586779 INFRACCION C02 QUIEN ES EL RESPONSABLE DEL VEHICULO V2 CORRECCION  CASILLA V1 8 2 INMOVILIZADO EN NO APLICA A D;157;OTRA HIPÓTESIS (CONDUCTOR)
806;2806;1/14/2024 11:40 PM;HERIDOS;ATROPELLO;;-74,08902852;4,537596033;4;;2;SE DEJA CLARIDAD QUE POR EQUIVOCACION LOS DATOS DEL CONDUCTOR DEL VEHICULO 2 NO APLICAN YA QUE ES PEATON POR TAL MOTIVO SE COLOCAN EN PEATON;157;OTRA HIPÓTESIS (CONDUCTOR)
807;2807;1/14/2024 10:52 PM;HERIDOS;CHOQUE;VEHICULO;-74,04452799;4,733767236;1;;2;POR ESTABLECER CONDUCTOR DE LA BICICLETA OMITE LA SEÑAL DEL SEMAFORO DE LA CICLOVIA Y CONDUCTOR DEL AUTOMOVIL PARTICULAR SEMAFORO QUE DA GIRO A LA IZQUIERDA;157;OTRA HIPÓTESIS (CONDUCTOR)
808;2808;1/14/2024 9:27 PM;HERIDOS;ATROPELLO;;-74,0892498;4,726148974;11;;3;SE REALIZA ORDEN DE COMPARENDO 39594692 INFRACCION D01 AL CONDUCTOR VEHICULO 1 CORRECION CASILLA 7 VIA 1 OTRA NO;157;OTRA HIPÓTESIS (CONDUCTOR)
809;2809;1/14/2024 5:00 PM;HERIDOS;CHOQUE;OBJETO;-74,14758114;4,532537182;19;;1;NO SE PUDO ESTABLECER LA UBICACION EXACTA DEL ACCIDENTE POR TAL MOTIVO NO SE HACE BOSQUEJO TOPOGRAFICO;157;OTRA HIPÓTESIS (CONDUCTOR)
810;2810;1/14/2024 2:50 PM;HERIDOS;CHOQUE;VEHICULO;-74,19499186;4,613249949;7;;1;POR ESTABLECER QUIEN OMITE LA SEÑAL DEL SEMAFORO EN ROJO EL CONDUCTOR DE LA BICICLETA  POR VOLUNTAD PROPIA NO DEJA INTERPONER QUERELLA SE LE EXPLICA EL PROCEDIMIENTO Y TIENE 6 MESES PARA QUERELLAR;142;SEMAFORO EN ROJO
811;2811;1/14/2024 1:43 PM;MUERTOS;CHOQUE;VEHICULO;-74,07237066;4,666996342;12;1;3;DIA DOMINGO CALZADA HABILITADA PARA DOBLE SALIDA DE CIRCULACION POR LA CICLO RUTA;308;OTRA HIPÓTESIS (VÍA)
812;2812;1/14/2024 1:35 PM;DANOS;CHOQUE;OBJETO;-74,19156767;4,625987949;7;;;VEHICULO N 1 ARRANCA SIN OBSERVAR LAS DEBIDAS PRECAUCIONES Y CHOCA CONTRA EL SEMAFORO DE LA CRA 88 C CON CLL 60 SUR SENTIDO NORTE SUR ANTES DE PASAR LA INTERSECCION ;145;ARRANCAR SIN PRECAUCION
813;2813;1/14/2024 10:42 AM;HERIDOS;CHOQUE;VEHICULO;-74,0553802;4,677555861;2;;2;SE DEJA CONSTANCIA QUE LOS ACOMPAÑANTES DEL VH1 NO DESEAN QUERELLA MISMO FORMA SE NOTIFICA DEL COMPARENDO AL CONDUCTOR VH1 COMPARENDO 39597462 INFRACCION D12;121;NO MANTENER DISTANCIA DE SEGURIDAD
814;2814;1/14/2024 9:53 AM;HERIDOS;CAIDA;;-74,16832705;4,63126681;8;;2;HIPOTESIS 157 PARA VEHICULO 1 NO TENER PRECAUCION ANTE REDCUTOR EL CUAL NO SE ENCUENTRA SEÑALIZADO HIPOTESIS 301 PARA LA VIA REDUCTOR SIN SEÑALIZACION ;301;AUSENCIA TOTAL O PARCIAL DE SEÑALES
815;2815;1/14/2024 8:57 AM;HERIDOS;CHOQUE;VEHICULO;-74,08193627;4,706096521;11;;2;CORRECION N INTERNO 73 SE DEJA CONSTANCIA QUE LAS PERSONAS LESIONADAS MANIFIESTAN DE FORMA VOLUNTARIA SU DESEO DE NO REALIZAR QUERELLA Y LA MOTOCICLETA DE PLACAS AXD11D NO ESTABA EN EL LUGAR DE LOS HECHOS HIPOTESIS 157 POR ESTABLECER DINAMICA DEL ACCIDENTE;157;OTRA HIPÓTESIS (CONDUCTOR)
816;2816;1/14/2024 8:35 AM;HERIDOS;CHOQUE;VEHICULO;-74,08869726;4,508265168;5;;1;SE CORRIGE CASILLA 8 2 SOAT N 86596213 VEHICULO 1;103;ADELANTAR CERRANDO
817;2817;1/14/2024 8:08 AM;DANOS;CHOQUE;OBJETO;-74,11539782;4,576712673;18;;;VEHICULO COLISIONA CONTRA POSTE SIN NÚMERO NI MARCACIÓN QUE SE ENCUENTRA FRENTE A LA VIVIENDA DE NOMENCLATURA CLL 3 BIS SUR N 12 G 15 QUEDANDO LA RESIDENCIA SIN ENERGIA PROPIETARIA ELSA RAMIREZ CASTRO CC 51963482 CEL 3125387392;125;ESTACIONAR SIN SEGURIDAD
818;2818;1/14/2024 5:35 AM;HERIDOS;VOLVAMIENTO;;-74,11940185;4,679309527;10;;2;NO SE DIAGRAMA EL VEHICULO YA QUE FUE MOVIDO DEL LUGAR DE IMPACTO;308;OTRA HIPÓTESIS (VÍA)
819;2819;1/14/2024 4:30 AM;HERIDOS;CHOQUE;VEHICULO;-74,11234764;4,594492289;15;;4;NO SE DIAGRAMAN LOS VEHICULOS YA QUE NO SE ENCUENTRAN EN SU POSICION FINAL FINAL;157;OTRA HIPÓTESIS (CONDUCTOR)
820;2820;1/14/2024 4:04 AM;HERIDOS;CHOQUE;VEHICULO;-74,18753801;4,616075853;7;;4;SE DEJA CONSTANCIA QUE EL VH1 LO MOVIERON DE SU POSICION FINAL POR LO CUAL NO SE TOMAN MEDIDAS SE NOTIFICA ORDEN DE COMPARENDO CONDUCTOR VH1 CON EL N 39605620 CORRIJO CASILLA 8 2 VH1 INMOVILIZADO PATIOS FISCALIA ALAMOS;127;TRANSITAR EN CONTRAVIA
821;2821;1/14/2024 2:30 AM;HERIDOS;CHOQUE;VEHICULO;-74,07247929;4,651004384;12;;1;NO SE DIAGRAMA LOS VEHICULOS YA QUE FUERON MOVIDOS DE SU POSICION FINAL SE DEJA CONSTANCIA QUE EL VH1 NO SE ENCONTRABA EN MOVIMIENTO SI NO QUE LLEGO POR ESA RUTA Y SE ESTACIONO PARA REALIZAR EL PLAN CANDADO Y EL VH2 SE DIO A LA FUGA Y AL LLEGAR AL PUNTO LOS ARROYA CON EL VEHICULO;115;EMBRIAGUEZ O SUSTANCIAS ALUCINOGENAS