CODIGO_ACCIDENTE;FORMULARIO;FECHA;GRAVEDAD;CLASE;CHOQUE;LONGITUD;LATITUD;CODIGO_LOCALIDAD;TOTAL_MUERTOS;TOTAL_HERIDOS;TEXTO_OBSERVACIONES;CODIGO_CAUSA;DESCRIPCION
822;2822;1/14/2024 2:30 AM;DANOS;CHOQUE;OBJETO;-74,07386867;4,649483231;12;;;EL VEHICULO 1 CHOCA CONTRA MURO Y LA REJA DEL ANTE JARDIN DE LA EDIFICACION ESQUINERA CON DIRECCION DIAGONAL 61 D BIS CON CARRERA 26 OCASIONANDO LA CAIDA DE PARTE DEL MURO Y DAÑOS EN LA REJA SE HACE CARGO DEL PREDIO AL SEÑOR CARLOS GUAQUETA CON CEL 310234041 ;115;EMBRIAGUEZ O SUSTANCIAS ALUCINOGENAS
823;2823;1/14/2024 1:13 AM;DANOS;CHOQUE;OBJETO;-74,11316706;4,71666874;10;;;AL LUGAR LLEGA LA SEÑORA BOBADILLA GUTIERREZ CAROLINA DEL SOCORRO CON NUMERO DE CEDULA 51846646 LA CUAL MANIFIESTA QUE ES LA PROPIETARIA DEL VEHICULO Y QUE SE HACE CARGO DEL MISMO ENTREGANDO DOCUMENTOS INFORMA QUE EL CONDUCTOR ERA EL HIJO Y APORTA DATOS DEL MISMO MANIFIESTA QUE EL HIJO SE FUE DEL LU;157;OTRA HIPÓTESIS (CONDUCTOR)
824;2824;1/13/2024 10:30 PM;HERIDOS;ATROPELLO;;-74,16834948;4,638059775;8;;2;SE REALIZA ORDEN DE COMPARENDO A CONDUCTOR VH1 POR INFRACCION D01 N DE COMPARENDO 39605518 PEATON ES DE NACIONALIDAD VENEZOLANA SE ACLARA NOMBRE PEATON NAUDY EMILIO AGUILAR MARTINEZ;139;IMPERICIA EN EL MANEJO
825;2825;1/13/2024 10:15 PM;HERIDOS;CHOQUE;OBJETO;-74,09406839;4,7277007;11;;1;COMPARENDO POR D02 N 039605898 Y POR D01 N 039606703 MOTOCICLETA INMOVILIZADA EN LOS PATIOS DE ALAMOS POR INFRACCION D02 SOAT VENCIDO;139;IMPERICIA EN EL MANEJO
826;2826;1/13/2024 10:02 PM;HERIDOS;ATROPELLO;;-74,06573207;4,649742349;13;;2;NO SE DIAGRAMA AL VH1 YA QUE FUE MOVIDO DE SU POSICION FINAL;157;OTRA HIPÓTESIS (CONDUCTOR)
827;2827;1/13/2024 8:20 PM;HERIDOS;CHOQUE;VEHICULO;-74,06775958;4,624098036;3;;1;CORRIJO CASILLA 8 2 VEHICULO 8 2 VEHICULO  2 EL CUAL ES MOTOCICLETA Y NO TIENE EXTRAC NI CONTRACT  CORRIJO CASILLA PROPIETARIO V2 QUE ES EL SEÑOR SEÑOR POVEDA ROJAS MIGUEL RICARDO CC 1000061208 QUE ES  MISMO CONDUCTOR V2 CORRIJO CASILLA 8 3 CLASE VEHICULO MOTOCICLETA PARTICULAR ;122;GIRAR BRUSCAMENTE
828;2828;1/13/2024 7:40 PM;HERIDOS;ATROPELLO;;-74,12489974;4,570832509;18;;2;EL VH1 LA MOTOCICLETA 112 NO RESPETAR LA SEÑAL DE PARE 157 NO TENER PRECAUCION ANTE LO DEMAS ACTORES ART 63 CNT;112;DESOBEDECER SEÑALES O NORMAS DE TRANSITO
829;2829;1/13/2024 7:20 PM;DANOS;CHOQUE;VEHICULO;-74,1402881;4,598255881;8;;;SE DEJA CONSTANCIA QUE EL SEÑOR MAICOL DAVID GONZALEZ GARCES CC 1000862498 CONDUCTOR DE LA MOTOCICLETA MANIFIESTA LIBRE Y VOLUNTARIAMENTE NO REQUERIR ATENCION MEDICA ASI MISMO LAS PARTES INVOLUCRADAS REALIZAN ENTRE ELLOS UNA CONCILIACION ENTRE 1500000;112;DESOBEDECER SEÑALES O NORMAS DE TRANSITO
830;2830;1/13/2024 6:53 PM;HERIDOS;CHOQUE;VEHICULO;-74,06979305;4,705230399;11;;2;CORRECION CASILLA 8  2 DEL VH1 COLOR PLATA SIRIUS METALICO CASILLA 8 3 DEL VEHICULO 2 BICICLETA ELECTRICA CORRECION CASILLA 17 TABLA DE MEDIDAS A 2 12 30;112;DESOBEDECER SEÑALES O NORMAS DE TRANSITO
831;2831;1/13/2024 6:45 PM;HERIDOS;CHOQUE;VEHICULO;-74,09439293;4,570809236;4;;2;VH1 HIPOTESIS 112 NO RESPETAR SEÑAL DE PARE SR01;112;DESOBEDECER SEÑALES O NORMAS DE TRANSITO
832;2832;1/13/2024 5:47 PM;HERIDOS;ATROPELLO;;-74,11964715;4,719467185;10;;2;POR ESTABLECER CUAL DE LOS 2 ACTORES VIALES OMITIO LA SEÑAL DE SEMAFORO EN ROJO ;142;SEMAFORO EN ROJO
833;2833;1/13/2024 4:05 PM;HERIDOS;CHOQUE;VEHICULO;-74,17953966;4,610260948;7;;1;CONDUCTOR QUIEN MANIFIESTA QUE NO DESEA INTERPONER QUERELLA;98;TRANSITAR ENTRE VEHICULOS
834;2834;1/13/2024 3:45 PM;HERIDOS;CHOQUE;VEHICULO;-74,12906317;4,609346599;16;;2;SE REALIZAN COMPARENDOS N 39600295 POR LA D01 GUIAR LA MOTOCICLETA SIN HABER OBTENIDO LICENCIA DE CONDUCCION 39605866 POR LA D02 SOAT VENICIDO Y 39604195 POR LA C35 PENSION TECNICO MECANICA VENCIDA;139;IMPERICIA EN EL MANEJO
835;2835;1/13/2024 3:25 PM;HERIDOS;OTRO;;-74,13632122;4,648937861;8;;1;LA SEÑORA ELIZABETH HOYOS RUBIANO CC 1022326514 LESIONADA COMO CALIDAD DE PEATON MANIFIESTA QUE IBA CAMINANDO SOBRE EL ANDEN CUNADO ESCUCHA UN RUIDO FUERTE Y A LA VEZ UN GOLPE FUERTE EN SU ROSTRO CON UN ELEMENTO QUE ARROJO UN VEHICULO TIPO CAMIONETA DE PLACAS BGA415 SERVICIO PUBLICO QUE TRANSITABA S;217;OTRA HIPÓTESIS (VEHÍCULO)
836;2836;1/13/2024 3:00 PM;HERIDOS;CHOQUE;VEHICULO;-74,13181243;4,660762142;9;;1;SE CORRIGE DIRECCION DE ACCIDENTE SIENDO CRA 86 CON CALLE 26 Y FECHA DEL ACCIDENTE 17 01 2024;121;NO MANTENER DISTANCIA DE SEGURIDAD
837;2837;1/13/2024 2:07 PM;HERIDOS;CHOQUE;VEHICULO;-74,18084589;4,607076765;7;;1;SE DEJA CONSTANCIA QUE AL MOMENTO DE LLEGAR AL LUGAR DE LOS HECHOS LOS VEHICULOS SON MOVIDOS DE SU POSICION FINAL;157;OTRA HIPÓTESIS (CONDUCTOR)
838;2838;1/13/2024 1:00 PM;HERIDOS;CHOQUE;VEHICULO;-74,09794954;4,683308726;10;;1;CORRIJO CASILLA 9 CARRASCO RUEDA DAVID ES EL PROPIETARIO DEL VH2 L CONDUCTORA DEL VH2 NO DESEA INTERPONER QUERELLA ANTE FISCALIA DE MANERA LIBRE Y ESPONTANEA ;157;OTRA HIPÓTESIS (CONDUCTOR)
839;2839;1/13/2024 12:51 PM;HERIDOS;CHOQUE;VEHICULO;-74,07892732;4,58250381;3;;1;VH 1 NO SE DIAGRAMA MOVIDO DE LA POSICION FINAL ART 74 157 VH1 SE NOTIFICA ORDEN DE COMPARENDO AL CONDUCTOR DEL VH2 POR LA INFRACCION D04 N 39598337;157;OTRA HIPÓTESIS (CONDUCTOR)
840;2840;1/13/2024 12:45 PM;HERIDOS;CHOQUE;OBJETO;-74,14389015;4,552341175;19;;2;INMUEBLE CON NOMENCLATURA N 66A 39 SUR MANIFIESTA SER PROPIETARIO HILMER CEDIEL VARGAS WILCHES CC 80049259 BOGOTA DC  EL CUAL EL INMUEBLE PRESENTA DAÑOS MATERIALES Y OCACION DEL CHOQUE LOS DAÑOS OCASIONAN LESION A 2 MENORES QUE SE ENCUENTRAN DENTRO DEL INMUEBLE;157;OTRA HIPÓTESIS (CONDUCTOR)
841;2841;1/13/2024 12:41 PM;HERIDOS;CHOQUE;VEHICULO;-74,16403917;4,683839367;9;;2;SE DEJA CONSTANCIA QUE POR EL ESTADO DE INCONCIENCIA DEL LESIONADO NO SE PUEDE OBTENER MAS DATOS PERSONALES Y EN EL CENTRO MEDICO NO SE ENCUENTRA NINGUN FAMILIAR;122;GIRAR BRUSCAMENTE
842;2842;1/13/2024 12:30 PM;HERIDOS;CHOQUE;VEHICULO;-74,06987486;4,61133838;3;;1;POR ERROR INVOLUNTARIO INDIQUE HIPOTESIS DEL VEHICULO CUANDO SOLO ES DE LOS CONDUCTORES;112;DESOBEDECER SEÑALES O NORMAS DE TRANSITO
843;2843;1/13/2024 12:05 PM;DANOS;CHOQUE;OBJETO;-74,08768607;4,723098972;11;;;POSTE DE LUZ N 08788806 ROTO POR EL CHOQUE DEL VH1 ;125;ESTACIONAR SIN SEGURIDAD
844;2844;1/13/2024 11:15 AM;HERIDOS;CHOQUE;VEHICULO;-74,07909264;4,700354631;11;;3;SE CORRIJE TOTAL VICTIMAS 03  01 ACOMPAÑANTE Y 02 CONDUCTORES LA SEÑAL QUE SE OMITE ES LA LINEA DE PARE ;112;DESOBEDECER SEÑALES O NORMAS DE TRANSITO
845;2845;1/13/2024 10:42 AM;HERIDOS;CAIDA;;-74,11119847;4,746848404;11;;1;VIA N 2 LINEA BLANCA CONTINUA SE CORRIGE NOMBRE DE CONDUCTOR  VH2 YA QUE ESTA SE ANULA;506;OTRA HIPÓTESIS (PASAJERO O ACOMPAÑANTE)
846;2846;1/13/2024 9:40 AM;MUERTOS;CHOQUE;VEHICULO;-74,10971687;4,663012215;9;1;;NO SE TIENEN MAS DATOS DE LA GRAVEDAD DE LAS LESIONES NO SE DIAGRAMA VEHICULOS YA QUE FUERON MOVIDOS DE LA POSICION FINAL Y VEHICULO EN FUGA DATOS CONDUCTOR N 1 CARRERA 10A N 9 43 FUNZA TEL 3212749274;157;OTRA HIPÓTESIS (CONDUCTOR)
847;2847;1/13/2024 6:55 AM;HERIDOS;CHOQUE;VEHICULO;-74,07022623;4,711361287;11;;8;SE REALIZA ANEXO 2 N 1559 LA AMBULANCIA INVOLUCRADA EN EL ACCIDENTE DE TRANSITO TRASÑLADA COMO PACIENTE AL MOMENTO DEL SINIESTRO VIAL AL SEÑOR ANDERSON QUIÑONEZ CC 1023932290;157;OTRA HIPÓTESIS (CONDUCTOR)
848;2848;1/13/2024 6:50 AM;HERIDOS;CHOQUE;VEHICULO;-74,13159821;4,644754256;8;;2;LOS VEHICULOS LOS MOVIERON DE SU POSICION FINAL;122;GIRAR BRUSCAMENTE
849;2849;1/13/2024 5:20 AM;HERIDOS;CHOQUE;VEHICULO;-74,11491049;4,505013686;5;;2;EN EL BOSQUEJO TOPOGRAFICO SE CORRIGE LA POSIBLE TRAYECTORIA DEL VEHICULO N 2  PTU ANULANDO LA DEL COSTADO DERECHO DEL BOSQUEJO 2 EL CONDUCTOR DE LA BICICLETA TRANSITABA EN SENTIDO CONTRARIO;157;OTRA HIPÓTESIS (CONDUCTOR)
850;2850;1/13/2024 5:18 AM;DANOS;CHOQUE;VEHICULO;-74,12683886;4,607219679;16;;;SE REALIZA COMPARENDO AL CONDUCTOR DEL VH1 EL SEÑOR HUGO ARMANDO VARGAS COMPARENDO 39598747 GRADO 2;121;NO MANTENER DISTANCIA DE SEGURIDAD
851;2851;1/13/2024 4:45 AM;MUERTOS;CHOQUE;VEHICULO;-74,18144781;4,590003879;19;1;;SE CORRIJE FECHA 13012024 CASILLA 82 VH1 MATRICULADO EN SIBATE CASILLA 16 CONSECUTIVO 00154 CASILLA 65 CONDICIONE CLIMATICAS NORMAL;157;OTRA HIPÓTESIS (CONDUCTOR)
852;2852;1/13/2024 4:00 AM;DANOS;CHOQUE;VEHICULO;-74,10738019;4,627248358;16;;;CORRIJO PLACA VEHICULO OLN153 SOAT 7008004207155000 VIGENCIA 20240509 REVISION 169601453 VIGENCIA 20241114 CODIFICACION121 NO GUARDA LA DISTANCIA SEGURIDAD PARA CONDUCTOR VH11;121;NO MANTENER DISTANCIA DE SEGURIDAD
853;2853;1/13/2024 3:54 AM;DANOS;CHOQUE;OBJETO;-74,08149955;4,752200411;11;;;CONDUCTOR COLISIONA CON PUERTA DE GARAGE DEL CONJUNTO RESIDENCIAL MONTE REDONDO DESGARRANDO DE SU EJE SE HACE RESPONSABLE DEL CONJUNTO RESIDENCIAL EL SEÑOR JOSE WILSON ALFONSO BOLAÑOS CC 93180894 COMO CARGO SUPERIOR SE REALIZA PRUEBA DE ALCOHOLEMIA EL CUAL SALE GRADO 2;115;EMBRIAGUEZ O SUSTANCIAS ALUCINOGENAS
854;2854;13/01/2024;HERIDOS;CHOQUE;OBJETO;-74,12266342;4,616859191;16;;2;PROPIETARIO BOGOTA DISTRITO CAPITAL NIT 899999061 CONDUCTOR Y ACOMPAÑANTE NO QUIEREN QUERELLA NI REQUIEREN NADA DE TRANSITO SE CORRIJE DATOS CONDUCTOR V1 EDGAR ALVIADES PLAZAS CC 1006442082 FECHA DE NACIMIENTO 20091996 RESULTA HERIDO TRASLADADO A LA SANTA  JULIANA ;304;SUPERFICIE HUMEDA
855;2855;1/12/2024 20:00;HERIDOS;CHOQUE;VEHICULO;-74,11082346;4,512364466;5;;4;SE ENTREGA DOCUMENTOS COMPLETOS Y COPIA;112;DESOBEDECER SEÑALES O NORMAS DE TRANSITO
856;2856;1/12/2024 20:00;HERIDOS;CHOQUE;VEHICULO;-74,06218363;4,677144176;12;;2;LOS VEHICULOS FUERON MOVIDOS DEL LUGAR DE LOS HECHOS CORRIJO DIRECCION CARRERA 30 CON CALLE 88B;157;OTRA HIPÓTESIS (CONDUCTOR)
857;2857;1/12/2024 19:20;HERIDOS;CHOQUE;VEHICULO;-74,11057202;4,64510689;16;;1;SE DEJA CONSTANCIA ACLARO QUE NO SE INMOVILIZA NI SE DEJA A DISPOSCION SE DEJA CONSTANCIA QUE EL CONDUCTOR GUTIERREZ MARCOS YOVANNY CC 1119210271 NO INTERPONE QUERELLA DEJANDOLE EN RECONOCIMIENTO RESOLUCION 01670 Y 03922 DE 2016;97;TRANSITAR POR VIAS PROHIBIDAS
858;2858;1/12/2024 19:00;HERIDOS;ATROPELLO;;-74,08149419;4,58967179;3;;2;CORRIJO TECNICOMECANICA VH1 165930704 CORRIJO FECHA DE OCURRENCIA 12 01 2024 Y FECHA DE LEVANTAMIENTO 12 01 2024;157;OTRA HIPÓTESIS (CONDUCTOR)
859;2859;1/12/2024 17:48;HERIDOS;CHOQUE;VEHICULO;-74,1114196;4,612260746;16;;1;CIRCULAR 001  25 MAYO 2017 CONDUCTOR VH2 EL CUAL NO DESEA QUERELLA SE CORRIJE CASILLA 83 CLASE DE VEHICULO N2 SIENDO CORRECTO BICICLETA;157;OTRA HIPÓTESIS (CONDUCTOR)
860;2860;1/12/2024 17:40;HERIDOS;CHOQUE;VEHICULO;-74,03187466;4,738159059;1;;2;NO SE DIAGRAMAN LOS VEHICULOS YA QUE FUERON MOVIDOS DEL LUGAR DEL ACCIDENTE SE MARCA LA TRAYECTORIA MENSIONADAS POR LOS LESIONADOS;157;OTRA HIPÓTESIS (CONDUCTOR)
861;2861;1/12/2024 17:00;HERIDOS;CHOQUE;VEHICULO;-74,16138379;4,596173975;7;;2;CELULAR 3178083767 NICOLAS FAMILIAR;103;ADELANTAR CERRANDO
862;2862;1/12/2024 16:26;HERIDOS;CHOQUE;VEHICULO;-74,18363137;4,619499273;7;;2;SE CORRIJE FECHA DE VIGENCIA DE RESPONSABILIDAD CIVIL EXTRACONTRACTUAL LA CUAL ES 01082024;102;ADELANTAR POR LA DERECHA
863;2863;1/12/2024 16:21;HERIDOS;CHOQUE;VEHICULO;-74,12017164;4,58938304;16;;2;VEHICULO 1 GIRA DESDE EL CARRIL CENTRAL DE LA CARRERA 30 AL SUR PARA GIRAR POR LA CALLE 30 SUR AL OCCIDENTE;122;GIRAR BRUSCAMENTE
864;2864;1/12/2024 15:56;HERIDOS;CHOQUE;VEHICULO;-74,05655635;4,712565538;11;;2;SE REALIZA ORDEN DE COMPARENDO AL CONDUCTOR DEL VH1 INFRACCION D04 N 39531274 Y AL CONDUCTOR VH2 INFRACCION C35 N 39503879;112;DESOBEDECER SEÑALES O NORMAS DE TRANSITO
865;2865;1/12/2024 15:40;HERIDOS;CHOQUE;VEHICULO;-74,12143899;4,516142465;5;;2;SE REALIZA ORDEN DE COMPARENDO N 39604244 POR INFRACCION D02 SE CODIFICA 157 PARA LOS VEHICULOS YA QUE FUERON MOVIDOS DE SU POSICION FINAL;157;OTRA HIPÓTESIS (CONDUCTOR)
866;2866;1/12/2024 15:00;HERIDOS;CHOQUE;VEHICULO;-74,19088004;4,617087775;7;;3;CONDUCTOR VH 2 TIPO DE DOCUMENTO TI SE NOTIFICA ORDEN DE COMPARENDO AL CONDUCTOR VH2 POR INFRACCION D01 N COMPARENDO 39604571;139;IMPERICIA EN EL MANEJO
867;2867;1/12/2024 14:25;HERIDOS;CHOQUE;VEHICULO;-74,1091171;4,506699041;5;;3;POR ERROR INVOLUNTARIO SE CORRIGE DATOS CASILLA N9 VICTIMA ES KEVIN DANIEL FRAGOZO GUTIERREZ TI 1022989099;121;NO MANTENER DISTANCIA DE SEGURIDAD
868;2868;1/12/2024 13:15;HERIDOS;CHOQUE;VEHICULO;-74,10701541;4,625098888;16;;3;CORRIJO PLACA VH2 NIQ65G MARCA SUZUKI LINEA GN 125 COLOR NEGRO MODELO 2024;103;ADELANTAR CERRANDO
869;2869;1/12/2024 12:30;HERIDOS;VOLVAMIENTO;;-74,11003289;4,597967947;16;;1;EL SEÑOR CONDUCTOR DAVID ESTEVAN SILVA DE CC 1007535045 UNINFORMADO DE LA POLICIA NACIONAL MANIFIESTA LIBRE Y ESPONTANEAMENTE NO REQUERIR NINGUN PROCEDIMIENTO ADICIONAL DE TRANSITO Y SE DEJA CONSTANCIA QUE EL SEÑOR TRIPULANTE TAMBIEN DE LA POLICIA NACIONAL DE NOMBRE YEFERSON CAMILO MORALES DE CC 100;157;OTRA HIPÓTESIS (CONDUCTOR)
870;2870;1/12/2024 11:55;HERIDOS;CHOQUE;VEHICULO;-74,08734006;4,547553203;4;;2;HIPOTESIS 157 PARA LOS 2 CONDUCTORES POR DETERMINAR CUAL DE LOS CONDUCTORES INVOLUCRADOS CRUZO DE MANERA IMPRUDENTE LA INTERSECCION Y 112 PAAR EL CONDUCTOR DE LA MOTOCICLETA HACER CASO OMISO DE SEÑAL DE PARE;157;OTRA HIPÓTESIS (CONDUCTOR)
871;2871;1/12/2024 11:25;HERIDOS;CHOQUE;VEHICULO;-74,10203723;4,62347876;16;;2;DIRECCION DE L CONDUCTORA DEL VH1 SIENDO LA CORRECTA CL 37 BIS N 64A 58 SUR;121;NO MANTENER DISTANCIA DE SEGURIDAD
872;2872;1/12/2024 10:21;HERIDOS;CHOQUE;VEHICULO;-74,09135774;4,517993108;4;;2;CORRIJO CASILLA 83 VEHICULO N2 CLASE DE VEHICULO SIENDO ESTE AUTOMOVIL;132;NO RESPETAR PRELACION
873;2873;1/12/2024 10:00;HERIDOS;CHOQUE;VEHICULO;-74,07414735;4,6454714;13;;1;NO SE DIAGRAMA EL VEHICULO N 2 YA QUE FUE MOVIDO DE SU POSICION FINAL;112;DESOBEDECER SEÑALES O NORMAS DE TRANSITO
874;2874;1/12/2024 9:14;HERIDOS;CHOQUE;VEHICULO;-74,10926578;4,630360267;16;;1;SE CORRIJE CELULAR DEL CONDUCTOR N2 SIENDO EL CORRECTO 3167806132;112;DESOBEDECER SEÑALES O NORMAS DE TRANSITO
875;2875;1/12/2024 9:11;HERIDOS;CHOQUE;VEHICULO;-74,13032917;4,688657886;9;;1;LOS VEHICULOS FUERON MOVIDOS DE SU POSICION FINAL POR ENDE NO SE DIAGRAMAN EL VEHICULO N 2 SE DA A LA FUGA;157;OTRA HIPÓTESIS (CONDUCTOR)
876;2876;1/12/2024 9:00;HERIDOS;CHOQUE;VEHICULO;-74,06627802;4,640401692;2;;1;EL SEÑOR MOTOCICLISTA NO TIENE LICENCIA DE CONDUCCION COMPARENDO 39603687;103;ADELANTAR CERRANDO
877;2877;1/12/2024 8:55;HERIDOS;CHOQUE;VEHICULO;-74,12722317;4,533224354;19;;3;SE NOTIFICA COMPARENDO NUMERO 39598074 AL CONDUCTOR DEL VEHICULO N 1 INFRACCION C15;121;NO MANTENER DISTANCIA DE SEGURIDAD
878;2878;1/12/2024 8:50;HERIDOS;CHOQUE;VEHICULO;-74,09575013;4,686644939;10;;2;EL CONDUCTOR DEL VH2 MANIFESTO HABER MOVIDO DE SU POSICION FINAL SU MOTOCICLETA EL ACCIDENTE SE PRODUJO EN PRIMERA INSTANCIA ENTRE LAS MOTOCICLETAS Y SEGUIDAMENTE EN VEHICULO N1 CHOCA CON POSTE DE ENERGIA ;121;NO MANTENER DISTANCIA DE SEGURIDAD
879;2879;1/12/2024 8:11;HERIDOS;CHOQUE;VEHICULO;-74,03117863;4,702986269;1;;2;CORRIJO FECHA DE NACIMIENTO CONDUCTOR N 2 LA CUAL ES 31 12 1994 ;121;NO MANTENER DISTANCIA DE SEGURIDAD
880;2880;1/12/2024 7:32;MUERTOS;ATROPELLO;;-74,12535635;4,56403945;6;1;1;NO ES POSIBLE COMUNICARNOS CON LOS FAMILIARES DEL PEATON EN REANIMACION Y ENTUBADO;157;OTRA HIPÓTESIS (CONDUCTOR)
881;2881;1/12/2024 7:21;DANOS;CHOQUE;VEHICULO;-74,12657408;4,581920958;18;;;HIPOTESIS 123 VH2;123;NO RESPETAR PRELACION DE INTERSECCIONES O GIROS
882;2882;1/12/2024 7:14;HERIDOS;CHOQUE;VEHICULO;-74,03138893;4,760290462;1;;2;ES DE ANOTAR QUE EL VEHICULO 3 ES DE ENSEÑANZA IBA A CARGO DEL INSTRUCTOR EL SEÑOR NESTOR HUGO CAICEDO VANEGAS DE CEDULA 1057014413 CON CATEGORIA B2 VENCIMIENTO 20 09 2031 CON CERTIFICADO DE INSTRUCTOR N 46145 ES DE ACLARAR QUE EL CONDUCTOR ES EL ESTUDIANTE RELACIONADO COMO CONDUCTOR DEL VEHICULO 3;157;OTRA HIPÓTESIS (CONDUCTOR)
883;2883;1/12/2024 6:58;HERIDOS;ATROPELLO;;-74,02452675;4,758345584;1;;1;SE CORRIGE FECHA DE NACIMIENTO PEATON 17 10 1972;157;OTRA HIPÓTESIS (CONDUCTOR)
884;2884;1/12/2024 6:40;HERIDOS;ATROPELLO;;-74,09312693;4,665798696;13;;2;157 NO ESTAR ATENTO A LOS DEMAS ACTORES VIALES;157;OTRA HIPÓTESIS (CONDUCTOR)
885;2885;1/12/2024 4:40;MUERTOS;CHOQUE;OBJETO;-74,16863648;4,610798327;8;1;;CORRIJO CASILLA 5 CLASE DE ACCIDENTE CHOQUE;157;OTRA HIPÓTESIS (CONDUCTOR)
886;2886;1/11/2024 22:30;HERIDOS;CHOQUE;VEHICULO;-74,130702;4,576816967;6;;1;EL VH2 NO SE FIJA YA QUE FUE MOVIDO DE SU POSICION FINAL NO APLICA CORRIJO CASILLA 2 GRAVEDAD CON HERIDOS SE CORRIGEN MEDIDAS DEL VEHICULO N1 EL VH1 TRACTOCAMION SE DIAGRAMA YA QUE POR LABORES INVESTIGATIVAS NO SE MOVIO DE SU POSICION FINAL ;157;OTRA HIPÓTESIS (CONDUCTOR)
887;2887;1/11/2024 22:00;DANOS;CHOQUE;VEHICULO;-74,10371897;4,621540484;16;;;CORRIJO CASILLA 4 FECHA DE OCURRENCIA EL 11012024;103;ADELANTAR CERRANDO
888;2888;1/11/2024 19:50;HERIDOS;CHOQUE;VEHICULO;-74,09910423;4,714663951;10;;1;CORRIJO LICENCIA DE TRANSITO VH1 10026378478;103;ADELANTAR CERRANDO
889;2889;1/11/2024 17:46;HERIDOS;CHOQUE;VEHICULO;-74,08864362;4,556160002;4;;1;VEHICULO N 1 NO RESPETA LA SEÑAL SR30A Y VEHICULO N2 NO RESPETA LA SEÑAL SR01 ;112;DESOBEDECER SEÑALES O NORMAS DE TRANSITO
890;2890;1/11/2024 17:20;HERIDOS;CHOQUE;OBJETO;-74,17254848;4,632015134;8;;1;NO SE RELACIONA CONDUCTOR DEL VEHICULO NUMERO 1 PORQUE AL MOMENTO DEL ACCIDENTE NO HABIA OCUPANTES;157;OTRA HIPÓTESIS (CONDUCTOR)
891;2891;1/11/2024 17:19;HERIDOS;CHOQUE;VEHICULO;-74,11029843;4,590915016;15;;3;LA PERSONA QUE SE RELACIONA COMO CONDUCTOR DEL VEHICULO 3 ESTA COMO RESPONSABLE DEL MISMO AL MOMENTO DEL ACCIDENTE Y SE ENCUENTRA ILESO ES DE ANOTAR QUE LA ACOMPAÑANTE DEL VEHICULO N 3 SE ENCONTRABA EN CALIDAD DE APRENDIZ;121;NO MANTENER DISTANCIA DE SEGURIDAD
892;2892;1/11/2024 16:40;HERIDOS;CHOQUE;VEHICULO;-74,11240397;4,594473573;15;;3;CORRIJO NIT 899999061 Y FECHA DE NACIMIENTO DEL ACOMPAÑANTE 17 02 1999;157;OTRA HIPÓTESIS (CONDUCTOR)
893;2893;1/11/2024 16:25;HERIDOS;CHOQUE;VEHICULO;-74,11551533;4,682872986;10;;1;SE DEJA CONSTANCIA QUE NO SE PUEDE RECEPCIONAR QUERELLA YA QUE LA LESIONADA SE ENCUENTRA CIRUGIA Y FUE TRASLADADA INMEDIATAMENTE POR LA GARVEDAD DE SU LESION;98;TRANSITAR ENTRE VEHICULOS
894;2894;1/11/2024 15:06;HERIDOS;CHOQUE;VEHICULO;-74,0971422;4,675930507;10;;1;CORRIJO DIRECCION CRA 70 CLL 64H;112;DESOBEDECER SEÑALES O NORMAS DE TRANSITO
895;2895;1/11/2024 13:15;HERIDOS;ATROPELLO;;-74,19357615;4,625168884;7;;1;CORRIJO CASILLA N 4 HORA DE EVENTO 13 15 HORAS CORRIJO CASILLA NUMERO 8 3 CLASE DE VEHICULO BICICLETA;127;TRANSITAR EN CONTRAVIA
896;2896;1/11/2024 12:15;HERIDOS;CHOQUE;VEHICULO;-74,12996707;4,561558249;6;;2;CORRIJO SEÑAL DE PARE SE ENCUENTRA SOBRE LA CALLE 57 SUR SE CORRIGE EL AÑO 2024;112;DESOBEDECER SEÑALES O NORMAS DE TRANSITO
897;2897;1/11/2024 11:30;HERIDOS;VOLVAMIENTO;;-74,13304357;4,666718317;9;;4;ANEXO 000728 ORDEN DE COMPARENDO 39601946 POR B02 39603301 POR C15;157;OTRA HIPÓTESIS (CONDUCTOR)
898;2898;1/11/2024 11:27;HERIDOS;CAIDA;;-74,10847185;4,71502616;10;;1;NO SE DEJA A DISPOSICION DE LA FISCALIA YA QUE L PERSONA LESIONADA NO DESEA QUERELLA EN EL MOMENTO;119;FRENAR BRUSCAMENTE
899;2899;1/11/2024 10:06;HERIDOS;ATROPELLO;;-74,1157755;4,513793456;5;;2; NO SE DIAGRAMA EL VEHICULO N 1 YA QUE FUE MOVIDO DE SU POSICION FINAL;157;OTRA HIPÓTESIS (CONDUCTOR)
900;2900;1/11/2024 9:50;HERIDOS;CHOQUE;VEHICULO;-74,10193531;4,619963124;16;;2;CORRIJO CASILLA N 8 3 MOTOCICLETA PARTICULAR  MOTOCICLISTA N 2 ADELANTA POR LA DERECHA;102;ADELANTAR POR LA DERECHA
901;2901;1/11/2024 9:28;HERIDOS;CHOQUE;VEHICULO;-74,12030844;4,656126555;9;;2;CORRIJO FECHA DE NACIMIENTO DEL CONDUCTOR VH 3 ES 04011982;98;TRANSITAR ENTRE VEHICULOS
902;2902;1/11/2024 8:54;HERIDOS;ATROPELLO;;-74,04860335;4,800329493;11;;1;NO SE REALIZA QUERELLA YA QUE LA PERSONA LESIONADA NO SE ENCUENTRA EN SU ESTADO DE TIEMPO MODO LUGAR DE IGUAL MANERA AL LLEGAR AL LUGAR DE LOS HECHOS NO SE EVIDENCIA VEHICULO EL CUAL CONFIRME LA PRECEDENCIA DE LOS HECHOS;157;OTRA HIPÓTESIS (CONDUCTOR)