CODIGO_ACCIDENTE;FORMULARIO;FECHA;GRAVEDAD;CLASE;CHOQUE;LONGITUD;LATITUD;CODIGO_LOCALIDAD;TOTAL_MUERTOS;TOTAL_HERIDOS;TEXTO_OBSERVACIONES;CODIGO_CAUSA;DESCRIPCION
903;2903;1/11/2024 8:45;DANOS;CHOQUE;VEHICULO;-74,15450928;4,578304855;19;;;AL LUGAR LLEGA EL SEÑOR JONNATHAN ROJAS JAMAICA CC 1024507691 QUIEN MANIFIESTA SER EL RESPONSABLE DEL VEHICULO PLACAS OGK025 POR UN DERECHO DE PETICION DONDE SE REALIZA ORDEN DE COMAPRENDO 39601563 POR LA INFRACCION C02;134;REVERSO IMPRUDENTE
904;2904;1/11/2024 8:31;HERIDOS;CHOQUE;VEHICULO;-74,0977524;4,606460513;14;;2;CORRIJO FECHA DE NACIMIENTO DEL VH1 ES 24081997;121;NO MANTENER DISTANCIA DE SEGURIDAD
905;2905;1/11/2024 8:30;DANOS;CHOQUE;OBJETO;-74,13881031;4,552172118;19;;;CORRIJO FECHA DE LEVANTAMIENTO Y OCURRENCIA 11 01 2024 08 30 Y 11 01 2024 08 39 LA MOTOCICLETA NO SE DIAGRAMA YA QUE FUE MOVIDA DE LA POSICION FINAL LA MOTOCICLISTA MANIFIESTA QUE COLISIONA CON UN CABLE EN LA VIA CABLES QUE SE ENCUENTRA SUSPENDIDOS DEL POSTE N 2203779;308;OTRA HIPÓTESIS (VÍA)
906;2906;1/11/2024 8:00;HERIDOS;CHOQUE;VEHICULO;-74,05607758;4,677692198;2;;3; SE CORRIGE CASILLA N 8 1 DIRECCION DE DOMICILIO DEL CONDUCTOR N 2 CALLE 112 N 72F 46 TELEFONO 3045194554;121;NO MANTENER DISTANCIA DE SEGURIDAD
907;2907;1/11/2024 7:30;HERIDOS;CHOQUE;VEHICULO;-74,07010687;4,684940746;12;;1;SE REALIZA COMPARENDO A CONDUCTORA DE MOTOCICLETA POR NO HABER OBTENIDO LICENCIA DE CONDUCCION PARA MOTOCICLETA 39597649 INFRACCION D01;139;IMPERICIA EN EL MANEJO
908;2908;1/11/2024 6:59;HERIDOS;CHOQUE;VEHICULO;-74,0787637;4,642666073;13;;2;SE CORRIGE CASILLA 8 1 DIRECCION ES CRA 54 N 2 95 PUENTE ARANDA;121;NO MANTENER DISTANCIA DE SEGURIDAD
909;2909;1/11/2024 6:30;HERIDOS;CHOQUE;VEHICULO;-74,14465425;4,598983571;8;;5;ACLARO FECHA DE NACIMIENTO CONDUCTOR N1 21071982;157;OTRA HIPÓTESIS (CONDUCTOR)
910;2910;1/11/2024 6:10;DANOS;VOLVAMIENTO;;-74,09361412;4,612350673;16;;;SE NOTIFICA ORDEN DE COMPARENDO N 39601297 C14;308;OTRA HIPÓTESIS (VÍA)
911;2911;1/11/2024 5:36;HERIDOS;CHOQUE;VEHICULO;-74,08508835;4,687381416;10;;2;NINGUNO DE LOS 2 LESIONADOS MANIFIESTAN NO QUERER QUERELLAR POR ENDE NO SE INMOVILIZAN LOS VEHICULOS;112;DESOBEDECER SEÑALES O NORMAS DE TRANSITO
912;2912;1/11/2024 5:05;MUERTOS;CHOQUE;VEHICULO;-74,07391963;4,731567304;11;1;;CORRECION CASILLA 2 GRAVEDAD IPAT CON MUERTOS CORRECION CASILLA 4 FECHA Y HORA DE OCURRENCIA 11 01 2024 HORA 05 05  CORRECION CONDUCTOR VH2 GRAVEDAD MUERTO;104;ADELANTAR INVADIENDO CARRIL DE SENTIDO CONTRARIO
913;2913;1/11/2024 2:36;HERIDOS;CHOQUE;VEHICULO;-74,16731147;4,590473872;19;;1;SE CORRIGE CASILLA N 8 DATOS DEL CONDUCTOR N 2 YA QUE LA PERSONA QUE INICIALMENTE SE IDENTIFICA COMO CONDUCTOR Y PRESENTA DOCUMENTO DE IDENTIFICACION A NOMBRE DE CRISTIAN SEBASTIAN DIAZ SOTO CON N DE CC 1001276352 SE DA A LA FUGA AL MOMENTO DE SER VALORADO EN LA AMBULANCIA 7189 YA QUE MANIFESTO ESTA;122;GIRAR BRUSCAMENTE
914;2914;1/11/2024 2:10;HERIDOS;CHOQUE;VEHICULO;-74,15150789;4,631279935;8;;1;LESIONADO VEHICULO N 1 MANIFIESTA NO INTERPONER QUERELLA CIRCULAR N 001 DEL 25 05 2017 NO SE INMOVILIZAN VEHICULOS SE EXPLICA LAS PARTES DEL PROCEDIMIENTO A SEGUIR;121;NO MANTENER DISTANCIA DE SEGURIDAD
915;2915;1/10/2024 21:46;HERIDOS;CHOQUE;VEHICULO;-74,04999701;4,727950634;1;;3;LOS DOS CAMIONES TRANSPORTAN ALIMENTOS PERECEDEROS POR TAL MOTIVO SE PERMITO EL TRASLADO DE LOS MISMOS;121;NO MANTENER DISTANCIA DE SEGURIDAD
916;2916;1/10/2024 21:00;HERIDOS;CHOQUE;OBJETO;-74,18762968;4,608236712;7;;1;VEHICULO DE PLACAS ZIS937 SE ENCONTRABA ESTACIONADO Y APAGADO MIENTRAS QUE EL CONDUCTOR SEÑOR PEDRO ELIAS SIERRA CASA CC 7300809 RESPONSABLE  DEL VEHICULO ABRIA EL PORTON DEL GARAJE CORRIJO HORA FE4CHA OCURRENCIA  HORAS NO HUBO VICTIMAS ;114;EMBRIAGUEZ APARENTE
917;2917;1/10/2024 20:45;HERIDOS;ATROPELLO;;-74,15741948;4,580557402;19;;2;NO SE DIAGRAMA EL VEHICULO YA QUE FUE MOVIDO DEL PUNTO DE IMPACTO O POSICION FINAL ;142;SEMAFORO EN ROJO
918;2918;1/10/2024 19:20;HERIDOS;CHOQUE;VEHICULO;-74,11709247;4,545467664;18;;2;SE REALIZA AL CONDUCTOR DEL VEHICULO 1 3 ORDENES DE COMPARENDO D02 C35 Y D01 NUMERO DE COMPARENDOS 39601110  396008511  39601115 NO SE DIAGRAMA EL VEHICULO 2 YA QUE FUE MOVIDO DE SU POSICION FINAL ;139;IMPERICIA EN EL MANEJO
919;2919;1/10/2024 18:11;HERIDOS;CHOQUE;VEHICULO;-74,07423712;4,757868589;11;;2;COMPARENDO PARA EL VH 1 39600695 POR B02 1015389781 POR LEY 336 ART 49 Y COMPARENDO PARA EL VH 2 39601089 POR B02;121;NO MANTENER DISTANCIA DE SEGURIDAD
920;2920;1/10/2024 18:05;HERIDOS;CHOQUE;VEHICULO;-74,1712865;4,618222677;8;;4;HIPOTESIS 157 VH2 HIPOTESIS 111 VH3 CORRIJO CASILLA 82 LICENCIA DE TRANSITO N 10026773995;157;OTRA HIPÓTESIS (CONDUCTOR)
921;2921;1/10/2024 17:49;HERIDOS;CAIDA;;-74,08955957;4,681770869;10;;1;CORRIJO HIPOTESIS PARA VEHICULO N 1 ES 119 FRENAR BRUSCAMENTE ;119;FRENAR BRUSCAMENTE
922;2922;1/10/2024 17:48;HERIDOS;ATROPELLO;;-74,11060957;4,535133458;5;;2;EL PEATON ES DE SEXO FEMENINO HIPOTESIS 411 ART 58 NACIONAL DE TRANSITO;157;OTRA HIPÓTESIS (CONDUCTOR)
923;2923;1/10/2024 17:16;HERIDOS;ATROPELLO;;-74,11910925;4,601308454;16;;1;SE  CORRIJE PLACA DEL VH1 JLT30G MARCA BAJAJ LINEA DOMINAR D 400 MODELO 2023 COLOR VERDE MATIZ SERVICIO PARTICULAR SIN CARROCERIA MISMO PROPIETARIO SOAT ESTA ESCRITO EN LA CASILLA 8 2 NO SE HALLA MOTOCICLETA EN EL LUGAR TENIENDO EN CUENTA QUE EL CIUDADANO SE LA LLEVO DEL SITIO Y APRECIO TIEMPO DESPU;411;OTRA HIPÓTESIS (PEATÓN)
924;2924;1/10/2024 15:10;HERIDOS;CHOQUE;VEHICULO;-74,15368585;4,574311746;19;;2;SE CORRIGE FECHA DE OCURRENCIA DE LOS HECHOS 10 01 2024 SE CORRIGE N DE LICENCIA DE TRANSITO VH1 10029803457 Y SIN CARROCERIA CH1;103;ADELANTAR CERRANDO
925;2925;1/10/2024 15:00;DANOS;CHOQUE;VEHICULO;-74,16948942;4,626702971;8;;;SE REALIZA PRUEBA DE EMBRIAGUEZ EN LA VIA A AMBOS CONDUCTORES EN EL CUAL EL CONDUCTOR DEL VH2 SALE POSITIVO SE LLEVA A LAS INSTALACIONES DE E30 EL CUAL LE SALE EL RESULTADO GRADO III COMPARENDO 39600120 POR LA INFRACCION ;115;EMBRIAGUEZ O SUSTANCIAS ALUCINOGENAS
926;2926;1/10/2024 14:50;HERIDOS;CHOQUE;VEHICULO;-74,16418133;4,62199765;8;;1;HIPOTESIS PARA VH2 157 INVADIR CARRIL DE SENTIDO CONTRARIO V1 157 NO TENER PRECAUCION A LAS ACCIONES DE LOS DEMAS USUARIOS VIALES ESPECIFICO DIRECCION EVENTO CRA 80 CON CL 42 C PUERTA 3 BODEGA 23 INT CORABASTOS;157;OTRA HIPÓTESIS (CONDUCTOR)
927;2927;1/10/2024 14:30;DANOS;CHOQUE;VEHICULO;-74,11158053;4,666723664;10;;;SE CODIFICO AL CONDUCTOR VEHICULO N 1 CODIGO 132 NO RESPETAR LA PRELACION;132;NO RESPETAR PRELACION
928;2928;1/10/2024 13:30;HERIDOS;CHOQUE;VEHICULO;-74,13565503;4,559437259;19;;4;CORRIJO LOCALIDAD CIUDAD BOLIVAR ACLARO QUE EL TIPO DE DOCUMENTO DE IDENTIFICACION DEL HERIDO N1 ES CEDULA VENEZOLANA CIV ACLARO EL CONDUCTOR VH1 NO ESTA LESIONADO;112;DESOBEDECER SEÑALES O NORMAS DE TRANSITO
929;2929;1/10/2024 7:13;HERIDOS;CAIDA;;-74,07015113;4,604437974;3;;1;NUMERO DEL TELEFONO DEL CONDUCTOR DEL VEHICULO 1 ES 3133989417;306;HUECOS
930;2930;1/10/2024 7:05;HERIDOS;CHOQUE;VEHICULO;-74,14250908;4,610056422;8;;1;SE ACLARA QUE EL EVENTO SE CONOCE COMO SOLO DAÑO YA QUE EL SEÑOR CONDUCTOR DE LA MOTOCICLETA MANIFIESTA NO INTERPONER QUERELLA POR LO CUAL NO SE CONOCE EL EVENTO POR FISCALIA Y SE ACLARA QUE LA GRAVEDAD DEL EVENTO ES CON HERIDOS;112;DESOBEDECER SEÑALES O NORMAS DE TRANSITO
931;2931;1/10/2024 6:38;HERIDOS;CHOQUE;VEHICULO;-74,09294033;4,587362161;15;;4;ANEXO VICTIMA ;121;NO MANTENER DISTANCIA DE SEGURIDAD
932;2932;1/10/2024 2:40;HERIDOS;ATROPELLO;;-74,10066394;4,603443412;16;;1;HIPOTESIS 157 PARA EL CONDUCTOR Y 411 PARA EL PEATON POR DETERMINAR QUIEN OMITE LA LUZ ROIJA DEL SEMAFORO ACLARA FECHA DE OCURRENCIA SIENDO 10 01 2024Y FECHA DE DILIGENCIAMIENTO 10 01 2024 PEATON ID CEDULA PENDIENTE ;157;OTRA HIPÓTESIS (CONDUCTOR)
933;2933;1/09/2024 21:10;DANOS;CHOQUE;VEHICULO;-74,10906462;4,689721832;10;;;CORRIJO AÑO DE OCURRENCIA 2024 CORRIJO FECHA DE OCURRENCIA Y LEVANTAMIENTO 09012024;122;GIRAR BRUSCAMENTE
934;2934;1/09/2024 21:00;HERIDOS;CHOQUE;VEHICULO;-74,07199917;4,599756568;17;;2;HIPOTESIS 112 OMITIR SEÑALES DE TRANSITO;112;DESOBEDECER SEÑALES O NORMAS DE TRANSITO
935;2935;1/09/2024 18:30;HERIDOS;CHOQUE;VEHICULO;-74,12004558;4,678940616;9;;1;SE DEJA CONSTANCIA QUE EL VEHICULO N 2 FUE MOVIDO PARA AUXILIAR EL CONDUCTOR LESIONADO;98;TRANSITAR ENTRE VEHICULOS
936;2936;1/09/2024 17:30;HERIDOS;CHOQUE;VEHICULO;-74,10684375;4,627649378;16;;2;SEGUN VERSION CONDUCTOR N 2 MANIFIESTA QUE TRANSITABA SENTIDO ORIENTE OCCIDENTE SOBRE LOS AMBOS PASADO LA CARRERA 50 CUANDO SINTIO UN IMPACTO POR LA PARTE POSTERIOR DE SU MOTOCICLETA QUE AL PARECER FUE UN VEHICULO TIPO CAMIONETA LA CUAL SE DIO A LA FUGA SIN TENER DATOS DE LA MISMA Y DANDO UN GOLPE I;121;NO MANTENER DISTANCIA DE SEGURIDAD
937;2937;1/09/2024 17:30;HERIDOS;ATROPELLO;;-74,17337326;4,627264399;8;;2;NO SE DIAGRAMA EL BICITAXI YA QUE FUE MOVIDO DE SU POSICION FINAL DE IGUAL MANERA NO SE RADICA EL CASO EN FISCALIA PORQUE NINGUNO DE LOS LESIONADOS QUIZO QUERELLAR;95;TRANSITAR UNO AL LADO DEL OTRO
938;2938;1/09/2024 13:43;HERIDOS;CHOQUE;VEHICULO;-74,05240027;4,713581331;1;;1;SE LES EXPLICA A AMBOS CONDUCTORES LA RESOLUCION 01670 Y 03922 DE 2016 Y CIRCULAR 001 DEL 25052017;157;OTRA HIPÓTESIS (CONDUCTOR)
939;2939;1/09/2024 13:15;HERIDOS;ATROPELLO;;-74,14142279;4,609771691;8;;1;SE DEJA CONSTANCIA QUE LA PERSONA LESIONADA NO DESEA INTERPONER QUERELLA LLEGAN A UN ACUERDO POR LA SUMA DE 1500000 PESOS NO DESEAN PROCESOS PENALES CORRIJO CEDULA CONDUCTOR N1 8686661;157;OTRA HIPÓTESIS (CONDUCTOR)
940;2940;1/09/2024 13:10;DANOS;CHOQUE;OBJETO;-74,15484315;4,631423608;8;;;CONDUCTOR DEL VEHICULO TUMBA EL POSTE DE ENERGIA DE LA CORPORACION DE ABASTOS ;134;REVERSO IMPRUDENTE
941;2941;1/09/2024 12:47;MUERTOS;CHOQUE;VEHICULO;-74,0837459;4,537971703;4;1;;SE CORRIGE CASILLA 8 2 VEHICULO VH1 REVISION TECNICO MECANICA 167173306 SE CORRIGE CASILLA 11 HIPOTESIS 157 INVASION DE CARRIL EN SENTIDO CONTRARIO;157;OTRA HIPÓTESIS (CONDUCTOR)
942;2942;1/09/2024 12:44;HERIDOS;ATROPELLO;;-74,09076793;4,592489767;14;;1;SE DEJA CONSTANCIA QUE SEGUN EL CONDUCTOR DE LA MOTOCICLETA APROXIMADAMENTE EL ACCIDENTE OCURRIO A LAS 9 30 AM SEXO DEL PEATON FEMENINA DIRECCION DEL LUGAR DE LOS HECHOS CALLE 1 CON CARRERA 14B;157;OTRA HIPÓTESIS (CONDUCTOR)
943;2943;1/09/2024 12:10;HERIDOS;CHOQUE;VEHICULO;-74,08960251;4,625927665;13;;2;SE CORRIGE CASILLA N 8 1 LICENCIA DE CONDUCCION DEL VEHICULO N 1 ES C1;157;OTRA HIPÓTESIS (CONDUCTOR)
944;2944;1/09/2024 9:50;HERIDOS;CHOQUE;VEHICULO;-74,08978356;4,743578632;11;;1;SE CORRIGE CASILLA 7 4 VIA 1 CARRILES 2 SE CORRIGE CASILLA CONDUCTOR VH2 NO TIENE LICENCIA PARA CONDUCIR MOTOCICLETA SE NOTIFICA ORDEN DE COMPARENDO D01 39594262;139;IMPERICIA EN EL MANEJO
945;2945;1/09/2024 9:30;HERIDOS;CHOQUE;VEHICULO;-74,10104481;4,622363918;16;;1;HIPOTESIS 121 PARA EL CONDUCTOR DE LA MOTOCICLETA NO SE REALIZA ANTE FISCALIA YA QUE EL LESIONADO NO DESEO INTERPONER QUERELLA EN RELACION CON LA CIRCULAR 001 DEL 25 MAYO DEL 2017 DE LA FISCALIA BOGOTA;121;NO MANTENER DISTANCIA DE SEGURIDAD
946;2946;1/09/2024 8:00;HERIDOS;ATROPELLO;;-74,1089466;4,554797733;18;;2;NO SE DIAGRAMA MOTOCICLETA EN POSICION FINAL YA QUE FUE MOVIDA SOLO SE DIAGRAMA POSIBLES RUTAS;157;OTRA HIPÓTESIS (CONDUCTOR)
947;2947;1/09/2024 7:05;DANOS;CHOQUE;VEHICULO;-74,11234496;4,547595984;18;;;SE DEJA CONSTANCIA QUE EL SEÑOR PADRE DEL MENOR DE EDAD JHON JAIRO SUAREZ BUSTOS CC 79607734 NO FIRMA QUERELLA NI DESEA INTERPONER DENUNCIA ALGUNA CONTRA EL CONDUCTOR DEL VH 1 LLEGANDO A UN ACUERDO CON EL MISMO SE DEJA CONSTANCIA MEDIANTE INFORME DE ACCIDENTE;157;OTRA HIPÓTESIS (CONDUCTOR)
948;2948;1/09/2024 7:05;MUERTOS;ATROPELLO;;-74,14273461;4,581938952;6;1;1;HIPOTESIS 112 NO RESPETAR NORMAS Y SEÑALES DE TRANSITO LA MOTOCICLETA PRESENTA UNA HUELLA DE ARRASTRE APROXIMADAMENTE DE 25 A 30 METROS ;112;DESOBEDECER SEÑALES O NORMAS DE TRANSITO
949;2949;1/09/2024 6:20;HERIDOS;CHOQUE;VEHICULO;-74,06218363;4,677141503;12;;2;ACLARO QUE EL NUMERO DE DOCUMENTO DEL CONDUCTOR DEL VEHICULO N 2 ES 1003086408;122;GIRAR BRUSCAMENTE
950;2950;1/09/2024 6:20;HERIDOS;CHOQUE;VEHICULO;-74,14000273;4,694744025;9;;4;CORRIJE FECHA DE VENCIMIENTO DE LICENCIA DEL VEHICULO 2 SIENDO  20 12 2033;157;OTRA HIPÓTESIS (CONDUCTOR)
951;2951;1/09/2024 6:20;HERIDOS;CHOQUE;VEHICULO;-74,13930237;4,630480815;8;;3;NO SE DIAGRAMA LOS VEHICULOS YA QUE FUERON MOVIDOS DEL PUNTO DE IMPACTO O POSICION FINAL ;121;NO MANTENER DISTANCIA DE SEGURIDAD
952;2952;1/09/2024 6:00;HERIDOS;CHOQUE;VEHICULO;-74,12911096;4,608576131;16;;2;CORRIJO FECHA DE OCURRENCIA 09 01 2024 EL CASO NO SE INTERPONE QUERELLA DE LA FISCALIA YA QUE LOS LESIONADOS NO DESEAN INTERPONER QUERELLA EN EL MOMENTO SEGUN LA CIRCULAR 001 DEL 25 05 DE 2017 HIPOTESIS 121 PARA EL CONDUCTOR N 1;121;NO MANTENER DISTANCIA DE SEGURIDAD
953;2953;1/09/2024 6:00;HERIDOS;CHOQUE;VEHICULO;-74,1267672;4,564611622;6;;2;CORRIJO CASILLA 8 2 LA PROPIETARIA DEL TAXI ES LA SEÑORA CARMEN JULIA BERNAL ROMERO CC 52027478;112;DESOBEDECER SEÑALES O NORMAS DE TRANSITO
954;2954;1/09/2024 5:52;HERIDOS;CAIDA;;-74,09145189;4,536622769;4;;1;SE CORRIGE FECHA DE LA OCURRENCIA Y LEVANTAMIENTO DEL INFORME DE ACCIDENTE DE TRANSITO 09 01 2024;506;OTRA HIPÓTESIS (PASAJERO O ACOMPAÑANTE)
955;2955;1/09/2024 2:53;DANOS;CHOQUE;OBJETO;-74,11349892;4,496352998;5;;;COLISIONA CON LA VIVIENDA DE NOMENCLATURA DIAGONAL 100 C SUR N 5  04 ESTE PROPIETARIA LA SEÑORA LAYDY DIANA MONTAÑA MONTAÑA CON CEDULA 53005300 OCASIONA DAÑOS EN UN MURO DE LA VIVIENDA Y VIENES DENTR4O DEL INMUEBLE ;157;OTRA HIPÓTESIS (CONDUCTOR)
956;2956;1/08/2024 22:30;MUERTOS;ATROPELLO;;-74,10049064;4,582383819;15;1;2;CORRIJO CASILLA 31 LOCALIDAD ANTONIO NARIÑO CORRIJO N9 FECHA DE NACIMIENTO 12051975;142;SEMAFORO EN ROJO
957;2957;1/08/2024 21:50;HERIDOS;CHOQUE;VEHICULO;-74,07891927;4,592599384;3;;3;PLACA MOTOCICLETA EPP35F;157;OTRA HIPÓTESIS (CONDUCTOR)
958;2958;1/08/2024 20:00;HERIDOS;CHOQUE;VEHICULO;-74,10501448;4,705090058;10;;2;EN EL MOMENTO DE DILIGENCIAR EL INFORME DE ACCIDENTE EL CONDUCTOR VH2 NO APORTA DATO DE DIRECCION Y N DE CELULAR;142;SEMAFORO EN ROJO
959;2959;1/08/2024 18:50;HERIDOS;ATROPELLO;;-74,1899292;4,630836142;7;;2;PEATON HIPOTESIS 411 OTRAS TRANSITAR POR O CRUZAR EN SITIOS PROHIBIDOS ART 58 DEL CNT;157;OTRA HIPÓTESIS (CONDUCTOR)
960;2960;1/08/2024 18:21;HERIDOS;CHOQUE;VEHICULO;-74,04193429;4,776593671;1;;3;SE DA HIPOTESIS SEGUN POSICION FINAL DE VEHICULOS PUNTO DE IMPACTO POSIBLE TRAYECTORIA MEDIDOS EN METROS;112;DESOBEDECER SEÑALES O NORMAS DE TRANSITO
961;2961;1/08/2024 15:40;HERIDOS;CHOQUE;VEHICULO;-74,10021064;4,690612017;10;;3;ACLARO CONDUCTOR VH1 TRASLADADO A SANTA TERESITA;112;DESOBEDECER SEÑALES O NORMAS DE TRANSITO
962;2962;1/08/2024 14:00;HERIDOS;CHOQUE;VEHICULO;-74,13836507;4,583840627;6;;1;SE DILIGENCIA LA PLACA JUY045 SUMINISTRADA POR LA HIJA DEL SEÑOR AFECTADO YA QUE EL VEHICULO SE DA A LA FUGA;157;OTRA HIPÓTESIS (CONDUCTOR)
963;2963;1/08/2024 13:50;HERIDOS;CHOQUE;VEHICULO;-74,11856098;4,705527121;10;;1;CONDUCTOR DE VH1 FUE REMITIDO  MEDICINA LEGAL NOMBRE DEL CONDUCTOR VH2 HIDELBRANDO PINZON SUAREZ SE ACLARA CEDULA PROPIETARIO VH 2 SIENDO 80190818 SE ACLARA NOMBRE DEL CONDUCTOR VH1 LOZANO CASTAÑEDA HUGO ANDRES;121;NO MANTENER DISTANCIA DE SEGURIDAD
964;2964;1/08/2024 12:45;HERIDOS;CHOQUE;VEHICULO;-74,19258458;4,602717541;7;;1;NO SE DIAGRAMA LOS VEHICULOS YA QUE FUERON MOVIDOS DEL PUNTO DE IMPACTO O POSICION FINAL;302;AUSENCIA O DEFICIENCIA EN DEMARCACION
965;2965;1/08/2024 10:10;HERIDOS;ATROPELLO;;-74,13355587;4,61288635;8;;1;AL LLEGAR AL LUGAR NO SE ENCONTRABA EL VEHICULO Y LA PLACA ES SUMINISTRADA POR EL TESTIGO EL SEÑOR RUBIEL GIRALDO NIETO DE CEDULA 79345285 QUIEN MANIFIESTA OBSERVAR EL ACCIDENTE ;157;OTRA HIPÓTESIS (CONDUCTOR)
966;2966;1/08/2024 5:43;HERIDOS;CHOQUE;VEHICULO;-74,06928209;4,59921918;3;;3;SE ACLARA LOCALIDAD SANTAFE;122;GIRAR BRUSCAMENTE
967;2967;1/08/2024 5:25;HERIDOS;CHOQUE;VEHICULO;-74,04250906;4,773061051;1;;1;EN LA CASILLA 8 VEHICULO 1 LICENCIA DE CONDUCCION N 1070988199 EN LA CASILLA 9 VEHICULO 2 SE COLOCO EQUIVOCADAMENTE LOS DATOS DE LA VICTIMA LOS CUALES SE RELACIONAN EN LA CASILLA CORRESPONDIENTE;121;NO MANTENER DISTANCIA DE SEGURIDAD
968;2968;1/08/2024 1:05;HERIDOS;CHOQUE;VEHICULO;-74,10869984;4,669423709;10;;1;NO SE CONOCE CASO POR FISCALIA YA QUE LA LESIONADA NO INTERPONE QUERELLA Y MANIFIESTA NO REQUERIR QUE SE CONOZCA EL CASO POR FISCALIA DE IGUAL MANERA MANIFIESTA QUE NO TIENE PLACAS DE VEHICULO QUE LA CHOCA SE HACE CARGO DE LA BICICLETA EL SEÑOR EDGAR FORERO CC1014249609;157;OTRA HIPÓTESIS (CONDUCTOR)
969;2969;1/07/2024 21:50;HERIDOS;ATROPELLO;;-74,09949449;4,585637304;15;;2;SE REALIZA ORDEN DE COMPARENDO AL CONDUCTOR VH1 NUMERO 39584959 TENIENDO EN CUENTA QUE TRANSITABA CON SENTIDO CONTRARIO DE LA VIA ;127;TRANSITAR EN CONTRAVIA
970;2970;1/07/2024 20:45;HERIDOS;CHOQUE;VEHICULO;-74,09123731;4,681835762;10;;1;NO SE CONOCE EL CASO POR FISCALIA YA QUE EL LESIONADO NO INTERPONE QUERELLA;112;DESOBEDECER SEÑALES O NORMAS DE TRANSITO
971;2971;1/07/2024 20:11;DANOS;CHOQUE;VEHICULO;-74,13933603;4,663200223;9;;;NUMERO DE COMPARENDO 39594535 CORRIJO CASILLA 8 2 VEHICULO N 2 PROPIETARIO DEL VEHICULO ES EL MISMO CONDUCTOR ANEXO VEHICULO 08114 RESPONSABLE DEL VH3 EMA FLOREIDY PEÑA REYES CON CC 1055690277 TELEFONO 3222000827 Y DIRECCION DE RESIDENCIA CALLE 41A N 54 07;115;EMBRIAGUEZ O SUSTANCIAS ALUCINOGENAS
972;2972;1/07/2024 19:05;HERIDOS;ATROPELLO;;-74,02238635;4,74101119;1;;2;SE REALIZA COMPARENDOS AL CONDUCTOR VH1 POR LAS INFRACCIONES D01 N 39584862 Y POR LA C35 N 39584867;139;IMPERICIA EN EL MANEJO
973;2973;1/07/2024 18:47;HERIDOS;CHOQUE;OBJETO;-74,13663278;4,637837651;8;;1;NO SE TOMAN MEDIDAS DEL VEHICULO EN POSICION FINAL YA QUE LO MOVIERON DEL LUGAR DE LOS HECHOS ;157;OTRA HIPÓTESIS (CONDUCTOR)
974;2974;1/07/2024 18:30;HERIDOS;ATROPELLO;;-74,15250336;4,549956549;19;;1;CORRIJO CASILLA NUMERO 8 2 NUMERO DE DOCUMENTO DEL PROPIETARIO DEL VEHICULO NUMERO 1 1030676324;134;REVERSO IMPRUDENTE
975;2975;1/07/2024 17:40;HERIDOS;VOLVAMIENTO;;-74,07517854;4,63147649;13;;1;NUMERO DE CHASIS DEL MOTOCICLO LR4XC7HBB3P6901043;308;OTRA HIPÓTESIS (VÍA)
976;2976;1/07/2024 17:22;HERIDOS;CHOQUE;VEHICULO;-74,0787703;4,711895186;11;;3;CONDUCTOR DEL VEHICULO 1 Y 3 NO INTERPONEN QUERELLA Y ACOMPAÑANTE DE LA MOTOCICLETA N 2 CIRCULAR 001 DEL 2017 Y RESOLUCION 01670 Y 03922 DEL 2016 PORTAL MOTIVO NO SE RADICA EN FISCALIA ;142;SEMAFORO EN ROJO
977;2977;1/07/2024 17:15;HERIDOS;ATROPELLO;;-74,1157916;4,51379613;5;;2;CORRIJO AÑO 2024 ITEM 4 NO SE DIAGRAMA LA MOTOCICLETA YA QUE FUE MOVIDA DE LA POSICION FINAL;157;OTRA HIPÓTESIS (CONDUCTOR)
978;2978;1/07/2024 16:45;HERIDOS;CHOQUE;VEHICULO;-74,08147273;4,607271934;14;;3;HIPOTESIS 127 TRANSITAR EN CONTRAVIA PARA EL CONDUCTOR N 1 Y LA 139;139;IMPERICIA EN EL MANEJO
979;2979;1/07/2024 15:45;HERIDOS;ATROPELLO;;-74,16345445;4,635078899;8;;2;SE CORRIJE CASILLA 73 CALZADAS DOS Y CASILLA 74 CARRILES DOS 411 NO HACE USO DE LOS PASOS PEATONALES SE CORRIJE DIRECCION CL 38 SUR N 86C 56;157;OTRA HIPÓTESIS (CONDUCTOR)
980;2980;1/07/2024 14:30;DANOS;CHOQUE;VEHICULO;-74,16183037;4,603035694;7;;;SE NOTIFICA ORDEN COMPARENDO  N 39585097 INFRACCION F Y N 39585354 INFRACCION B02 CONDUCTOR N 1 POSITIVO GRADO 2;121;NO MANTENER DISTANCIA DE SEGURIDAD
981;2981;1/07/2024 11:10;HERIDOS;CHOQUE;VEHICULO;-74,17279927;4,615848605;8;;2;EN CONCORDANCIA CON LA RESOLUCION 01670 Y 03922 DEL 2016 Y CIRCULAR 001 DEL 25 05 2017 NO SE RADICA CASO ANTE FISCALIA GENERAL DE LA NACION YA QUE LOS LESIONADOS EN EL ACCIDENTE DE TRANSITO MANIFIESTAN LIBRE Y VOLUNTARIAMENTE NO INTERPONER QUERELLA O DENUNCIA FORMAL POR EL SINIESTRO VIAL;121;NO MANTENER DISTANCIA DE SEGURIDAD