CODIGO_ACCIDENTE;FORMULARIO;FECHA;GRAVEDAD;CLASE;CHOQUE;LONGITUD;LATITUD;CODIGO_LOCALIDAD;TOTAL_MUERTOS;TOTAL_HERIDOS;TEXTO_OBSERVACIONES;CODIGO_CAUSA;DESCRIPCION
982;2982;1/07/2024 9:50;DANOS;CHOQUE;VEHICULO;-74,08191261;4,675580307;12;;;CORRIJO N LICENCIA VH2 10021424610 CORRIJO N LICENCIA CONDUCTOR VH1 1012320302 SE NOTIFICA ORDEN DE COMPARENDO N 39594062 INFRACCION D03 DEJO CONSTANCIA QUE DESPUES DEL CHOQUE EL VEHICULO 2 FURGON CHOCA CONTRA POSTE N 1004114 DE ETB CAUSANDO DAÑOS AL MISMO;127;TRANSITAR EN CONTRAVIA
983;2983;1/07/2024 7:50;HERIDOS;ATROPELLO;;-74,1056904;4,635661708;16;;2;SE LE REALIZA ORDEN DE COMPARENDO AL CONDUCTOR DE LA MOTOCICLETA POR NUNCA HABER OBTENIDO LICENCIA DE CONDUCCION N 39593421 SE CORRIGE VIGENCIA DEL SOAT DE LA MOTOCICLETA LA CUAL ES 19 12 2024;139;IMPERICIA EN EL MANEJO
984;2984;1/07/2024 4:00;DANOS;CHOQUE;VEHICULO;-74,15339084;4,563035333;19;;;SE REALIZA PRUEBA DE EMBRUIAGUEZ CPN RESULTADO GRADO UNO PARA EL CONDUTOR DEL VEHICULO 3 BAJO ORDEN DE COMPARENDO 39591418;115;EMBRIAGUEZ O SUSTANCIAS ALUCINOGENAS
985;2985;1/07/2024 2:58;MUERTOS;CHOQUE;;-74,14624942;4,631181017;8;2;2;NO HAY DATOS DEL SEÑOR CONDUCTOR Y UN ACOMPAÑANTE INGRESO A LA CLINICA NN CORRIJO VICTIMA 1 CC 52804819;116;EXCESO DE VELOCIDAD
986;2986;7/01/2024;HERIDOS;CHOQUE;VEHICULO;-74,07533047;4,610704754;14;;5;SE ACLARA TARJETA DE REGISTRO DEL VEHICULO N2 1976050 SEGURO CONTRACTUAL VH 2 2000345509 Y SEGURO EXTRACONTRACTUAL 2000345508 DE SEGUROS MUNDIAL Y VENCEN 01 01 2025  COMPARENDO A CONDUCTOR VH2 POR B02 N 39585050 CLASE  DE ACCIDENTE CHOQUE;157;OTRA HIPÓTESIS (CONDUCTOR)
987;2987;1/06/2024 22:52;HERIDOS;CHOQUE;VEHICULO;-74,06395608;4,646819593;2;;3;SE DEJA CONSTANCIA QUE EL PROPIETARIO DEL VEHICULO 1 ES CRUZ MONROY BELSON JAVIER CC10638450;127;TRANSITAR EN CONTRAVIA
988;2988;1/06/2024 21:45;HERIDOS;CHOQUE;VEHICULO;-74,1394755;4,618714601;8;;4;SE ACLARA DIRECCION VICTIMA N1 CRA 78N BIS N 40 66 BARRIO TEQUENDAMA BOGOTA;121;NO MANTENER DISTANCIA DE SEGURIDAD
989;2989;1/06/2024 20:30;DANOS;CHOQUE;VEHICULO;-74,08368267;4,591254751;3;;;LOS CONDUCTORES SON TRASLADADOS A LA ESTACION DE TRANSITO PARA LA REALIZACION DE LA PRUBE A DE EMBRIAGUEZ EL SEÑOR CONDUCTOR DEL VEHICULO 1  SE NIEGA A REALIZR LA PRUEBA DE EMBRIAGUEZ LEY 1696 ART 5 PARAGRAFO 3 CONDUCTOR VH2 PRUEBA NEGATIVA COMPARENDO 39593416 INFRACCION F;114;EMBRIAGUEZ APARENTE
990;2990;1/06/2024 19:50;HERIDOS;CHOQUE;VEHICULO;-74,11215452;4,628173377;16;;1;LESIONADO NO DESEA INTERPONER QUERELLA NO SE INMOVILIZA LA MOTOCICLETA CIRCULAR N 001 DEL 25 05 2017 SE EXPLICA A LAS PARTES EL PROCEDIMIENTO A SEGUIR SE HACE RESPONSABLE DE LA MOTOCICLETA LA SEÑORA LINA PAOLA VARGAS RAMIREZ CC 52521865;157;OTRA HIPÓTESIS (CONDUCTOR)
991;2991;1/06/2024 13:15;HERIDOS;CHOQUE;VEHICULO;-74,18659387;4,612123059;7;;3;CORRECCION CASILLA 79 VIA 1 LINEA DE PARE NO CORRECCION VH2 PROPIETARIO DURAN SANCHEZ CARLOS ANDRES CC 1099282095 VH2 SOAT SI VIGENTE SE REALIZA ORDEN DE COMPARENDO 39586777 INFRACCION B02 AL CONDUCTOR VH2;112;DESOBEDECER SEÑALES O NORMAS DE TRANSITO
992;2992;1/06/2024 11:57;HERIDOS;CHOQUE;VEHICULO;-74,14592622;4,568729111;19;;4;SE NOTIFICA ORDEN DE COMPARENDO AL CONDUCTOR DEL VEHICULO N 1 POR REVISION TECNICO MECANICA VENCIDA COMPARENDO N 39593331;103;ADELANTAR CERRANDO
993;2993;1/06/2024 9:30;HERIDOS;CHOQUE;VEHICULO;-74,13626624;4,564002018;6;;2;VEHICULO 2 HIPOTESIS 103;103;ADELANTAR CERRANDO
994;2994;1/06/2024 8:40;HERIDOS;CHOQUE;VEHICULO;-74,13868693;4,590626267;6;;1;AL CONDUCTOR DEL VEHICULO DE SERVICIO PUBLICO SE LE REALIZA ORDEN DE COMPARENDO N 11001000000039591467 POR LA INFRACCION C31 NO RESPECTAR LAS SEÑALES  DE TRANSITO;112;DESOBEDECER SEÑALES O NORMAS DE TRANSITO
995;2995;1/06/2024 5:25;HERIDOS;CHOQUE;VEHICULO;-74,08547823;4,782431419;11;;2;CONDUCTOR  NO PRESENTA BICICLETA NO ES POSIBLE DATOS NUMERO DE MARCA NO SE INMOVILIZA;122;GIRAR BRUSCAMENTE
996;2996;6/01/2024;HERIDOS;CHOQUE;VEHICULO;-74,02633993;4,760363669;1;;1;PLACA VEHICULO N1 BPJ667 ES DE ANOTAR QUE EL VH1 COLICIONA AL VH2 Y POSTERIOR ARROLLA AL PEATON SE DESCONOCE SI LA PROPIETARIA DE VH1 ERA LA MISMA CONDUCTORA YA QUE SE FUGA ;157;OTRA HIPÓTESIS (CONDUCTOR)
997;2997;1/05/2024 21:30;HERIDOS;CHOQUE;VEHICULO;-74,09448413;4,63989909;13;;1;ACLARA PUNTO SEGURO CIVIL Y EXTRA DEL VEHICULO 1 SIENDO ESTOS 2000323517 SEGUROS MUNDIAL EXTRACONTRACTUAL VIGENCIA 01 08 2024 Y CONTRACTUAL 2000323518 SEGUROS MUNDIAL VIGENCIA 01 08 2024 CORRIJE DIRECCION VH1 CARRERA 98 B N 79 80 SUR Y CELULAR 3123109473;121;NO MANTENER DISTANCIA DE SEGURIDAD
998;2998;1/05/2024 21:10;HERIDOS;CHOQUE;VEHICULO;-74,15296687;4,636181074;8;;1;SE CORRIGE CASILLA 8 DATOS DEL CONDUCTOR N 1 SIENDO CORRECTO POR ESTABLECER YA QUE EL CONDUCTOR SE RETIRA DEL LUGAR DE LOS HECHOS DESCONOCIENDO INFORMACION PARADERO Y ESTADO ANIMICO NO SE DIAGRAMA EL VEHICULO N 1 YA QUE SE RETIRO DEL LUGAR Y TAMPOCO SE DIAGRAMA EL VEHICULO 2 YA QUE FUE MOVIDO DE SU ;103;ADELANTAR CERRANDO
999;2999;1/05/2024 20:15;HERIDOS;CHOQUE;VEHICULO;-74,16728913;4,595650476;7;;2;EL VEHICULO 2 NO SE DIAGRAMA POR QUE FUE MOVIDO DE SU POSICION FINAL;103;ADELANTAR CERRANDO
1000;3000;1/05/2024 20:00;HERIDOS;CHOQUE;VEHICULO;-74,12973908;4,609811794;8;;3;SE DEJA CONSTANCIA QUE NINGUNA DE LAS PERSONAS LESIONADAS EN EL ACCIDENTE DE TRANSITO DESEA INTEPONER QUERELLA EN ESTE MOMENTO QUIEN SE HACE RESPONSABLES DE SUS LESIONES BAJO LA RESOLUCION 01670 Y 03922 DEL 2016 Y CIRCULSAR 001 DEL 25 DE MAYO DEL 2017 SE LES EXPLICA EL PROCEDIMIENTO A LAS DOS PARTES;306;HUECOS
1001;3001;1/05/2024 19:40;HERIDOS;ATROPELLO;;-74,05988045;4,673043354;2;;2;SE DEJA CONSTANCIA SEGUN LO MANIFESTADO POR LOS FAMILIARES DEL LA  PEATON DE MANERA REPENTINA SALE DE LA ESTACION DE TRANSMILENIO POR QUE LA ACABABAN DE HURTAR ;157;OTRA HIPÓTESIS (CONDUCTOR)
1002;3002;1/05/2024 19:30;HERIDOS;CHOQUE;VEHICULO;-74,12208942;4,640166432;9;;2;HIPOTESIS 157 POR ESTABLECER YA QUE EL VEHICULO 2 SE DA A LA FUGA ;157;OTRA HIPÓTESIS (CONDUCTOR)
1003;3003;1/05/2024 18:20;HERIDOS;CHOQUE;VEHICULO;-74,08129324;4,592532187;17;;3;SE CORRIJE NACIONALIDAD DEL CONDUCTOR DEL VEHICULO 2 SIENDO VENEZOLANO N DE MARCO LYD1005;157;OTRA HIPÓTESIS (CONDUCTOR)
1004;3004;1/05/2024 17:40;HERIDOS;CHOQUE;VEHICULO;-74,14475945;4,646767069;8;;1;SE CORRIGE CASILLA 8 DONDE EL CONDUCTOR DEL VH2 NO APORTA LICENCIA YA QUE NO APLICA SE CORRIGE LUGAR DE IMPACTO VEHICULO N2 SIENDO ESTE LATERAL NO SE DIAGRAMA LOS VEHICULOS YA QUE FUERON MOVIDOS DEL LUGAR DE IMPACTO O POSICION FINAL CONDUCTOR DEL VEHICULO 2 NO DESEA INTERPONER QUERELLA DANDO APLICAT;103;ADELANTAR CERRANDO
1005;3005;1/05/2024 16:20;HERIDOS;ATROPELLO;;-74,16945336;4,627697646;8;;2;DEJO CONSTANCIA QUE AL LLEGAR AL LUGAR DONDE ME ENVIA EL CASO LA CENTRAL DE RADIO SOLO UBICO UNA MOTOCICLETA DE PLACAS GGB27G Y LA INFORMACION QUE SE RECOLECTO SE REALIZO POR PARTE DE UN FAMILIAR DEL MENOR Y POR PARTE DEL CENTRO MEDICO MEDICAL PROINFO;127;TRANSITAR EN CONTRAVIA
1006;3006;1/05/2024 16:11;HERIDOS;CHOQUE;VEHICULO;-74,06277505;4,668488051;12;;2;CONDUCTOR DE LA MOTOCICLETA COLISIONA POR EL VERTICE TRASERO DERECHO DE LA CAMIONETA PARTE TRASERA PERDIENDO EL CONTROL CAUSANDOSE LESIONES;121;NO MANTENER DISTANCIA DE SEGURIDAD
1007;3007;1/05/2024 14:20;MUERTOS;CHOQUE;VEHICULO;-74,09317253;4,593313234;14;1;2;SE ACLARA NACIONALIDAD CONDUCTOR VH1 COLOMBIA;103;ADELANTAR CERRANDO
1008;3008;1/05/2024 13:20;HERIDOS;ATROPELLO;;-74,03710181;4,809446984;1;;1;VEHICULO ESTACIONADO DE PLACAS LKL089 VEHICULO CAMIONETA CARROCERIA GRUA APAGADO MOTOR COMO OBJETO FIJO ORDEN DE COMPARENDO 39513594 SE PRESENTA COMO RESPONSABLE CONDUCTORA DIANA VILLAMARIN CC52141433 ;308;OTRA HIPÓTESIS (VÍA)
1009;3009;1/05/2024 12:00;HERIDOS;CHOQUE;VEHICULO;-74,20373587;4,630841489;7;;1;CORRECCION CASILLA 17 TABLA DE MEDIDA 4B 1240 CASILLA 11 HIPOTESIS 112 POR ESTABLECER QUIEN HACE CASO OMISO A L SEÑAL REGLAMENTARIA EXISTENTE SR01 PARE CORRECCION VIA 1 ZONA PEATONAL NO LINEA DE PARE NO VIA 1 ASFALTO Y OTROS DESTAPADA VIA 1 LINEA CONTINUA NO VIA ESTOPEROIDES NO ;112;DESOBEDECER SEÑALES O NORMAS DE TRANSITO
1010;3010;1/05/2024 8:06;HERIDOS;CHOQUE;VEHICULO;-74,16330087;4,684389114;9;;3;LA PLACA DE LA SEGUNDA MOTO ES  EGQ49F Y EL CONDUCTOR DEL PRIMER VEHICULO SE LE REALIZA 3 COMPARENDOS POR LICENCIA DE CONDUCCION D01 POR INFRACCION C35 Y POR LA INFRACCION D02;157;OTRA HIPÓTESIS (CONDUCTOR)
1011;3011;1/05/2024 7:45;HERIDOS;CHOQUE;VEHICULO;-74,14182408;4,580909987;6;;1;HIPOTESIS 112 SEÑAL DE TRANSITO SR01 PARE ;157;OTRA HIPÓTESIS (CONDUCTOR)
1012;3012;1/05/2024 5:30;HERIDOS;CAIDA;;-74,09837294;4,741654442;11;;1;CORRIJE DETALLE DE VICTIMA COMO PASAJERA;506;OTRA HIPÓTESIS (PASAJERO O ACOMPAÑANTE)
1013;3013;1/05/2024 2:48;MUERTOS;CHOQUE;VEHICULO;-74,16192582;4,604548156;7;1;;SE CORRIJE NUMERO DE TELEFONO DEL CONDUCTOR 2  SIENDO ESTE 3164082077 SE CORRIJE RADIO DE ACCION DEL CONDUCTOR DEL VH2 SIENDO CORRECTO MUNICIPAL ;121;NO MANTENER DISTANCIA DE SEGURIDAD
1014;3014;1/05/2024 1:20;DANOS;CHOQUE;VEHICULO;-74,09484013;4,625738577;16;;;SE REALIZA COMPARENDOS POR LA INFRACCION F LESIONADO DE EMBRIAGUEZ ART 5 PARAGRAFO N 42335649 Y COMPARENDOS POR LA INFRACCION B02 N 42335659;115;EMBRIAGUEZ O SUSTANCIAS ALUCINOGENAS
1015;3015;1/04/2024 20:30;HERIDOS;ATROPELLO;;-74,10026429;4,74880437;11;;1;SE CORRIGE NOMBRE DEL CONDUCTOR VEHICULO N 1 ANGIE CAROLINA POSADA PORRAS;157;OTRA HIPÓTESIS (CONDUCTOR)
1016;3016;1/04/2024 20:30;HERIDOS;OTRO;;-74,10419373;4,58315083;18;;1;SE CORRIJE CASILLA 31 LOCALIDAD YA QUE POR SENTIDO VIAL CORRESPONDE A RAFAEL URIBE ;157;OTRA HIPÓTESIS (CONDUCTOR)
1017;3017;1/04/2024 18:10;HERIDOS;CHOQUE;VEHICULO;-74,15115022;4,580493918;19;;2;LESIONADO EL VEHICULO 2 QUE INGRESA AL CENTRO MEDICO COMO NN DATOS SUMINISTRADOS POR EL MISMO ;132;NO RESPETAR PRELACION
1018;3018;1/04/2024 17:10;HERIDOS;CHOQUE;VEHICULO;-74,15507689;4,571559305;19;;1;RESOLUCION 01670 Y 03922 DE 2016 CIRCULAR 001 LESIONADO MANIFIESTA Y ESPONTANEAMENTE NO QUERELLAR EN EL MOMENTO;132;NO RESPETAR PRELACION
1019;3019;1/04/2024 15:00;HERIDOS;CHOQUE;VEHICULO;-74,10495471;4,647691285;13;;3;SE DEJA CONSTANCIA  QUE  LOS CIUDADANOS NO QUIEREN QUERELLAR CIRCULAR 001 Y WUE TIENEN 6 MESES PARA QUERELLAR ;121;NO MANTENER DISTANCIA DE SEGURIDAD
1020;3020;1/04/2024 14:50;HERIDOS;CHOQUE;VEHICULO;-74,06964151;4,656447358;12;;2;VH1 OMITE LA SEÑAL DE PARE MIENTRAS SE ENCONTRABA ESPERANDO LA MOVIL DE TURNO PARA TRASLADAR LOS CONDUCTORES VH1 Y 2 PARA MEDICINA LEGAL EL SEÑOR DEL VH3 SE DESPLAZA PARA LA CRUZ ROJA DE VENECIA POR SUS PROPIOS MEDIOS YA QUE MANIFIESTA QUE SE LE BAJO EL AZUCAR ;112;DESOBEDECER SEÑALES O NORMAS DE TRANSITO
1021;3021;1/04/2024 14:33;HERIDOS;CHOQUE;VEHICULO;-74,07852961;4,653089378;12;;2;CONDUCTOR VH 2 SE HACE TRASLADAR A JARSALUD PRESENTANDO LESIONES EN DOS DE SUS DEDOS EN LA MANO DERECHA HIPOTESIS 121 PARA EL VEHICULO N 2   NO TENER PRECAUCION  COMPARENDO 39591607 POR INFRACCION C33 EN CONCORDANCIA CON EL ARTICULO 108 DE LA LEY 769 DE 2002;121;NO MANTENER DISTANCIA DE SEGURIDAD
1022;3022;1/04/2024 14:30;HERIDOS;CHOQUE;VEHICULO;-74,1259133;4,727279455;10;;2;CORRIJO CASILLA N 6 4 PUENTE ;103;ADELANTAR CERRANDO
1023;3023;1/04/2024 14:09;HERIDOS;CHOQUE;VEHICULO;-74,06250683;4,665007392;12;;2;ACOMPAÑANTE DEL VEHICULO 2 NO SE HACE TRASLADAR Y SE RETIRA DEL LUGAR MANIFIESTA QUE ES EL HIJO DE LA CONDUCTORA ;112;DESOBEDECER SEÑALES O NORMAS DE TRANSITO
1024;3024;1/04/2024 7:51;HERIDOS;CHOQUE;VEHICULO;-74,06735895;4,671607797;12;;1;LOS VEHICULOS NO SE DIAGRAMAN POR QUE FUERON MOVIDOS DE SU POSICION FINAL;106;ADELANTAR INVADIENDO CARRIL DEL MISMO SENTIDO EN ZIGZAG
1025;3025;1/04/2024 7:50;HERIDOS;CHOQUE;VEHICULO;-74,10817949;4,586155986;18;;3;HIPOTESIS 112 SEÑAL DE PARE SR01;112;DESOBEDECER SEÑALES O NORMAS DE TRANSITO
1026;3026;1/04/2024 7:20;HERIDOS;CHOQUE;VEHICULO;-74,13572041;4,604325685;8;;2;CORRECCION CASILLA 17 TABLA DE MEDIDAS 1 VERTICE ANTERIOR IZQUIERDO V1 CORRECCION ANEXO 1 VEHICULO N3 CONDUCTOR FECHA DE NACIMIENTO 06051999;112;DESOBEDECER SEÑALES O NORMAS DE TRANSITO
1027;3027;1/03/2024 23:34;HERIDOS;CHOQUE;VEHICULO;-74,09363655;4,573664719;4;;1;EL CONDUCTOR DEL VEHICULO 2 QUIEN SE ENCUENTRA LESIONADO MANIFIESTA NO INTERPONER QUERELLA DE IGUAL MANERA SE PONE EN CONOCIMIENTO QUE CUENTA CON SEIS MESES PARA INTERPONER LA MISMA DE IGUAL MANERA SE LE NOTIFICA ORDEN DE COMPARENDO POR LA INFRACCION C33 N 39591585 Y LA HIPOTESIS ES 112 PARA EL VH 2;112;DESOBEDECER SEÑALES O NORMAS DE TRANSITO
1028;3028;1/03/2024 22:54;DANOS;CHOQUE;OBJETO;-74,06787125;4,596181995;17;;;EL SEÑOR JOSE HERNAN SACRISTAN ROZO CC 3197488 DE TENA CUNDINAMARCA SE PRESENTA COMO ENCARGADO DE LA UNIVERSIDAD EXTERNADO PARA LA RECLAMACION DEL DAÑO OCASIONADO EN LA MALLA Y LA SEÑORA CLAUDIA MARCELA DUEÑAS DUQUE DE CC 52160719 DE BOGOTA SE PRESENTA COMO RESPONSABLE DEL VEHICULO YA QUE EN EL LUGA;157;OTRA HIPÓTESIS (CONDUCTOR)
1029;3029;1/03/2024 20:40;HERIDOS;VOLVAMIENTO;;-74,07739846;4,586466126;17;;1;CLASE DE ACCIDENTE VOLCAMIENTO LATERAL DERECHO DE MOTOCICLISTA EVENTO ASIGNADO POR LA CENTRAL DE RADIO COMO RECONOCIMIENTO EN LA CLINICA SANTA JULIANA NO SE EVIDENCIO LA MOTOCICLETA EN EL CENTRO MEDICO NI EN EL LUGAR DE LOS HECHOS;306;HUECOS
1030;3030;1/03/2024 20:20;HERIDOS;ATROPELLO;;-74,07842172;4,64724026;13;;1;CORRIJO CASILLA 9 1 SIN GRAVEDAD LA PEATON NO ES TRASLADADA A CENTRO MEDICO;157;OTRA HIPÓTESIS (CONDUCTOR)
1031;3031;1/03/2024 19:26;HERIDOS;ATROPELLO;;-74,06493423;4,629464659;2;;2;SE DEJA CONSTANCIA UE CORRIJO FECHA Y HORA 03012024 1926 03012024 1940 SE DEJA CONSTANCIA SEGUN LO INFORMADO POR LAS AMBULANCIAS CON NUMERO INTERNO 6026 Y 7159 LA PLACA DE LA MOTOCICLETA SZU63E EL CUAL AL LLEGAR AL LUGAR DEL ACCIDENTE LA MOTOCICLETA NO SE ENCUENTRA EN EL LUGAR DE LOS HECHOS EL CUAL ;114;EMBRIAGUEZ APARENTE
1032;3032;1/03/2024 19:13;DANOS;CHOQUE;VEHICULO;-74,07851426;4,691873779;11;;;LA FECHA DE EXPEDICION DE LA LICENCIA DE TRANSITO DEL VH N 2 ES AMERICANA POR LO TANTO ES DE 09 19 2019;112;DESOBEDECER SEÑALES O NORMAS DE TRANSITO
1033;3033;1/03/2024 16:25;HERIDOS;ATROPELLO;;-74,19675676;4,622490909;7;;2;HIPOTESIS DEL PEATON 411 OTRA ART 59 CNT LIMITACIONES A PEATONES ESPECIALES LOS ANCIANOS DEBERAN SER ACOMPAÑADOS AL CRUZAR POR LAS VIAS POR PERSONAS MAYORES DE 16 AÑOS SE CORRIJE CASILLA 64 DISEÑO INTERSECCION ;157;OTRA HIPÓTESIS (CONDUCTOR)
1034;3034;1/03/2024 16:20;HERIDOS;CHOQUE;OBJETO;-74,08374188;4,624216641;16;;1;SE CODIFICA 157 PUESTO QUE NO ES POSIBLE ESTABLECER CON CARIDAD LA DINAMICA  DEL ACCIDENTE YA QUE EL LESIONADO FUE TRASLADADO AL CENTRO ASISTENCIAL CON PROTITUD DEBIDO A LA GRAVEDAD DE SUS LESIONES Y NO FUE  VIABLE INDAGAR ACERCA DE LO MISMO SE NOTIFICA COMPARENDO N 39590329 INFRACCION D02;157;OTRA HIPÓTESIS (CONDUCTOR)
1035;3035;1/03/2024 16:10;HERIDOS;CHOQUE;VEHICULO;-74,17174944;4,637313288;8;;1;SE DEJA CONSTANCIA QUE SE LE EXPLICA EL PROCEDIMIENTO A LA CONDUCTORA VH2 QUIEN DE MANERA LIBRE Y VOLUNTARIA NO INTERPONE QUERELLA CONTRA EL CONDUCTOR DEL VH1 FIRMA EL SEÑOR ESPOSO EL RECIBIDO DEL INFORME DE ACCIDENTE ;157;OTRA HIPÓTESIS (CONDUCTOR)
1036;3036;1/03/2024 15:39;HERIDOS;CAIDA;;-74,10831494;4,563596952;4;;1;SE CORRIJE HIPOTESIS DEL CONDUCTOR LA CORRECTA ES 119 FRENAR BRUSCAMENTE ;506;OTRA HIPÓTESIS (PASAJERO O ACOMPAÑANTE)
1037;3037;1/03/2024 14:49;DANOS;CHOQUE;OBJETO;-74,10235227;4,509571997;5;;;SE DILIGENCIA ORDEN DE COMPARENDO N 39590238 C35 Y N 39590235 D02 SE PRESENTA COMO RESPONSABLE DE LA VIVIENDA LA SEÑORA CLAUDIA JANNETH SASTOQUE DIAZ CC 53005994 NOMENCLATURA DE LA VIVIENDA AFECTADA CARRERA 5 ESTE CALLE 81C SUR 00 20 N DE TELEFONO 3046616370 PASADA 1 HORA LLEGA A EL LUGAR EL SEÑOR J;157;OTRA HIPÓTESIS (CONDUCTOR)
1038;3038;1/03/2024 13:34;HERIDOS;CAIDA;;-74,08640535;4,620796487;14;;1;CORRIJE CASILLA 9 TIPO DE DOCUMENTO CORRECTO CEDULA DE IDENTIFICACION VENEZOLANA DIRECCION DE LA VICTIMA CALLE 135 N 151 50 CASILLA 3 SIENDO CORRECTO CARRERA 30 CON AVENIDA FERROCARRIL ;506;OTRA HIPÓTESIS (PASAJERO O ACOMPAÑANTE)
1039;3039;1/03/2024 8:30;HERIDOS;CHOQUE;VEHICULO;-74,12023199;4,555110561;18;;1;SEGUN INFORMACION EN LABORES DE VECINDARIO Y ACEPTACION DEL CONDUCTOR VEHICULO N2 MUEVE EL VEHICULO HACIA LA CARRERA 6 HACIA EL LUGAR DONDE SE UBICA LLEGAMOS;103;ADELANTAR CERRANDO
1040;3040;1/03/2024 8:05;DANOS;CHOQUE;VEHICULO;-74,10211233;4,609683465;16;;;CEDULA DE CIUDADANIA N 1007747340 DE LA CONDUCTORA DEL VEHICULO 2;103;ADELANTAR CERRANDO
1041;3041;1/03/2024 7:50;HERIDOS;CHOQUE;VEHICULO;-74,12240861;4,629052946;8;;1;SE DEJA CONSTANCIA QUE SEGUN LO MANIFIESTADO POR EL SEÑOR DE LA MOTO UN VEHICULO LO ARROLLO Y EMPREDIO LA HUIDA EL CUAL NO OBSERVO NI PLACAS TAMPOCO DESEA INTERPONER QUERELLA YA QUE EL VEHICULO QUE LE CAUSO LAS LESIONES SE VA DEL LUGAR ;157;OTRA HIPÓTESIS (CONDUCTOR)
1042;3042;1/03/2024 5:40;HERIDOS;CHOQUE;VEHICULO;-74,05614195;4,691224186;1;;3;ACLARO PROPIETARIO LAFFI ESTRADA AWAD SE DEJA CONSTANCIA QUE LAS VICTIMAS CONDUCTORES Y LESIONADOS MANIFIESTAN NO INTERPONER QUERELLA DEJANDO ENTERADA RESOLUCION 01670 Y 03922 DE 2016 CIRCULAR N 001 DEL 250517;157;OTRA HIPÓTESIS (CONDUCTOR)
1043;3043;1/03/2024 5:00;HERIDOS;CHOQUE;VEHICULO;-74,08899096;4,633937341;13;;3;SE ACLARA EN EL INFORME LOS DOS VEHICULOS TRANSITABAN POR EL CARRIL DEL MEDIO DE IZQUIERDA A DERECHA EN LA MISMA POSICION FINAL Y TRAYECTORIA VEHICULAR SE ACLARA QUE EL VEHICULO 1 TIPO TAXI SI TIENE RTM VIGENTE POLIZA N 166925847 VIGENCIA  05 07 2024 SE ACLARA LOCALIDAD SIENDO CORRECTA TEUSAQUILLO ;121;NO MANTENER DISTANCIA DE SEGURIDAD
1044;3044;1/02/2024 23:30;HERIDOS;CHOQUE;VEHICULO;-74,10682229;4,671385913;10;;1;FECHA DE OCURRENCIA 02 01 2024 CONDUCTOR DEL VEHICULO 1 MANIFIESTA QUE CHOCO CON OTRO VEHICULO EL CUAL SE DIO A LA FUGA Y NO TIENE INFORMACION QUE AL MOIMENTO DE QUE CAE LA MOTOCICLETA AL PISO VA PASANDO EL VEHICULO 2 Y LA IMPACTA NO SE CONOCE EL CASO POR FISCALIA YA QUE EL LESIONADO NO INTERPONE QU;98;TRANSITAR ENTRE VEHICULOS
1045;3045;1/02/2024 21:35;MUERTOS;ATROPELLO;;-74,02285842;4,74712706;1;1;;EN EL LUGAR DE LOS HECHOS SE ENCUENTRA UNA BICICLETA DE MARCO N 4526102625 COLOR NARANJA SOBRE LA CICLORUTA ;157;OTRA HIPÓTESIS (CONDUCTOR)
1046;3046;1/02/2024 21:21;HERIDOS;CHOQUE;VEHICULO;-74,18688489;4,626974328;7;;1;SE CORRIJE CASILLA 8 CATEGORIA DE LICENCIA DEL VH2 SIENDO ESTA A2 NO SE DIAGRAMA LA MOTOCICLETA O VEHICULO N2 YA QUE FUE MOVIDO DEL PUNTO DE IMPACTO O POSICION FINAL SE CORRIJE CASILLA 4 FECHA DE OCURRENCIA 02012024;112;DESOBEDECER SEÑALES O NORMAS DE TRANSITO
1047;3047;1/02/2024 15:39;HERIDOS;CHOQUE;VEHICULO;-74,12665157;4,638929469;8;;2;LESIONADA MANIFIESTA NO INTERPONER QUERELLA CIRCULAR 001 DEL 25 DE MAYO 2017 NO SE INMOVILIZA VEHICULOS Y SE EXPLICA A LAS PARTES EL PROCEDIMIENTO A SEGUIR 39588529 COMPARENDO PARA LA CONDUCTORA DEL VEHICULO;122;GIRAR BRUSCAMENTE
1048;3048;1/02/2024 15:10;HERIDOS;CHOQUE;VEHICULO;-74,08597018;4,605238831;14;;3;SE  CORRIJE LA FECHA DE LA CASILLA N4 LA CORRECTA ES 02012024;97;TRANSITAR POR VIAS PROHIBIDAS
1049;3049;1/02/2024 15:00;HERIDOS;CHOQUE;VEHICULO;-74,09554897;4,608028546;14;;1;NO SE CONOCE CASO QUE TODA VEZ NINGUNO DE LOS CONDUCTORES QUIERE QUERELLA SE DA APLICACION A LA CIRCULAR 001 25 DE MAYO DEL 2017 YA QUE EL CONDUCTOR DEL VH1 HABIA RETIRADO SU MOTOCICLETA DEL LUGAR DE LOS HECHOS Y NO DESEA QUERELLA ;157;OTRA HIPÓTESIS (CONDUCTOR)
1050;3050;1/02/2024 14:30;HERIDOS;CHOQUE;VEHICULO;-74,0689495;4,61562403;3;;1;SE DEJA CONSTANCIA DONDE LOS CONDUCTORES MANIFIESTAN QUE HABIA UN VEHICULO ESTACIONADO SOBRE EL CARRIL DERECHO CUANDO EL CICLISTA FUE ADELANTARLO SE GENERA EL CHOQUE PARADERO DEL SITP 675A00;103;ADELANTAR CERRANDO