CODIGO_ACCIDENTE;FORMULARIO;FECHA;GRAVEDAD;CLASE;CHOQUE;LONGITUD;LATITUD;CODIGO_LOCALIDAD;TOTAL_MUERTOS;TOTAL_HERIDOS;TEXTO_OBSERVACIONES;CODIGO_CAUSA;DESCRIPCION
1051;3051;1/02/2024 14:06;HERIDOS;CHOQUE;VEHICULO;-74,21433998;4,614277916;7;;1;CASILLA 11 HIPOTESIS DE ACCIDENTE DE TRANSITO AL VH2 127 Y 157;127;TRANSITAR EN CONTRAVIA
1052;3052;1/02/2024 10:50;HERIDOS;ATROPELLO;;-74,08592635;4,500959984;5;;1;HIPOTESIS PARA EL VEHICULO 1 135 REMOLCO AL VEHICULO SIN PRECAUCION HIPOTESIS PARA EL VEHICULO 2 NO ESTAR ATENTO A LOS DEMAS ACTORES VIALES CORRIJE CASILLA 10 VICTIMAS CANTIDAD 1 PEATON ;157;OTRA HIPÓTESIS (CONDUCTOR)
1053;3053;1/02/2024 7:20;HERIDOS;CHOQUE;VEHICULO;-74,14546756;4,690435584;9;;1;CORRIJE CASILLA 81 DIRECCION DE RESIDENCIA DEL VEHICULO 2 CARRERA 10 A ESTE N 17 A 67 SUR;123;NO RESPETAR PRELACION DE INTERSECCIONES O GIROS
1054;3054;1/02/2024 5:55;HERIDOS;CHOQUE;VEHICULO;-74,14776472;4,625363861;8;;2;NO SE RECEPCIONA QUERELLA ANTE FISCALIA YA QUE NINGUNO DE LOS DOS CONDUCTORES DESEAN INTERPONER QUERELLA DANDO APLICABILIDAD A LA CIRCULAR 001 DEL 25 05 2017 RESOLUCIONES 01670 Y 03922 NO SE DIAGRAMAN LOS VEHICULOS YA QUE FUERON MOVIDOS DE SU PUNTO DE  IMPACTO O POSICION FINAL ;142;SEMAFORO EN ROJO
1055;3055;1/01/2024 23:35;HERIDOS;ATROPELLO;;-74,11809122;4,510175974;5;;2;CORRIJE FECHA NACIMIENTO CASILLA 9 26 07 1987 SE PRESENTA ACCIDENTE DE TRANSITO CON LESIONADOS LLEGA COMO ACOMPAÑANTE DEL PEATON LA SEÑORA YENNY AMAYA CON CC1022962820 Y TEL 3105334092 SE CORRIJE CASILLA 11 CODIFICAN 157 PARA EL CONDUCTOR ;157;OTRA HIPÓTESIS (CONDUCTOR)
1056;3056;1/01/2024 22:42;HERIDOS;ATROPELLO;;-74,01391057;4,666162267;2;;1;MOTOCICLETA DE PLACAS BGC22 SIN MAS DATOS DE ESTE AUTOMOTOR EL CUAL IBA CONDUCIDO POR UN SUJETO DE SEXO MASCULINO EL CUAL IBA CON UN ACOMPAÑANTE DEL MISMO SEXO SIN MAS DATOS EL CUAL PIERDE EL CONTROL SOBRE LA MOTOCICLETA ANTES MENCIONADO ATROPELLANDO A UN PEATON EL CUAL SE ENCONTRABA CAMINANDO;157;OTRA HIPÓTESIS (CONDUCTOR)
1057;3057;1/01/2024 22:20;HERIDOS;CHOQUE;VEHICULO;-74,17270003;4,592206365;19;;1;MANIFIESTA LA COMUNIDAD QUE VEHICULO N 1 CHOCA CON UNA MOTOCICLETA SALIENDO PROYECTANDO AL ANDEN POSTERIORMENTE CONDUCOTR DE LA MOTOCICLETA VEHICULO N 2 SE DA A LA FUGA;157;OTRA HIPÓTESIS (CONDUCTOR)
1058;3058;1/01/2024 19:24;DANOS;CHOQUE;OBJETO;-74,1600695;4,687420178;9;;;VEHICULO CHOCA CON SEMAFORO DE LA CALLE 13 CON CARRERA 126 B SENTIDO ORIENTE OCCIDENTE DESPRENDIMIENTO DE LA BASE DAÑOS EN LAS LUCES SEMAFORO TOTALMENTE ROTO ;115;EMBRIAGUEZ O SUSTANCIAS ALUCINOGENAS
1059;3059;1/01/2024 18:32;HERIDOS;ATROPELLO;;-74,09985793;4,550077233;4;;2;SE REALIZA ORDEN DE COMPARENDO AL CONDUCTOR N1 POR LA INFRACCION D01 N 39589678;139;IMPERICIA EN EL MANEJO
1060;3060;1/01/2024 14:39;HERIDOS;CHOQUE;VEHICULO;-74,08585456;4,677738265;10;;1;CONDUCTOR DEL VEHICULO 1 MANIFIESTA NO RECORDAR NADA DEL OTRO VEHICULO NO RECUERDA PLACAS ;157;OTRA HIPÓTESIS (CONDUCTOR)
1061;3061;1/01/2024 14:30;HERIDOS;CHOQUE;VEHICULO;-74,06103966;4,664098462;2;;1;NO SE DIAGRAMA EL VEHICULO 2 YA QUE FUE MOVIDO DEL LUGAR DE IMPACTO ;122;GIRAR BRUSCAMENTE
1062;3062;1/01/2024 14:13;HERIDOS;VOLVAMIENTO;;-74,13536368;4,640436447;8;;6;SE DEJA CONSTANCIA QUE NINGUNO DE LOS LESIONADOS DESEAN INTERPONER QUERELLA DE IGUAL FORMA SE LE EXPLICA QUE TIENEN SEIS MESES PARA INTERPONERLA SI DESEAN;157;OTRA HIPÓTESIS (CONDUCTOR)
1063;3063;1/01/2024 12:00;DANOS;CHOQUE;VEHICULO;-74,14093731;4,58368823;6;;;VH2 112 SE LE REALIZA PRUEBA DE EMBRIAGUEZ A LOS CONDUCTORES RESULTADO POSITIVO PARA CONDUCTOR VH2 COMPARENDO 39588475 SE REALIZA IGUALMENTE COMPARENDO D01 D02 C35;112;DESOBEDECER SEÑALES O NORMAS DE TRANSITO
1064;3064;1/01/2024 11:00;HERIDOS;CHOQUE;VEHICULO;-74,13187144;4,629590311;8;;1;SE CORRIJE CASILLA N 81 TELEFONO DEL LESIONADO N1 3214189442 O CONDUCTOR N1;121;NO MANTENER DISTANCIA DE SEGURIDAD
1065;3065;1/01/2024 10:30;HERIDOS;ATROPELLO;;-74,15013192;4,557991507;19;;4;CORRIJO CASILLA 82 VEHICULO 2 POLIZAS CONTRACTUAL Y EXTRACONTRATUAL NO TIENE ;157;OTRA HIPÓTESIS (CONDUCTOR)
1066;3066;1/01/2024 7:40;HERIDOS;CHOQUE;VEHICULO;-74,08708838;4,548419111;4;;1;HIPOTESIS 104 PARA EL VEHICULO 2 RESOLUCION 01670 Y 03922 DEL 2016 CIRCULAR 001 LESIONADO MANIFIESTO NO QUERELLAR SE ACLARA QUE EL LESIONADO ES EL CONDUCTOR DEL VEHICULO 2;104;ADELANTAR INVADIENDO CARRIL DE SENTIDO CONTRARIO
1067;3067;1/01/2024 7:30;DANOS;CHOQUE;OBJETO;-74,12392942;4,560085031;18;;;SE REALIZA ORDEN DE COMPARENDO NUMERO 39588504 INFRACCION C02;157;OTRA HIPÓTESIS (CONDUCTOR)
1068;3068;1/01/2024 7:30;HERIDOS;VOLVAMIENTO;;-74,07073049;4,612137764;3;;1;CONDUCTOR MANIFIESTA SOLTARSE DEL MANUBRIO DERECHO PERDIENDO EL EQUILIBRIO O CONTROL DE LA PATINETA ;92;NO SUJETAR LOS MANUBRIOS
1069;3069;1/01/2024 6:58;HERIDOS;CHOQUE;;-74,04560087;4,672447212;2;;1;EL CONDUCTOR PIERDE CONTROL DE LA MOTOCICLETA CHOCANDO CON LA  BARRERA PROTECTORA DE PASO A NIVEL PUENTE SE LE EXPLICA EL PROCEDIMIENTO Y MANIFIESTA  NO REQUERIR NADA DE TRANSITO POR ENDE NO SE INMOVILIZA LA MOTO Y SE ENTREGA A UN FAMILIAR;157;OTRA HIPÓTESIS (CONDUCTOR)
1070;3070;1/01/2024 6:50;HERIDOS;CHOQUE;VEHICULO;-74,15983347;4,615779094;8;;2;NO SE DIAGRAMA EL VH1 YA QUE FUE MOVIDO DEL LUGAR DEL IMPACTO O POSICION FINAL;142;SEMAFORO EN ROJO
1071;3071;1/01/2024 5:30;DANOS;CHOQUE;VEHICULO;-74,06946046;4,622945401;13;;;SE NOTIFICAN ORDENES DE COMPARENDO AL VEHICULO DE PLACAS MBL019 POR LAS INFRACCIONES B01 N 39519523  H02 N 39519525 C33 N 39588719 F GRADO 2 N 39588723;121;NO MANTENER DISTANCIA DE SEGURIDAD
1072;3072;1/01/2024 3:40;DANOS;CHOQUE;OBJETO;-74,05152855;4,72289047;11;;;SUPERVISOR EXPRESA MULTISEG ANDRES UNI MAMIAN CC 1060986937 ALMACEN SUPER COMBO DECO UBICADO EN LA CALLE 137A CON CRA 45A CENTRO COMERCIAL LA COLINA VEHICULO INGRESA AL ALMACEN DE MUEBLES MUEBLES QUE SUFRIERON DAÑOS BASE CAMA COMEDORES VIDRIOS PUERTA REJA SILLAS MESAS;157;OTRA HIPÓTESIS (CONDUCTOR)
1073;3073;1/01/2024 2:40;HERIDOS;CHOQUE;OBJETO;-74,15232231;4,682154358;9;;1;SE REALIZA ORDEN DE COMPARENDO AL CONDUCTOR VH1 INFRACCION D01 39588316 Y C35 COMPARENDO 39588252;139;IMPERICIA EN EL MANEJO
1074;3074;1/01/2024 1:30;DANOS;CHOQUE;OBJETO;-74,12800235;4,698534077;10;;;LA GRUA IMPACTA CON POSTE DE TELEFONIA 01 542 AL LUGAR HACE PRESENCIA BOMBEROS M 25;157;OTRA HIPÓTESIS (CONDUCTOR)
1075;3075;1/01/2024;HERIDOS;CHOQUE;VEHICULO;-74,15236486;4,567334782;19;;1;AL LLEGAR AL LUGAR DE LOS HECHOS ENCONTRAMOS LA AMBULANCIA 6958 LA CUAL SE ENCUENTRA VALORANDO AL CONDUCTOR N1 Y EL CUADRANTE N13 DEL CAI ARBORIZADORA ALTA COMO PRIMER RESPONSABLE QUIENES MANIFIESTAN QUE EL MOTOCICLISTA COLISIONA CONTRA UN TAXI OCASIONANDOLE LESIONES Y SE DA A LA FUGA ES DE ANOTAR Q;157;OTRA HIPÓTESIS (CONDUCTOR)
1076;3076;12/31/2023 11:30 PM;HERIDOS;CHOQUE;VEHICULO;-74,09284262;4,717135258;11;;1;EN EL LUGAR SE OBSERVA CAMARA CAD CARRERA  91 CON CALLE  127 ;157;OTRA HIPÓTESIS (CONDUCTOR)
1077;3077;12/31/2023 10:30 PM;HERIDOS;CAIDA;;-74,07437829;4,606218558;3;;1;SE DEJA CONSTANCIA QUE LA VICTIMA CAE DEL BUS SEGUN INDICA LA CIUDADANIA SE ENCUENTRA INCONSIENTE E INDOCUMENTADO EL VEHICULO DESPUES DEL ACCIDENTE SE RETIRA DEL LUGAR DE LOS HECHOS CON EL CONDUCTOR ;157;OTRA HIPÓTESIS (CONDUCTOR)
1078;3078;12/31/2023 9:18 PM;HERIDOS;CHOQUE;VEHICULO;-74,16524348;4,641074056;8;;2;CORRIJO CASILLA V1 MISMO CONDUCTOR SI;157;OTRA HIPÓTESIS (CONDUCTOR)
1079;3079;12/31/2023 12:00 PM;HERIDOS;ATROPELLO;;-74,0749791;4,669017366;12;;1;CORRIJO CASILLA N 5 CLASE DE ACCIDENTE ES ATROPELLO;411;OTRA HIPÓTESIS (PEATÓN)
1080;3080;12/31/2023 11:50 AM;HERIDOS;CAIDA;;-74,16815302;4,630921232;8;;1;SE CODIFICA HIPOTESIS 301 PARA LA VIA AUSENCIA DE SEÑAL SP25 Y SP25A;301;AUSENCIA TOTAL O PARCIAL DE SEÑALES
1081;3081;12/31/2023 10:30 AM;HERIDOS;CHOQUE;VEHICULO;-74,11277679;4,724133462;10;;1;EL LESIONADO FUE VALORADO POR AMBULANCIA DEL CRUE NO PERMITE TRASLADO Y FIRMA DESISTIMIENTO Y NO INTERPONE QUERELLA POR TAL MOTIVO NO SE CONOCE EL CASO POR FISCALIA SE REALIZA INFORME POR LA GRAVEDAD DE SUS LESIONES;157;OTRA HIPÓTESIS (CONDUCTOR)
1082;3082;12/31/2023 9:07 AM;DANOS;CHOQUE;OBJETO;-74,08849987;4,658969057;13;;;REQUERIMIENTO IMPULSADO POR CENTRAL DE RADIO AUTOLESSIONES DEL CIUDADANO NO PERMITE VALORACION POR PARTE DE LAS AMBULANCIAS QUE LLEGAN AL LUGAR NI PERSONAL DE SALUD MEDICA ES TRASLADADO A LA SECCIONAL DE TRANSITO A REALIZAR PRUEBA DE ALCOHOLEMIA SE REALIZA COMPARENDO N 39587917 ARROJANDO POSITIVO GR;115;EMBRIAGUEZ O SUSTANCIAS ALUCINOGENAS
1083;3083;12/31/2023 8:10 AM;HERIDOS;CHOQUE;VEHICULO;-74,18253569;4,598473253;7;;1;NO SE DIAGRAMA EL VH1 TIPO AUTOMOVIL YA QUE FUE MOVIDO DEL LUGAR DEL IMPACTO O POSICION FINAL SE CORRIJE CASILLA 7 CARACTERISTICAS DE LA VIA DONDE EXISTE UNA SEÑAL DE PARE SOBRE LA CALLE 65B SUR ;112;DESOBEDECER SEÑALES O NORMAS DE TRANSITO
1084;3084;12/31/2023 8:05 AM;HERIDOS;CHOQUE;VEHICULO;-74,13544414;4,614145577;8;;3;SE ACLARA QUE EL CONDUCTOR DEL VH2 SE TRASLADA PARA LA CLINICA MEDIAL PROINFO;121;NO MANTENER DISTANCIA DE SEGURIDAD
1085;3085;12/31/2023 7:46 AM;HERIDOS;CHOQUE;VEHICULO;-74,1471037;4,674267724;9;;2;SE REALIZA ORDEN DE COMPARENDO N 39586910 INFRACCION D01 YA QUE NO ES IDONEO PARA CONDUCIR EL BUS YA QUE SU CATEGORIA C1 CORRIJO HORA DE LEVANTAMIENTO SIENDO 1120 HORAS HABIA MANIFESTADO CONCILIAR POR LA LEY 2251;142;SEMAFORO EN ROJO
1086;3086;12/31/2023 7:30 AM;HERIDOS;CAIDA;;-74,16833473;4,631263894;8;;2;NO SE DIAGRAMAN LOS VEHICULOS YA QUE FUERON MOVIDOS DE SU POSICION FINAL;301;AUSENCIA TOTAL O PARCIAL DE SEÑALES
1087;3087;31/12/2023;HERIDOS;ATROPELLO;;-74,09315798;4,602905766;14;;1;SE CONOCE EL CASO A ESA HORA POR RECONOCIMIENTO HOSPITAL TUNAL ;157;OTRA HIPÓTESIS (CONDUCTOR)
1088;3088;12/30/2023 9:29 PM;HERIDOS;CHOQUE;VEHICULO;-74,06410543;4,748843129;11;;1;SE CORRIGE CASILLA 8 DATOS DE CONDUCTOR DEL VH1 EL CONDUCTOR NO TIENE LICENCIA DE CONDUCCION SE LE ANEXA COMPARENDO 39588166 INFRACCION D01 SE ANEXA COMPARENDO POR C35 AL VH2 N 39587806 CORRIJO CLASE VEHICULO N2 CAMIONETA;157;OTRA HIPÓTESIS (CONDUCTOR)
1089;3089;12/30/2023 7:40 PM;HERIDOS;CHOQUE;VEHICULO;-74,10528673;4,715334907;10;;2;CORRIJO CASILLA N 81  HOSPITAL MEDICENTRO FONTIBON LESION TRAUMA CRANEO ENCEFALICO LEVE;104;ADELANTAR INVADIENDO CARRIL DE SENTIDO CONTRARIO
1090;3090;12/30/2023 7:10 PM;HERIDOS;VOLVAMIENTO;;-74,11968616;4,526882029;5;;2;HIPOTESIS 306 PARA LA VIA HUECO TENIENDO EN CUENTA LA CIRCULAR 001 DEL 25 05 2017 SE SOLICITA QUERELLA A MONICA MESA Y A CARLOS FINO LOS CUALES MANIFIESTAN NO QUERER QUERELLAR POR TAL MOTIVO SE LES INFORMA QUE APARTIR DEL MOMENTO TIENEN 6 MESES PARA QUERELLAR;306;HUECOS
1091;3091;12/30/2023 6:43 PM;HERIDOS;ATROPELLO;;-74,12996305;4,602919394;16;;3;SE LE NOTIFICA ORDEN DE COMPARENDO 39588079 POR LA INFRACCION D01 Y ORDEN DE COMPARENDO POR INFRANCCION C35 N 39588055;139;IMPERICIA EN EL MANEJO
1092;3092;12/30/2023 6:40 PM;HERIDOS;ATROPELLO;;-74,07384721;4,606881597;3;;1;CONDUCTOR DEL VEHICULO 1 EN FUGA DATOS DEL VEHICULO 1 VERIFICADOS POR EL SISTEMA DEL RUNT DE LA COMPARENDERA DONDE INDICA QUE NO CUENTA CON SOAT Y TAMPOCO CON REVISION TECNOMECANICA ADEMAS INDICA QUE EL PROPIETARIO ES INDETERMINADO NO HAY CONDUCTOR PARA REALIZAR ORDEN DE COMPARENDO ;157;OTRA HIPÓTESIS (CONDUCTOR)
1093;3093;12/30/2023 6:30 PM;HERIDOS;ATROPELLO;;-74,13033722;4,593797155;16;;1;SE ACLARA FECHA DE OCURRENCIA EL 30 12 2023 Y FECHA DE LEVANTAMIENTO 01 01 2024 SE ACLARA QUE EL ACCIDENTE OCURRE EL 30 12 2023 Y DIAS DESPUES LA PERSONA LESIONADA REQUIERE EL PROCEDIMIENTO DESDE EL CENTRO MEDICO MANIFESTANDO SER ATROPELLADA POR UN VEHICULO DE PLACAS JEK195 EL CUAL LA DEJA EN EL CEN;157;OTRA HIPÓTESIS (CONDUCTOR)
1094;3094;12/30/2023 5:33 PM;HERIDOS;CHOQUE;OBJETO;-74,06037984;4,658439006;2;;2;NO SE INICIA PROCESO POR FISCALIA YA QUE NO DESEAN INICIAR PROCESO YA QUE SON MADRE E HIJO OBJETIVO FIJO MOTOCICLETA JWR65G PROPIETARIO LOBO TOBIO MIGUEL ANGEL DAÑOS MANUBRIO IZQUIERDO ESPEJO IZQUIERDO COSTADO LATERAL IZQUIERDO DEMAS DAÑOS INTERNOS POR ESTABLECER OBJETIVO FIJO OBRA DEL METRO INGENIE;157;OTRA HIPÓTESIS (CONDUCTOR)
1095;3095;12/30/2023 4:55 PM;HERIDOS;CHOQUE;VEHICULO;-74,12603227;4,727191478;10;;1;DEL VEHICULO 2 ES ABOLLADURA PARTE ANTERIOR LATERAL DERECHO SE ACLARA QUE EL CONDUCTOR DEL VEHICULO 2 HACE CASO OMISO A LA LUZ ROJA DEL SEMAFORO AUN CUANDO LOS AGENTES ESTABAN REALIZANDO LABORES DE REGULACION EN LA INTERSECCION ORIENTE OCCIDENTE SE NOTIFICA COMPARENDO D04 Y C06;142;SEMAFORO EN ROJO
1096;3096;12/30/2023 4:04 PM;HERIDOS;VOLVAMIENTO;;-74,07907618;4,638262955;13;;1;NO SE DIAGRAMA EL VEHICULO TIPO MOTOCICLETA PUESTO QUE FUE MOVIDO DE SU POSICION FINAL POR PARTE DE LOS DEMAS USUARIOS DE LA VIA ES DE ANOTAR QUE SE CODIFICA LA HIPOTESIS SEGUN RESULTADO DE CENTRO MEDICO;115;EMBRIAGUEZ O SUSTANCIAS ALUCINOGENAS
1097;3097;12/30/2023 3:15 AM;HERIDOS;CHOQUE;VEHICULO;-74,20610213;4,611867781;7;;2;SE ANEXA ORDEN DE COMPARENDO 039587013 POR LA INFRACCION D03  039509 09824 POR LA INFRACCION C33;127;TRANSITAR EN CONTRAVIA
1098;3098;30/12/2023;HERIDOS;CHOQUE;VEHICULO;-74,1001114;4,590987203;15;;1;SE CORRIJE FECHA DE OCURRENCIA Y LEVANTAMIENTO 30 12 2023 SE ACLARA QUE CUANDO LLEGAN AL LUGAR NO SE ENCONTRABA EL OTRO VEHICULO INVOLUCRADO NO HAY DATOS CONDUCTORA DEL VH1 MANIFIESTA VOLUNTARIAMENTE NO QUIERE QUERELLAR EN EL MOMENTO CICULAR 001 DE 25 05 2017;157;OTRA HIPÓTESIS (CONDUCTOR)
1099;3099;12/29/2023 11:32 PM;HERIDOS;CHOQUE;VEHICULO;-74,11872057;4,71463321;10;;1;CONDUCTOR DE LA MOTOCICLETA INVADE EL CARRIL CONTRARIO AL MOMENTO DEL SINIESTRO VIAL ;127;TRANSITAR EN CONTRAVIA
1100;3100;12/29/2023 9:50 PM;HERIDOS;CHOQUE;VEHICULO;-74,17276842;4,615994311;8;;2;SE REALIZA ORDEN DE COMPARENDO POR LA INFRACCION D01 PARA EL VEHICULO 1;157;OTRA HIPÓTESIS (CONDUCTOR)
1101;3101;12/29/2023 9:40 PM;HERIDOS;CHOQUE;VEHICULO;-74,11402134;4,508103396;5;;1;SE PRESENTA ACCIDENTE DE TRANSITO DONDE RESULTA LESIONADO EL CONDUCTOR DEL VH1 EL CUAL DESISTE Y MANIFIESTA NO REQUERIR QUE EL AGENTE DE TRANSITO INICIE Y RECONOZCA EL ACCIDENTE DEL QUE POR VERSION DEL MISMO CONDUCTOR AL PARECER SE INVOLUCRA UN TAXI EL CUAL SE DIO A LA FUGA EN EL MOMENTO DE ATENDER ;139;IMPERICIA EN EL MANEJO
1102;3102;12/29/2023 8:00 PM;HERIDOS;CHOQUE;VEHICULO;-74,14958829;4,658684073;9;;2;SE DEJA CONSTANCIA QUE DE ACUERDO A UNOS POSIBLES TESTIGOS QUE INICIALMENTE NO APORTAN DATOS MANIFESTARON QUE LA PLACA DEL VEHICULO QUE SE DIO A LA FUGA ES AAC651;157;OTRA HIPÓTESIS (CONDUCTOR)
1103;3103;12/29/2023 7:57 PM;HERIDOS;ATROPELLO;;-74,07616866;4,643553644;13;;1;A LA PEATON SE LE SOLICITA PRUEBA DE EMBRIAGUEZ EN LA CLINICA SE ACLARA Y CORRIJO SU CODIFICACION HIPOTESIS 411 AL PEATON ACOMPAÑADO DEL ARTICULO 59 CNT LA PEATON TIENE 71 AÑOS DE EDAD;157;OTRA HIPÓTESIS (CONDUCTOR)
1104;3104;12/29/2023 7:39 PM;MUERTOS;ATROPELLO;;-74,0627536;4,708113407;11;1;1;NO SE DIAGRAMA VH 1 FUE MOVIDO DEL PUNTO INICIAL DEL HECHO HIPOTESIS PARA VH1 157 ART 55 LEY 769 2002 HIPOTESIS PEATON 411 ART 55 LEY 769 2002;157;OTRA HIPÓTESIS (CONDUCTOR)
1105;3105;12/29/2023 6:30 PM;HERIDOS;ATROPELLO;;-74,11154432;4,571246382;18;;2;LA CIUDADANA LESIONADA GLADYS JUDITH BUSTOS ZAMUDIO DE CC 51966268 DESISTE DE INTERPONER QUERELLA RESOLUCION 01670 Y 03922 Y CIRCULAR 001 25 05 2017 EN EL LUGAR LLEGA UN ACUERDO CON EL MOTOCICLISTA ;157;OTRA HIPÓTESIS (CONDUCTOR)
1106;3106;12/29/2023 5:40 PM;HERIDOS;VOLVAMIENTO;;-74,2058119;4,613151028;7;;2;SE MODIFICA N 5 CLASE DE ACCIDENTE SIENDO VOLCAMIENTO SE DEJA LA OBSERVACION QUE AL LLEGAR AL LUGAR DE LOS HECHOS LA MOTOCICLETA INVOLUCRADA NO SE ENCUENTRA EN EL LUGAR DE LOS HECHOS SE NOTIFICA 3 ORDENES DE COMPARENDO N 11001000000039585782 39587018 39587500 39587502;139;IMPERICIA EN EL MANEJO
1107;3107;12/29/2023 5:25 PM;HERIDOS;CAIDA;;-74,07312302;4,606272029;3;;1;NOTA SE CORRIJE N DE INCIDENTE ENVIADO POR LA CENTRAL SIENDO 357849;119;FRENAR BRUSCAMENTE
1108;3108;12/29/2023 4:59 PM;HERIDOS;CHOQUE;VEHICULO;-74,07750038;4,600940958;3;;1;ACLARA EL INFORME LOS DATOS DEL CONDUTOR DEL VEHICULO 1 CASILLA 8 1 HOSPITAL Y DESCRIPCION DE LESIONES EL CONDUCTOR ES REMITIDO A MEDICINA LEGAL PARA PRUEBA DE EMBRIAGUEZ ;121;NO MANTENER DISTANCIA DE SEGURIDAD
1109;3109;12/29/2023 4:40 PM;HERIDOS;CHOQUE;VEHICULO;-74,11266112;4,513921869;5;;2;SE REALIZA COMPARENDO AL CONDUCTOR VH2 N 39587225 INFRACCCION D04 ;112;DESOBEDECER SEÑALES O NORMAS DE TRANSITO
1110;3110;12/29/2023 4:32 PM;HERIDOS;CHOQUE;VEHICULO;-74,14015142;4,683416993;9;;1;NO SE RADICA ANTE FISCALIA GENERAL DE LA NACION YA QUE LA PERSONA LESIONADA MANIFIESTA VOLUNTARIAMENTE DESISTIR DEL PROCEDIMIENTO DE TRANSITO NO DESEA FIRMAR QUERELLA RESOLUCIONES 01670 Y 03922 DE 2016 Y CIRCULAR N 001 DEL 25052017 CORRIJO FECHA Y HORA DE OCURRENCIA SIENDO 29122023 1632;112;DESOBEDECER SEÑALES O NORMAS DE TRANSITO
1111;3111;12/29/2023 3:45 PM;DANOS;CHOQUE;VEHICULO;-74,12001339;4,585573137;18;;;CORRIJE PROPIETARIO VH1 SEYER DRIGELIO ESPITIA RODRIGUEZ CC19062630 CONDUCTOR TIENE LICENCIA ANTIGUA SIN AUTUALIZAR CONDUCTOR DEL VH1 HACE CASO OMISO A LA SEÑAL DE PARE NO FIRMA QUERELLA DESISTE DE PROCEMIENTO DE TRANSITO Y FISCALIA SE REALIZA UN VOIDEO COMO PRUEBA FIRMA HERMANO YUBER CAMPO CC100729;139;IMPERICIA EN EL MANEJO
1112;3112;12/29/2023 3:35 PM;HERIDOS;VOLVAMIENTO;;-74,08864764;4,611276888;14;;1;VEHICULO 1 BICICLETA ELECTRICA CON NUMERO DE MOTOR W16032644 Y NUMERO DE CHASIS 1316216032644 EL CONDUCTOR MANIFIESTA LIBRE Y VOLUNTARIAMENTE NO QUIERE QUE SE CONOZCA EL CASO CON FISCALIA ;303;SUPERFICIE LISA
1113;3113;12/29/2023 3:30 PM;HERIDOS;CHOQUE;VEHICULO;-74,09564016;4,691649228;10;;2;ACLARA V1 1 LA CARRERA Y VIA 2 LA CALLE Y UTILIZACION VIA 2 UN SENTIDO;112;DESOBEDECER SEÑALES O NORMAS DE TRANSITO
1114;3114;12/29/2023 2:20 PM;HERIDOS;CHOQUE;VEHICULO;-74,1099645;4,687608641;10;;2;CONDUCTOR DEL VH2 NO HA OBTENIDO LICENCIA DE CONDUCCION SE REALIZA COMPARENDO POR INFRACCION D01 N 11001000000039521710;139;IMPERICIA EN EL MANEJO
1115;3115;12/29/2023 2:09 PM;HERIDOS;CHOQUE;VEHICULO;-74,13068322;4,617479444;8;;2;SE CORRIGE CASILLA 10 ACOMPAÑANTE NO ES PASAJERO Y CONDUCTOR  ACOMPAÑANTE  Y CONDUCTOR MANIFIESTA DE MANERA VOLUNTARIA NO INTERPONER QUERELLA;157;OTRA HIPÓTESIS (CONDUCTOR)
1116;3116;12/29/2023 12:25 PM;HERIDOS;ATROPELLO;;-74,19058097;4,603093176;7;;1;SE CORRIGE CASILLA 9 NOMBRE DEL PEATON AENGIE GABRIELA BONILLA ALVAREZ SE CORRIGE N DE POLIZA DEL SEGURO CONTRACTUAL N 2000323114 NO SE DIAGRAMA EL VEHICULO N 1 YA QUE FUE MOVIDO DEL PUNTO DE IMPACTO O POSICION FINAL;139;IMPERICIA EN EL MANEJO
1117;3117;12/29/2023 11:46 AM;DANOS;CHOQUE;OBJETO;-74,09321544;4,56026016;4;;;PROPIETARIA DE LA VIVIENDA AFECTADA DE NOMENCLATURA 2 A 28 SUR LA SEÑORA ANA CECILIA TORRES HUERTAS CC52014216 TEL3134448204 REASULTA AFECTADO PORTON Y FRENTE DE LA VIVIENDA DENTRO DE LA VIVIENDA SE ENCUENTRA UN VEHICULO DE PLACAS DZZ271 RESPONSABLE JHON GRANADOS CC1023931968 TEL3186876123 AFECTADO;157;OTRA HIPÓTESIS (CONDUCTOR)
1118;3118;12/29/2023 9:30 AM;HERIDOS;CAIDA;;-74,06580327;4,760433166;11;;1;CORRIJE FECHA VENCIMIENTO DE SEGURO EXTRACONTRACTUAL 29 06 2024 NO SE LOGRA AVERIGUAR FECHA DE NACIMIENTO DEL PASAJERO ;145;ARRANCAR SIN PRECAUCION
1119;3119;12/29/2023 8:20 AM;HERIDOS;CHOQUE;VEHICULO;-74,08625478;4,583049444;4;;2;CORRIJO CASILLA 82 VEHICULO 1 MATRICULADO EN BOGOTA CORRIJO CASILLA 82 VEHICULO 2 NQD56G;112;DESOBEDECER SEÑALES O NORMAS DE TRANSITO
1120;3120;12/29/2023 7:00 AM;HERIDOS;CHOQUE;VEHICULO;-74,18788803;4,623032289;7;;3;SE NOTIFICA ORDEN DE COMPARENDO AL CONDUCTOR DEL VEHICULO 2 POR PRESTAR UN SERVICIO INFORMAL NUMERO DE COMPARENDO 39586909;157;OTRA HIPÓTESIS (CONDUCTOR)