CODIGO_ACCIDENTE;FORMULARIO;FECHA;GRAVEDAD;CLASE;CHOQUE;LONGITUD;LATITUD;CODIGO_LOCALIDAD;TOTAL_MUERTOS;TOTAL_HERIDOS;TEXTO_OBSERVACIONES;CODIGO_CAUSA;DESCRIPCION
1121;3121;12/29/2023 1:45 AM;MUERTOS;CHOQUE;OBJETO;-74,11623416;4,591770569;15;1;;DATOS OBTENIDOS DEL SISTEMA RUNT DE LA  COMPARENDERA DE IGUAL MANERA SE DEJA CONSTANCIA QUE EL ACCIDENTE ES CONOCIDO COMO CHOQUE CON OBJETO FIJO AL MOMENTO NO ES POSIBLE CONTACTAR UN FAMILIAR PARA INFORMAR LOS HECHOS LA MOTOCICLETA ES INMOVILIZADA COMPARENDO 39585558 EL CONDUCTOR SE TRASLADA AL HOSP;157;OTRA HIPÓTESIS (CONDUCTOR)
1122;3122;12/29/2023 1:15 AM;HERIDOS;CHOQUE;;-74,13131353;4,60525408;16;;1;SE DEJA CONSTANCIA QUE EN EL EVENTO SE CONOCE COMO CHOQUE PERO NO SE LOGRA ESTABLECER CONTRA QUE O CONTRA QUIEN  YA QUE EL VEHICULO SE UBICA SOLO EN LA VIA Y EL CONDUCTOR HABIA SIDO TRASLADADO EN DELICADO ESTADO DE SALUD POSTERIORMENTE FUE INGRESADO INCONSIENTE A LA UCI ;157;OTRA HIPÓTESIS (CONDUCTOR)
1123;3123;29/12/2023;DANOS;CHOQUE;VEHICULO;-74,12017835;4,724069307;10;;;115 EMBRIAGUEZ O SUSTANCIAS ALUCINOGENAS CUANDO SE HA LLEVADO A CABO LA PRUEBA Y SE CONSTATA EL ESTADO DE BEODEZ GRADO 1;115;EMBRIAGUEZ O SUSTANCIAS ALUCINOGENAS
1124;3124;12/28/2023 11:45 PM;HERIDOS;CHOQUE;VEHICULO;-74,03188137;4,738164405;1;;1;SE DEJA CONSTANCIA QUE LA CONDUCTORA DE LA BICICLETA LESIONADA MANIFESTANDO NO INTERPONER QUERELLA EN EL MOMENTO;146;REALIZAR GIRO EN “U”
1125;3125;12/28/2023 10:30 PM;HERIDOS;CHOQUE;VEHICULO;-74,06749462;4,673658239;12;;3;ES DE ANOTAR QUE NO SE DIAGRAMA LA MOTOCICLETA N 1 YA QUE FUE MOVIDA DEL LUGAR DE LOS HECHOS EN SU POSICION FINAL CUANDO SOCORRIERON AL LESIONADO CONDUCTOR 2 MOTOCICLISTAS;157;OTRA HIPÓTESIS (CONDUCTOR)
1126;3126;12/28/2023 7:05 PM;HERIDOS;ATROPELLO;;-74,15458036;4,59993035;7;;1; EL VEHICULO FUE MOVIDO DEL LUGAR DE LOS HECHOS LA SEÑORA NORALBA NAVARRO LOZANO CON CC 23911808 NO INTERPONE QUERELLA CONTRA EL SEÑOR JOSE BENIGNO IZQUIERDO CON CC 15932732 QUE LE OCACIONA LAS LESIONES;157;OTRA HIPÓTESIS (CONDUCTOR)
1127;3127;12/28/2023 6:19 PM;HERIDOS;CHOQUE;VEHICULO;-74,07613514;4,60868891;3;;1;LA LESIONADA ES VALORADA Y TRASLADADA A LA CLINICA SANTA JULIANA POR LA AMBULANCIA 6117 SE LE INFORMA EL PROCEDIMIENTO Y NIEGA FIRMAR LA QUERELLA AFIRMANDO LLEGAR A UN ACUERDO MONETARIO CON LA CONDUCTORA DEL VEHICULO N 1 POR TAL RAZON NO SE RADICA EL CASO POR FISCALIA;142;SEMAFORO EN ROJO
1128;3128;12/28/2023 5:40 PM;HERIDOS;CAIDA;;-74,08794893;4,584640042;4;;1;LA SEÑORA MARIA ELENA BELTRAN REYES DE CC 51814592 NO DESEA QUERELLAR POR TAL MOTIVO NO SE CONOCE EL CASO POR FISCALIA;506;OTRA HIPÓTESIS (PASAJERO O ACOMPAÑANTE)
1129;3129;12/28/2023 5:25 PM;HERIDOS;CHOQUE;VEHICULO;-74,1854955;4,627073246;7;;2;CORRECION CASILLA 9 VICTIMA NO APLICA SE REALIZA ORDEN DE COMPARENDO 39529397 INFRACCION D02 Y ORDEN DE COMPARENDO 39529458 INFRACION C35 AL VEHICULO N 1;121;NO MANTENER DISTANCIA DE SEGURIDAD
1130;3130;12/28/2023 4:07 PM;HERIDOS;CAIDA;;-74,14489088;4,531495728;19;;1;SE PRESENTA COMO LA MAMA DEL MENOR LA SEÑORA VIVIAN JULIETTE VELASCO RUIZ CC 52750167;506;OTRA HIPÓTESIS (PASAJERO O ACOMPAÑANTE)
1131;3131;12/28/2023 3:20 PM;HERIDOS;CHOQUE;VEHICULO;-74,05160097;4,722331792;1;;2;CORRIJE CASILLA N 8 VH2 CLASE DE SERVICIO PARTICULAR Y CASILLA 8 2 FECHA DE VENCIMIENTO DE SOAT VEHICULO 1  16 11 2024;157;OTRA HIPÓTESIS (CONDUCTOR)
1132;3132;12/28/2023 11:20 AM;HERIDOS;CHOQUE;VEHICULO;-74,11832092;4,688592392;10;;3;CORRIJO CASILLA 82 QUE A NUMERO DE POLIZA DEL VH1 ES 85009827 CON FECHA DE VENCIMIENTO 28012024 SE CORRIJE COSILLA 82 QUE LA CEDULA DEL PROPIETARIO DEL VH2 CC 59646548;103;ADELANTAR CERRANDO
1133;3133;12/28/2023 9:50 AM;HERIDOS;CHOQUE;VEHICULO;-74,07147882;4,711286439;11;;2;ORDEN DE COMPARENDO NUMERO 39530525 AL VH2 POR LA B02 LICENCIA DE CONDUCCION VENCIDA ;103;ADELANTAR CERRANDO
1134;3134;12/28/2023 9:45 AM;HERIDOS;CHOQUE;VEHICULO;-74,14274512;4,564342915;19;;2;ES DE NOTAR QUE LA CARRERA 20B TIENE SEÑAL DE PARE PERO FUE HURTADA O ROBADA Y NO SE ENCUENTRA POR TAL MOTIVO NO SE ENCUENTRA LA MOTOCICLETA FUE MOVIDA DE SU POSICION FINAL;132;NO RESPETAR PRELACION
1135;3135;12/28/2023 9:37 AM;HERIDOS;CHOQUE;VEHICULO;-74,11318449;4,621922793;16;;2;SE LE NOTIFICA ORDEN DE COMPARENDO N 39532231 POR LA INFRACCION D01 AL CONDUCTOR DEL VH2;139;IMPERICIA EN EL MANEJO
1136;3136;12/28/2023 9:07 AM;HERIDOS;ATROPELLO;;-74,16827572;4,635987867;8;;2;SE CORRIGE CASILLA 3 DIRECCION CALE 40B SUR N 87I 27 NO SE DIAGRAMA LA MOTOCICLETA YA QUE FUE MOVIDA DEL PUNTO DE IMPACTO O POSICION FINAL;157;OTRA HIPÓTESIS (CONDUCTOR)
1137;3137;12/28/2023 8:00 AM;HERIDOS;CHOQUE;VEHICULO;-74,08672718;4,620102146;14;;3;CORRIJO PLACA VEHICULO 1 SIENDO CORRECTO ENF50D;121;NO MANTENER DISTANCIA DE SEGURIDAD
1138;3138;12/28/2023 6:40 AM;HERIDOS;CHOQUE;VEHICULO;-74,19588606;4,620853301;7;;1;CONDUCTOR DEL VEHICULO 1 MANIFIESTA LIBREMENTE QUE UN MICROBUS DE COLOR BLANCO DE PLACAS FEC940 LO COLISIONO Y SE DIO A LA FUGA LESIONADA 1 MANIFIESTA DE FORMA LIBRE Y VOLUNTARIA NO FIRMAR QUERELLA NI REQUERIR NINGUN PROCEDIMIENTO DE TRANSITO RESOLUCION N 01670 Y 03922 DEL 2016 CIRCULAR 001 DEL 25 0;157;OTRA HIPÓTESIS (CONDUCTOR)
1139;3139;12/28/2023 4:00 AM;HERIDOS;VOLVAMIENTO;;-74,12431163;4,673230487;10;;1;SE CONOCE EL EVENTO COMO AUTOLESIONES YA QUE EL CONDUCTOR PRESENTO HERIDAS DE GRAVEDAD ;304;SUPERFICIE HUMEDA
1140;3140;12/28/2023 1:20 AM;HERIDOS;CHOQUE;VEHICULO;-74,14742959;4,590420399;6;;4;CORRIJO CASILLA 8 2 SI TIENE CONTRACTUAL Y EXTRACONTRACTUAL;122;GIRAR BRUSCAMENTE
1141;3141;28/12/2023;HERIDOS;CHOQUE;VEHICULO;-74,12735862;4,706095169;10;;1;SE DEJA CONSTANCIA QUE EL VEHICULO N2 SE EVADE DEL LUGAR DE LOS HECHOS;121;NO MANTENER DISTANCIA DE SEGURIDAD
1142;3142;12/27/2023 10:31 PM;HERIDOS;CHOQUE;VEHICULO;-74,10583121;4,695937062;10;;1;CONDUCTORA DE LA BICICLETA MANIFIESTA NO LLEVAR CASCO DE PROTECCION NI CHALECO REFLECTIVO AL MOMENTO DEL SINIESTRO VIAL;157;OTRA HIPÓTESIS (CONDUCTOR)
1143;3143;12/27/2023 10:30 PM;HERIDOS;CHOQUE;VEHICULO;-74,15050475;4,595544345;19;;2;SE CORRIGE CASILLA 8 1 SIENDO CORRECTO DANIEL GUSTAVO MURCIA BAUTISTA CON CC 1000726926 SE ESPECIFICA QUE EL DISEÑO DE LA VIA ES TRAMO DE VIA EN LA CUAL LA CICLOVIA ESTA SOBRE EL ANDEN Y EL SINIESTRO OCURRE EN EL INGRESO A UNA ESTACION DE SERVICIO;157;OTRA HIPÓTESIS (CONDUCTOR)
1144;3144;12/27/2023 10:15 PM;HERIDOS;CAIDA;;-74,16768735;4,639198976;8;;1;CORRIJE CASILLA 4 FECHA Y HORA LEVANTAMIENTO 27 12 2023;506;OTRA HIPÓTESIS (PASAJERO O ACOMPAÑANTE)
1145;3145;12/27/2023 8:30 PM;HERIDOS;CHOQUE;VEHICULO;-74,17079163;4,691998083;9;;4;DEJA CONSTANCIA QUE EL MOMENTO DE LLEGAR AL SITIO NO SE ENCUENTRA BICICLETAS DE LOS CONDUCTORES Y LA MOTOCICLETA SE ENCUENTRA AL LADO DEL SEPARADOR DE LA VIA;157;OTRA HIPÓTESIS (CONDUCTOR)
1146;3146;12/27/2023 8:10 PM;DANOS;CHOQUE;VEHICULO;-74,1111617;4,569682534;18;;;SE REALIZA COMPARENDO AL CONDUCTOR DEL VEHICULO  N1 POR LA B01 39532492 Y POR LA F 39578955 SE CORRIJE DIRECCION CONDUCTOR VH1 CRA 5 1B N 49A 17 ;121;NO MANTENER DISTANCIA DE SEGURIDAD
1147;3147;12/27/2023 8:00 PM;HERIDOS;ATROPELLO;;-74,08979563;4,517098377;5;;1;SE REALIZA ORDEN DE COMPARENDO AL CONDUCTOR N 1INFRACCION D02 COMPARENDO N 039532434;157;OTRA HIPÓTESIS (CONDUCTOR)
1148;3148;12/27/2023 8:00 PM;HERIDOS;CHOQUE;VEHICULO;-74,09331469;4,538422238;4;;1;VEHICULO N 2 ADELANTAR INVADIENDO CARRIL DE SENTIDO CONTRARIO CORRIJO HORA OCURRENCIA 20 00 HORAS LEVANTAMIENTO 21 30 CORRIJO CASILLA N 5 CLASE DE ACCIDENTE ES CHOQUE;104;ADELANTAR INVADIENDO CARRIL DE SENTIDO CONTRARIO
1149;3149;12/27/2023 7:40 PM;HERIDOS;CHOQUE;VEHICULO;-74,11574753;4,673457255;10;;1;EL CONDUCTOR LESIONADO APORTA LA PLACA MPR331 QUIEN MANIFIESTA QUE EL VEHICULO DE ESA PLACA LO CHOCA Y SE DA A LA FUGA;103;ADELANTAR CERRANDO
1150;3150;12/27/2023 6:55 PM;HERIDOS;CAIDA;;-74,16795788;4,630186492;8;;1;PASAJERA MANIFIESTA NO INTERPONER QUERELLA CIRCULAR N 001 DEL 25 05 2017 NO SE INMOVILIZAN VEHICULOS SE EXPLICA A LAS PARTES PROCEDIMIENTO A SEGUIR;506;OTRA HIPÓTESIS (PASAJERO O ACOMPAÑANTE)
1151;3151;12/27/2023 5:15 PM;HERIDOS;CHOQUE;VEHICULO;-74,08332457;4,625281575;13;;2;SE DEJA CONSTANCIA QUE EL NUMERO DE LA POLIZA DE VEHICULO 1 ES 100410686770100;157;OTRA HIPÓTESIS (CONDUCTOR)
1152;3152;12/27/2023 4:54 PM;HERIDOS;CHOQUE;VEHICULO;-74,08523587;4,581097477;4;;2;SE CORRIGE CASILLA 8 2 PROPIETARIO DEL VEHICULO N 1 YA QUE EL CORRECTO ES ROSAS LOPEZ BRYAN CAMILO CC 1014216755;112;DESOBEDECER SEÑALES O NORMAS DE TRANSITO
1153;3153;12/27/2023 4:00 PM;MUERTOS;ATROPELLO;;-74,19760702;4,62045371;7;1;1;HIPOTESIS PEATON 411 EN CONCORDANCIA CON EL ART 57 Y 59 DEL CNT;157;OTRA HIPÓTESIS (CONDUCTOR)
1154;3154;12/27/2023 3:00 PM;DANOS;CHOQUE;OBJETO;-74,1191501;4,490543507;5;;;AL CAER EL POSTE CAUSA DAÑOS FACHADA DEL LAVADERO AUTOLAVADO BRAZUELOS RESPONSABLE DEL MISMO SR  FREDDY ARTURO OLIVARES CALDERON CON CC 79727838 CEL 3124529415 SE REALIZA ORDEN DE COMPARENDO N 39585058 INFRACCION D01 CORRIJO CASILLA 8 1 VENCIMIENTO LICENCIA DE CONDUCCION 30 12 2025;157;OTRA HIPÓTESIS (CONDUCTOR)
1155;3155;12/27/2023 2:03 PM;DANOS;CHOQUE;VEHICULO;-74,12028698;4,65667192;9;;;SE DEJA CONSTANCIA QUE EL SEÑOR LUIS ANDRES RAMIREZ PADRE DEL MENOR SEBASTIAN SANCHEZ DIAZ CON TI 1016731628 DESISTE DEL TRASLADO Y PROCEDIMIENTO DE TRANSITO EN EL ACCIDENTE DE LOS VEHICULOS MENCIONADOS EN EL INFORME DE ACCIDENTE DE TRANSITO ACLARO CASILLA N2 SOLO DAÑOS GRAVEDAD DE LA VICTIMA VH2 IL;121;NO MANTENER DISTANCIA DE SEGURIDAD
1156;3156;12/27/2023 1:05 PM;HERIDOS;CHOQUE;VEHICULO;-74,13586025;4,609294643;8;;1;NO SE DIAGRAMA EL VEHICULO NUMERO 1 YA QUE FUE MOVIDO DEL PUNTO DE IMPACTO O  POSICION FINAL ;121;NO MANTENER DISTANCIA DE SEGURIDAD
1157;3157;12/27/2023 12:30 PM;HERIDOS;ATROPELLO;;-74,08711074;4,56432821;4;;2;CONDUCTOR VH1 NO PRESENTA LICENCIA DE TRANSITO CORRIJO CASILLA 8 EL CONDUCTOR NO PRESENTA LICENCIA MANIFIESTA NUNCA HABERLA SACADO CONDUCTOR VH1 SE REALIZA COMPARENDO 39585006 POR C35 39585010 POR D02 39585420 POR D01 AL CONDUCTOR VH1 CORRIJO DIRECCION CASILLA 3 CRA 5 ESTE CON CALLE 27A SUR;139;IMPERICIA EN EL MANEJO
1158;3158;12/27/2023 12:28 PM;MUERTOS;CHOQUE;VEHICULO;-74,11793334;4,63688213;16;1;;SE CORRIGE FECHA EVENTO 27 12 2023 EL VEHICULO N3 MOTOCICLETA MARCA HERO LINEA ECO 100 2020 COLOR NEGRO PLACA GHZ75F PRESENTA REVISION TECNOMECANICA NO VIGENTE DESDE 16 11 2022 IGUALMENTE EL SEÑOR CONDUCTOR DEL VH3 NUNCA A TENIDO LICENCIA DE CONDUCCION PARA MOTOCICLETA SOAT NO VIGENTE 17 12 2022;139;IMPERICIA EN EL MANEJO
1159;3159;12/27/2023 10:41 AM;HERIDOS;CHOQUE;VEHICULO;-74,05968515;4,664355101;2;;2;CORRIJO GRAVEDAD DEL ACCIDENTE SIENDO CON HERIDOS NINGUNO DE LOS 2 CONDUCTORES NI TRIPULANTE FIRMAN QUERELLA NI DESEAN QUE EL CASO SEA CONOCIDO POR FISCALIA DESISTIENDO DEL PROCEDIMIENTO;112;DESOBEDECER SEÑALES O NORMAS DE TRANSITO
1160;3160;12/27/2023 8:56 AM;HERIDOS;CHOQUE;VEHICULO;-74,16945858;4,577048238;19;;1;LA SEÑORA MADRE DEL CONDUCTOR DE LA MOTOCICLETA SEÑORA MARIA YUDY CRUZ JUANIAS  CC 65830120 MANIFIESTA NO INTERPONER QUERELLA EN CONCORDANCIA CON RESOLUCION 01670;104;ADELANTAR INVADIENDO CARRIL DE SENTIDO CONTRARIO
1161;3161;12/27/2023 7:49 AM;HERIDOS;CHOQUE;VEHICULO;-74,16871963;4,648927167;8;;5;SE REALIZA OREDEN COMPARENDO CONDUCTOR N 1 39584849 POR D01 EL VH2 ES UNA BICICLETA ELECTRICA CORRIJO CASILLA 7 2 VIA 1 DOBLE SENTIDO;139;IMPERICIA EN EL MANEJO
1162;3162;12/27/2023 7:30 AM;HERIDOS;CHOQUE;VEHICULO;-74,09341124;4,555549053;4;;3;SE CORRIJE ASEGURADORA DEL VH1 SEGUROS COMERCIALES BOLIVAR SA Y FECHA DE VENCIMIENTO 31032024;157;OTRA HIPÓTESIS (CONDUCTOR)
1163;3163;12/27/2023 6:15 AM;HERIDOS;CHOQUE;VEHICULO;-74,09950254;4,550487655;4;;2;HIPOTESIS DE ACCIDENTALIDAD VH1 N 121 NO MANTENER DISTANCIA DE SEGURIDAD;121;NO MANTENER DISTANCIA DE SEGURIDAD
1164;3164;12/26/2023 10:10 PM;HERIDOS;CHOQUE;VEHICULO;-74,07372651;4,594823814;17;;2;TELEFONO DE RUBY COBOS 3124043957;112;DESOBEDECER SEÑALES O NORMAS DE TRANSITO
1165;3165;12/26/2023 8:46 PM;HERIDOS;CHOQUE;VEHICULO;-74,13483662;4,6299138;8;;1;EL CIUDADANO LESIONADO SEÑOR TELLEZ SUAREZ BRYAN CAMILO CC 1193558996 MANIFIESTA LIBRE Y VOLUNTARIAMENTE NO INTERPONER QUERELLA POR LAS LESIONES SUFRIDAS EN EL ACCIDENTE DE TRANSITO RES 01670 Y 03922 DEL 2016 Y CIRCULAR 001 DEL 25 05 2017 DE IGUAL FORMA SE DEJA CONSTANCIA QUE HUBO UN TERCER VEHICULO;121;NO MANTENER DISTANCIA DE SEGURIDAD
1166;3166;12/26/2023 6:49 PM;HERIDOS;CHOQUE;VEHICULO;-74,09072904;4,560286897;4;;3;LINEA DE PARE SEÑAL HORIZONTAL LESIONADOS Y FAMILIARES MANIFIESTAN NO INTERPONER QUERELLA EN EL MOMENTO ANTE FISCALIA CIRCULAR 001 DEL 25 05 2017;112;DESOBEDECER SEÑALES O NORMAS DE TRANSITO
1167;3167;12/26/2023 5:50 PM;HERIDOS;CHOQUE;VEHICULO;-74,15522007;4,630649;8;;2;CONDUCTORES MANIFIESTAN QUE HUBO UN TERCER VEHICULO QUE CHOCA CON LA MOTO Y SE DA A LA FUGA UN AUTOMOVIL ROJO NO HAY PLACA;157;OTRA HIPÓTESIS (CONDUCTOR)
1168;3168;12/26/2023 5:34 PM;HERIDOS;ATROPELLO;;-74,14065836;4,576902524;6;;2;HORA LEVANTAMIENTO 17 47 ;157;OTRA HIPÓTESIS (CONDUCTOR)
1169;3169;12/26/2023 5:12 PM;HERIDOS;CAIDA;;-74,17955441;4,598405077;7;;1;SE CORRIGE CASILLA NUMERO 3 LA CUAL QUEDA ASI AUTOPISTA SUR CON CALLE 63 SUR SIENDO ORIENTE OCCIDENTE PASAJERA MANIFIESTA NO INTERPONER QUERELLA LOS REPRESENTANTES DEL BUS DE LA EMPRESA ETIB LE HACEN ENTREGA DE 50 MIL PESOS EN EFECTIVO;506;OTRA HIPÓTESIS (PASAJERO O ACOMPAÑANTE)
1170;3170;12/26/2023 5:10 PM;DANOS;CHOQUE;VEHICULO;-74,18316466;4,596799593;7;;;ES DE ANOTAR QUE LA AMBULANCIA TRANSITA CON PERMISO POR LA CALZADA EXCLUSIVA TRANSMILENIO Y CON OCUPANTES QUIEN MANIFIESTAN QUE SE SIENTEN BIEN EL SEÑOR HERNANDO FICHAS CC 80559604 DIEGO FICHAS  TI 1016722424 SOFIA ATUESTA CC 1020835253 EMILCE BOLIVAR CC 39668476 DE IGUAL MENERA UNA FEMENINA QUE TRA;157;OTRA HIPÓTESIS (CONDUCTOR)
1171;3171;12/26/2023 4:50 PM;HERIDOS;CHOQUE;VEHICULO;-74,14958877;4,646595972;8;;1;SE CORRIGE N DE PLACA DE QUIEN CONOCE EL EVENTO ES LA 132 AG PEDRO BELTRAN;304;SUPERFICIE HUMEDA
1172;3172;12/26/2023 3:31 PM;HERIDOS;CHOQUE;VEHICULO;-74,08958105;4,616746903;14;;2;CORRIJE DATOS DEL VH2 MARIO ALFONSO MARTINEZ GUALTEROS CC 1030643525 FECHA DE NACIMIENTO 02 06 1994 HERIDO CATEGORIA A2 VENCIMIENTO 15 03 2026 PLACA DE MOTO AJW35F SE REALIZA COMPARENDO AL CONDUCTOR DEL VH1 POR REVISION TECNOMECANICA 39583007 LICENCIA DE CONDUCCION VENCIDA 39548274;103;ADELANTAR CERRANDO
1173;3173;12/26/2023 1:15 PM;HERIDOS;CHOQUE;VEHICULO;-74,08006994;4,629028885;13;;1;SE DEJA CONSTANCIA QUE EL SEÑOR CAMILO ALFONSO GARCIA VILLAMIL DE CC1032451905 CONDUCTOR DEL VH2 NO DESEA INTERPONER QUERELLA CONTRA EL OTRO CONDUCTOR INVOLUCRADO VH1;98;TRANSITAR ENTRE VEHICULOS
1174;3174;12/26/2023 12:40 PM;HERIDOS;CHOQUE;VEHICULO;-74,11095289;4,65370449;9;;2;EL VEHICULO 2 LO MUEVEN DE SU POSICION FINAL DESCONOCIENDO LOS MOTIVOS ;122;GIRAR BRUSCAMENTE
1175;3175;12/26/2023 11:39 AM;HERIDOS;CHOQUE;VEHICULO;-74,04967514;4,730105134;1;;2;SE CORRIGE CASILLA 84 DE VEHICULO N2 SIENDO ESTA CLASE DE SERVICIO OFICIAL;103;ADELANTAR CERRANDO
1176;3176;12/26/2023 8:47 AM;HERIDOS;CHOQUE;VEHICULO;-74,1672994;4,591473799;6;;1;CORRIJO CASILLA N3 ES CALLE 61 SUR CON CARRERA 72 HIPOTESIS DE ACCIDENTALIDAD VH2 N 098 TRANSITAR ENTRE VEHICULOS VH3 N 157 OTRO VEHICULO EN FUGA VH3 SE OBTIENE PLACA MEDIANTE EVIDENCIA FOTOGRAFICA WPL580 CASILLA 82 ANEXO VH3 NO SE DILIGENCIA EMPRESA NIT DEBIDO A QUE SE DIO A LA FUGA LOS DEMAS DATOS;157;OTRA HIPÓTESIS (CONDUCTOR)
1177;3177;12/26/2023 8:20 AM;HERIDOS;ATROPELLO;;-74,13656933;4,594497636;6;;1;HIPOTESIS DE ACCIDENTALIDAD VH1 N157 VEHICULO EN FUGA NO SE DILIGENCIA CASILLA 8 82 TARJETA DE REGISTRO 89 DEBIDO A QUE EL VEHICULO SE DIO A LA FUGA LOS DATOS OBTENIDOS DEL RUNT Y POR VIDEOS DEL LUGAR DE LOS HECHOS ;157;OTRA HIPÓTESIS (CONDUCTOR)
1178;3178;12/26/2023 8:00 AM;HERIDOS;VOLVAMIENTO;;-74,10907803;4,624224661;16;;1;SE CORRIGE CASILLA 8 2 SEGURO CONTRACTUAL NO APLICA SE CORRIGE CASILLA 3 CRA 50 CON CALLE 3F 98 NOTA NO SE DIAGRAMA EL VEHICULO 1 YA QUE FUE MOVIDO DE SU POSICION FINAL NOTA CASO QUE LLEGA POR RECONOCIMIENTO HOSPITALARIO;308;OTRA HIPÓTESIS (VÍA)
1179;3179;12/26/2023 7:00 AM;HERIDOS;CHOQUE;VEHICULO;-74,14518324;4,593663475;6;;2;VEHICULOS MOVIDOS DE LA POSICION FINAL ;157;OTRA HIPÓTESIS (CONDUCTOR)
1180;3180;12/26/2023 6:30 AM;HERIDOS;CHOQUE;VEHICULO;-74,16998831;4,62898611;8;;1;SE CORRIJE CASILLA 8 1 DEL VEHICULO 1 SEXO FEMENINO CASILLA 8 2 DEL VEHICULO 2 TECNOMECANICA N 163849156;103;ADELANTAR CERRANDO
1181;3181;12/26/2023 5:34 AM;DANOS;CHOQUE;VEHICULO;-74,15695144;4,569598059;19;;;HIPOTESIS DE ACCIDENTALIDAD VEHICULO N 2 NUMERO 112 DESOBEDECER SEÑALES O NORMAS DE TRANSITO  SR 02 VEHICULO EN ABANDONO SE DEJA A DISPOSICION DE LA OFICINA OAC DE LA POLICIA SECCIONAL DE TRANSITO Y TRANSPORTE BOGOTA LICENCIA DE TRANSITO  10013848581 Y TARJETA DE OPERACION 2616113 MEDIANTE OFICIO;157;OTRA HIPÓTESIS (CONDUCTOR)
1182;3182;12/25/2023 10:05 PM;HERIDOS;CHOQUE;VEHICULO;-74,10847453;4,588693248;16;;4;SE CORRIJE TELEFONO CONDUCTOR DEL VEHICULO 2   3212961766;122;GIRAR BRUSCAMENTE
1183;3183;12/25/2023 9:19 PM;HERIDOS;CHOQUE;VEHICULO;-74,10158662;4,596665914;14;;2;ACLARO NOMBRE DE ACOMPAÑANTE ESLY ALEJANDRA;122;GIRAR BRUSCAMENTE
1184;3184;12/25/2023 9:10 PM;HERIDOS;CHOQUE;VEHICULO;-74,18742535;4,620187698;7;;3;LOS VEHICULOS FUERON MOVIDOS DE SU POSICION FINAL POR TAL MOTIVO NO SE DIAGRAMAN EN EL BOSQUEJO TOPOGRAFICO;142;SEMAFORO EN ROJO
1185;3185;12/25/2023 8:30 PM;HERIDOS;CHOQUE;VEHICULO;-74,19447956;4,604401881;7;;2;CORRIJO PROPIETARIO VEHICULO N 1 ES EL MISMO CONDUCTOR;104;ADELANTAR INVADIENDO CARRIL DE SENTIDO CONTRARIO
1186;3186;12/25/2023 8:28 PM;HERIDOS;CHOQUE;VEHICULO;-74,18315394;4,596812961;7;;1; LA PERSONA LESIONADA NO DESEA INSTAURAR LA QUERELLA POR TAL MOTIVO NO SE DEJA A DISPOSICION DE LA FISCALIA NO SE DIAGRAMA VEHICULO 2 YA QUE FUE  SU POSICION FINAL MOVIDO ES DE ACLARAR QUE AL INICIO NO HABIAL LESIONADOS MOMENTO DESPUES CONDUCTOR 2 MANIFIESTA SER VALORADO;121;NO MANTENER DISTANCIA DE SEGURIDAD
1187;3187;12/25/2023 8:10 PM;HERIDOS;CAIDA;;-74,09383503;4,626108124;16;;1;ACLARA DIRECCION DEL ACCIDENTE AV DE LAS AMERICAS CON TRANSVERSAL 39 A BIS HIPOTESIS 306 MONTON DE TIERRA EN LA VIA  ;306;HUECOS
1188;3188;12/25/2023 7:57 PM;HERIDOS;CHOQUE;VEHICULO;-74,1376221;4,630338879;8;;6;SE DIAGRAMA EN METRO Y CENTIMETROS NO A ESCALA;121;NO MANTENER DISTANCIA DE SEGURIDAD
1189;3189;12/25/2023 7:30 PM;HERIDOS;CHOQUE;VEHICULO;-74,13241325;4,611501465;8;;1;LOS VEHICULOS NO SE DIAGRAMAN PORQUE FUERON MOVIDOS DE SU POSICION FINAL;114;EMBRIAGUEZ APARENTE
1190;3190;12/25/2023 6:20 PM;DANOS;CHOQUE;VEHICULO;-74,07859723;4,58763145;17;;;SE REALIZA LA PRUEBA DE EMBRIAGUEZ SALIENDO POSITIVO POR LEY AR 5 PARAGRAFO 3 COMPARENDO NUMERO 39538026 HIPOTESIS 115 VH2;115;EMBRIAGUEZ O SUSTANCIAS ALUCINOGENAS
1191;3191;12/25/2023 5:43 PM;HERIDOS;CHOQUE;OBJETO;-74,10645751;4,733646948;11;;3;SE NOTIFICA ORDEN DE COMPARENDO INFRACCION D01 AL CONDUCTOR DEL VEHICULO 1 ORDEN DE COMPARENDO 11001000000039581878 DINAMICA VH1 COJE EL HUECO LO PROYECTA AL ANDEN SEGUIDAMENTE HACIA EL MURO DE LA PROPIEDAD HORIZONTAL VOLCA Y EN SU VOLCAMIENTO COLISIONA CON LA MOTOCICLETA ;306;HUECOS
1192;3192;12/25/2023 4:13 PM;HERIDOS;CHOQUE;VEHICULO;-74,06732408;4,634488069;2;;2;COMPARENDO 39530856 VEHICULO 1 COMPARENDO 39527454 VEHICULO 2  CONDUCTOR DEL VEHICULO 1TRASLADADO A LA CLINICA JARB SALUD  TRAUMA LATIGAZO ;103;ADELANTAR CERRANDO
1193;3193;12/25/2023 3:12 PM;DANOS;CHOQUE;VEHICULO;-74,11281032;4,51457958;5;;;EL VH3 SE ENCUENTRA ESTACIONADO SOBRE LA VIA OBJETO FIJO SE PRESENTA COMO CONDUCTOR EL SEÑOR PRIETO GORDILLO GERMAN IDENTIFICADO CON CEDULA Y NUMERO DE LICENCIA DE CONDUCCION 80370546 CATEGORIA C2 BUS DE SERVICIO PUBLICO DE PLACA JTP012 SIPT DE LA EMPRESA E SOMOS ALIMENTACION SAS TV 1B N 70B25 INT B;115;EMBRIAGUEZ O SUSTANCIAS ALUCINOGENAS