CODIGO_ACCIDENTE;FORMULARIO;FECHA;GRAVEDAD;CLASE;CHOQUE;LONGITUD;LATITUD;CODIGO_LOCALIDAD;TOTAL_MUERTOS;TOTAL_HERIDOS;TEXTO_OBSERVACIONES;CODIGO_CAUSA;DESCRIPCION
1194;3194;12/25/2023 2:10 PM;HERIDOS;CHOQUE;VEHICULO;-74,10557774;4,738784551;11;;2;NUMERO DE LICENCIA DE CONDUCCION VEHICULO 1  1013632874;143;PONER EN MARCHA UN VEHICULO SIN PRECAUCIONES
1195;3195;12/25/2023 12:30 PM;HERIDOS;CHOQUE;VEHICULO;-74,17610643;4,613338175;8;;1;SE CORRIJE CASILLA 8 DEL VH1 PORTA SOAT SI SE REALIZAN ORDENES DE COMPARENDO AL VH2 N 39582696 POR LA DO1 39582066 POR LA DO2 Y 39582033 POR LA C35 EL LESIONADO MANIFIESTA LIBRE Y VOLUNTARIAMENTE NO INTERPONER QUERELLA EN EL MOMENTO RESOLUCION 01670 Y 03922 DEL 2016 CIRCULAR 001 FISCALIA GENERAL NAC;142;SEMAFORO EN ROJO
1196;3196;12/25/2023 11:20 AM;HERIDOS;VOLVAMIENTO;;-74,11327568;4,741936059;11;;1;EL CONDUCTOR Y TRIPULANTE MANIFIESTAN QUE SE LES CAE LA CADENA  Y POR ESO SE CAEN AL LLEGAR HABIAN LEVANTADO LA MOTOCICLETA Y SE TRASLADA PARA EL CAI GAITANA  SE CORRIJE HIPOTESIS;217;OTRA HIPÓTESIS (VEHÍCULO)
1197;3197;12/25/2023 9:40 AM;DANOS;CHOQUE;VEHICULO;-74,16599149;4,621039346;8;;;ME PERMITO ACLARAR LA DIRECCIN DEL ACCIDENTE DE TRANSITO EN LA CALLE 43 SUR CON CARRERA 80 ME PERMITO ACLARAR DATOS DEL VH2 LICENCIA DE TRANSITO N 10030081339 MATRICULADO COTA SE DEJA CONSTANCIA QUE NO SE DIAGRAMA VEHICULOS YA QUE FUERON MOVIDOS DE SU POSICION FINAL POR VOCES DE AUXILIO APOYA EL CUA;115;EMBRIAGUEZ O SUSTANCIAS ALUCINOGENAS
1198;3198;12/25/2023 8:55 AM;HERIDOS;CHOQUE;VEHICULO;-74,12668673;4,575978775;6;;2;IMPACTO V2 SOLO ES FRONTAL Y POSTERIOR ;127;TRANSITAR EN CONTRAVIA
1199;3199;12/25/2023 7:56 AM;DANOS;CHOQUE;VEHICULO;-74,13779108;4,594906695;6;;;CORRIJO CASILLA 82 PLACA WCM282 EMPRESA DE TRANSPORTE INTEGRADO DE BOGOTA NIT 900365651 NOTIFICA ORDEN DE COMPARENDO GRADO DE EMBRIAGUEZ GRADO I CON N 39510240;142;SEMAFORO EN ROJO
1200;3200;12/25/2023 2:50 AM;MUERTOS;ATROPELLO;;-74,1572961;4,567329435;19;1;;SE DEJA EN CONSTANCIA QUE LA MOTOCICLETA DE PLACAS OFP66E SE ENCUENTRA COMO OBJETO FIJO Y SE HACE RESPONSABLE DEL MISMO SEÑOR SUBINTENDENTE DUVAN ANDRES SOLARTE LOPEZ CC 1012327530;115;EMBRIAGUEZ O SUSTANCIAS ALUCINOGENAS
1201;3201;25/12/2023;HERIDOS;ATROPELLO;;-74,17269734;4,638983443;8;;1;NO SE DIAGRAMA VEHICULO YA QUE SE DA A LA FUGA DEL LUGAR;157;OTRA HIPÓTESIS (CONDUCTOR)
1202;3202;25/12/2023;HERIDOS;CHOQUE;OBJETO;-74,11744652;4,513278732;5;;1;CUADRANTE 29 CAI JUAN REY PT ADRIANA ESCORZO SE HACE RESPONSABLE DEL VEHICULO EL SEÑOR HERMES ALIRIO MONSALVE RINCON CON CC N 1022945607;133;SUBIRSE AL ANDEN O VIAS PEATONALES
1203;3203;12/24/2023 11:39 PM;HERIDOS;ATROPELLO;;-74,0967506;4,554138657;4;;3;SE LE NOTIFICA ORDEN DE COMPARENDO 39581384 AL CONDUCTOR NUMERO DE INFRACCION D02  HIPOTESIS 411 PARA EL PEATON ARTICULO 59 DEL CNT ;157;OTRA HIPÓTESIS (CONDUCTOR)
1204;3204;12/24/2023 11:30 PM;HERIDOS;CHOQUE;OBJETO;-74,11575006;4,744437327;11;;2;SE CORRIJE LA CLASE DEL ACCIDENTE DE TRANSITO SIENDO CORRECTO CHOQUE CON OBJETO FIJO VEHICULO ESTACIONADO CIRCULAR 001 DEL 25 05 2017 RESOLUCION 01670 Y 03922 DEL 2016 VICTIMA MANIFIESTA NO INTERPONER QUERELLA EN CONTRA DE LOS INDICIADOS LLEGAN A UN ACUERDO MUTUO LAS PARTES ;157;OTRA HIPÓTESIS (CONDUCTOR)
1205;3205;12/24/2023 10:35 PM;MUERTOS;ATROPELLO;;-74,18645037;4,62198161;7;1;2;CORRIJO FECHA DE NACIMIENTO CONDUCTOR N 2 19467320   30 01 1962 CORRIJO GRAVEDAD DEL ACCIDENTE CON MUERTOS;157;OTRA HIPÓTESIS (CONDUCTOR)
1206;3206;12/24/2023 6:31 PM;HERIDOS;CHOQUE;VEHICULO;-74,16128454;4,633492212;8;;3;SE DESCONOCE EL PARADERO DEL VH3 BICICLETA NO SE TIENE NINGUN DATO DEL MISMO;121;NO MANTENER DISTANCIA DE SEGURIDAD
1207;3207;12/24/2023 6:30 PM;HERIDOS;ATROPELLO;;-74,08640263;4,594879959;15;;1;CORRIJO DATOS DE LA PEATON JUANITA ANDREA TAMAYO ORTIZ DE CC 52271693 HIPOTESIS 411 POR ESTABLECER SEMAFORO EN ROJO Y 410 PARA PEATON;157;OTRA HIPÓTESIS (CONDUCTOR)
1208;3208;12/24/2023 6:15 PM;HERIDOS;CHOQUE;VEHICULO;-74,11067394;4,621799812;16;;1;LA FECHA DE VENCIMIENTO DEL SOAT DE VH2 ES 23092024 EL CONDUCTOR DEL VH1 MANIFIESTA NO ADELANTAR QUERELLA POR LAS LESIONES SUFRIDAS EN EL ACCIDENTE Y PACTAN CON EL CONDUCTOR VH2 LA SUMA DE 1200000 POR DAÑOS SUFRIDOS DE VH1;132;NO RESPETAR PRELACION
1209;3209;12/24/2023 4:04 PM;DANOS;CHOQUE;VEHICULO;-74,0797921;4,564046422;4;;;CONDUCTOR DEL VEHICULO 1 MANIFIESTA QUE UN AUTOMOVIL INVADE EL CARRIL EN SENTIDO CONTRARIO  Y SE DA A LA FUGA ;104;ADELANTAR INVADIENDO CARRIL DE SENTIDO CONTRARIO
1210;3210;12/24/2023 4:00 PM;MUERTOS;CHOQUE;VEHICULO;-74,02286378;4,738263308;1;1;2;CONDUCTOR VH1 PRESENTA LICENCIA DE CONDUCCION Y AL VALIDAR LA INFORMACION TIENE CATEGORIA B1 Y C1 POR TAL MOTIVO SE NOTIFICA ORDEN DE COMPARENDO POR INFRACCION D01 39579010 Y D02 39579204 C35 39581869;139;IMPERICIA EN EL MANEJO
1211;3211;12/24/2023 3:00 PM;HERIDOS;CHOQUE;VEHICULO;-74,13820414;4,567402961;6;;2;PLACA VH1 EUT061 CATEGORIA VH1 B1 SE DEJ CONSTANCIA DE POR MANIFESTACIONES PROPIAS Y VOLUNTARIAS LAS PERSONAS LESIONADAS CONDUCTORES Y FAMILIARES DESISTEN DE INTERPONER QUERELLA O DENUNCIA POR LESIONES PERSONALES EN ACCIDENTE DE  TRANSITO ASI DAÑOS ;121;NO MANTENER DISTANCIA DE SEGURIDAD
1212;3212;12/24/2023 1:55 PM;HERIDOS;ATROPELLO;;-74,02942983;4,76578975;1;;1;HIPOTESIS 411 EN CONCORDANCIA CON EL ARTICULO 57 Y 58 DE LA LEY 769 DEL 2002;157;OTRA HIPÓTESIS (CONDUCTOR)
1213;3213;12/24/2023 1:35 PM;HERIDOS;OTRO;;-74,14228124;4,631224056;8;;1;SE CORRIGE CASILLA 5 CLASE DE ACCIDENTE APRICIONAMIENTO CON VEHICULO Y CONDUCTOR EN FUGA;157;OTRA HIPÓTESIS (CONDUCTOR)
1214;3214;12/24/2023 11:45 AM;HERIDOS;CHOQUE;VEHICULO;-74,11526454;4,504133965;5;;1;SE DA CAUSA PROBABLE SEGUN POSICION FINAL DEL VEHICULO PUNTO DE IMPACTO POSIBLE TRAYECTORIA VEHICULAR MOVIDOS EN METROS;112;DESOBEDECER SEÑALES O NORMAS DE TRANSITO
1215;3215;12/24/2023 10:40 AM;HERIDOS;CHOQUE;VEHICULO;-74,07524196;4,718808632;11;;1;EL VH1 SI CUENTA CON TECNICO MECANCA VIGENTE VH2 0 OCUPANTES;122;GIRAR BRUSCAMENTE
1216;3216;12/24/2023 8:35 AM;HERIDOS;CHOQUE;VEHICULO;-74,18263624;4,633668186;7;;3;LA UNICA LICENCIA DE TRANSITO QUE PRESENTA EL CONDUCTOR EN EL MOMENTO MANIFIESTA QUE SE LE PERDIO LA OTRA EN EL CHOQUE Y NO SE PUEDE VERIFICAR EN EL RUNT ;105;ADELANTAR EN ZONA PROHIBIDA
1217;3217;12/24/2023 7:39 AM;HERIDOS;CHOQUE;OBJETO;-74,06328199;4,630008707;2;;2;ACOMPAÑANTE MANIFIESTA VOLUNTARIAMENTE NO QUERER INTERPONER QUERELLA NI REQUERIR NINGUN PROCEDIMIENTO POR PARTE DE TRANSITO;157;OTRA HIPÓTESIS (CONDUCTOR)
1218;3218;12/24/2023 6:50 AM;HERIDOS;CHOQUE;VEHICULO;-74,15893075;4,668148233;9;;3;SE NOTIFICA LA ORDEN DE COMPARENDO AL CONDUCTOR VH2 11001000000039580518 POR LA INFRACCION D02;121;NO MANTENER DISTANCIA DE SEGURIDAD
1219;3219;12/24/2023 5:47 AM;HERIDOS;VOLVAMIENTO;;-74,13708268;4,546896044;19;;1;VEHICULO TRANSITA SOBRE LA AVENIDA BOYACA EN SENTIDO SUR NORTE SE DEJA CONSTANCIA QUE ALPARECER NO HUBIERON OTROS VEHICULOS INVOLUCRADOS Y EL SEÑOR CONDUCTOR MANIFIESTA NO REQUERIR PROCEDIMIENTO DE TRANSITO ANTE FISCALIA ;157;OTRA HIPÓTESIS (CONDUCTOR)
1220;3220;12/24/2023 5:38 AM;HERIDOS;CHOQUE;VEHICULO;-74,20308432;4,631861768;7;;2;AMBULANCIA 6754 6323 CORRIJO NACIONALIDAD COLOMBIANA PARA LA ACOMPAÑANTE INFORME DILIGENCIADO PERO LESIONADO NO QUERELLAN RESOLUCION 01670 Y 03922 DEL 2016 DEL FISCALIA GENERAL DE NACION Y LA CIRCULAR N 001 DEL 25 05 2017;157;OTRA HIPÓTESIS (CONDUCTOR)
1221;3221;12/24/2023 3:50 AM;HERIDOS;CHOQUE;VEHICULO;-74,10942403;4,707538677;10;;2;CORRIJO LICENCIA CONDUCTOR N1 1093762164 Y FECHA DE NACIMIENTO SIENDO 18031992 CORRIJO REVISION VEHICULO N2 166106624;157;OTRA HIPÓTESIS (CONDUCTOR)
1222;3222;12/24/2023 2:41 AM;MUERTOS;CHOQUE;OBJETO;-74,12541;4,727715402;10;2;;EL ACOMPAÑANTE FALLECE EN EL HOSPITAL ENGATIVA;157;OTRA HIPÓTESIS (CONDUCTOR)
1223;3223;12/24/2023 1:00 AM;HERIDOS;OTRO;;-74,16128454;4,6361456;8;;1;SE REALIZA ORDENES DE COMPARENDO N 39579419 POR C35 39581255 POR D02 Y 39581256 POR C14 AL CONDUCTOR DE LA MOTOCICLETA;97;TRANSITAR POR VIAS PROHIBIDAS
1224;3224;12/23/2023 11:10 PM;HERIDOS;CHOQUE;VEHICULO;-74,10420848;4,591570049;15;;1;HIPOTESIS 112 SEÑAL DE TRANSITO SR01 PARA EL CONDUCTOR DEL VEHICULO N1 EL CASO NO SE RADICA EN FISCALIA YA QUE EL LESIONADO NO DESEA INTERPONER QUERELLA EN EL MOMENTO SEGUN LO ESTIPULO EN LA CIRCULAR 001 DEL 25052017;112;DESOBEDECER SEÑALES O NORMAS DE TRANSITO
1225;3225;12/23/2023 10:05 PM;HERIDOS;ATROPELLO;;-74,19804968;4,605880677;7;;2;SE REALIZA COMPARENDO POR SOAT N 39581163 Y COMPARENDO POR LICENCIA DE CONDUCCION N 39580593;157;OTRA HIPÓTESIS (CONDUCTOR)
1226;3226;12/23/2023 8:45 PM;HERIDOS;CHOQUE;VEHICULO;-74,16778354;4,613891593;8;;2;SE CORRIJE CASILLA 8 4 CLASE DE SERVICIO ES PARTICULAR VH2;121;NO MANTENER DISTANCIA DE SEGURIDAD
1227;3227;12/23/2023 8:30 PM;HERIDOS;CHOQUE;VEHICULO;-74,12610201;4,580872891;18;;1;POR ESTABLECER DEMAS DATOS DEL CONDUCTOR 2 SE ENCUENTRA EN REANIMACION ;114;EMBRIAGUEZ APARENTE
1228;3228;12/23/2023 7:37 PM;HERIDOS;CHOQUE;VEHICULO;-74,14174112;4,708420822;10;;1;CONDUCTOR DEL VEHICULO 1 SE MARCHA DEL LUGAR DE LOS HECHOS ;121;NO MANTENER DISTANCIA DE SEGURIDAD
1229;3229;12/23/2023 7:24 PM;HERIDOS;VOLVAMIENTO;;-74,13587061;4,560247762;19;;1;NO SE ENCUENTRA MOTOCICLETA EN EL LUGAR DE LOS HECHOS YA QUE LOS FAMILIARES LA MOVIERON DEL LUGAR MANIFIESTA EL CONDUCTOR QUE LA PLACA DE LA MOTOCICLETA ES AGF99C;157;OTRA HIPÓTESIS (CONDUCTOR)
1230;3230;12/23/2023 5:29 PM;HERIDOS;CHOQUE;VEHICULO;-74,11881579;4,491832467;5;;4;SE LE NOTIFICA AL CONDUCTOR N1 DEL VH1 INFRACCION D01 N COMPARENDO 39579430 INFRACCION D02 N COMPARENDO 39581045 INFRACCION C35 N 39581048 PLACA DEL VH2 ES BSZ121 ;139;IMPERICIA EN EL MANEJO
1231;3231;12/23/2023 5:10 PM;HERIDOS;ATROPELLO;;-74,15611056;4,637510386;8;;1;EL NUMERO DE IDENTIFICACION DEL PEATON MENOR DE EDAD VENEZOLANO 11001NN01249  SIENDO POR EL CENTRO ASISTENCIAL EL EVENTO FUE POR RECONOCIMIENTO EN CENTRO ASISTENCIAL SOLO SE DIAGRAMA LA VIA;157;OTRA HIPÓTESIS (CONDUCTOR)
1232;3232;12/23/2023 5:10 PM;HERIDOS;CHOQUE;VEHICULO;-74,13359878;4,601955576;16;;2;ACLARO SEXO DE LA VICTIMA 1 SIENDO FEMENINO ACLARO HIPOTESIS 102 PARA EL CONDUCTOR DE LA MOTOCICLETA Y 103 PARA EL CONDUCTOR DE LA CAMIONETA;103;ADELANTAR CERRANDO
1233;3233;12/23/2023 1:11 PM;HERIDOS;ATROPELLO;;-74,1165909;4,745368218;11;;2;SE CORRIJE FECHA DE NACIMIENTO DEL CONDUCTOR DEL VEHICULO 1 SIENDO ESTA 27 07 1993 ;103;ADELANTAR CERRANDO
1234;3234;12/23/2023 12:30 PM;HERIDOS;CAIDA;;-74,03256802;4,712831516;1;;1;SE CORRIJE LA CASILLA 5 SIENDO ESTE CLASE DE ACCIDENTE CAIDA DE OCUPANTE SE CORRIJE POLIZA SOAT SIENDO ESTE NUMERO 86219848;157;OTRA HIPÓTESIS (CONDUCTOR)
1235;3235;12/23/2023 12:00 PM;HERIDOS;CHOQUE;OBJETO;-74,10051776;4,690249795;10;;2;RESPONSABLE DEL VH2 IRMA LUENGUAS RODRIGUEZ CC 39542550 QUIEN ABRE LA PUERTA DEL VEHICULO SIN PRECAUCION;157;OTRA HIPÓTESIS (CONDUCTOR)
1236;3236;12/23/2023 10:00 AM;HERIDOS;CHOQUE;VEHICULO;-74,15741412;4,580525318;19;;3;SE CORRIJE NOMBRE DEL CONDUCTOR DEL VEHICULO 2 MARIA WBALDINA BELLA VELASQUEZ ;121;NO MANTENER DISTANCIA DE SEGURIDAD
1237;3237;12/23/2023 9:50 AM;HERIDOS;VOLVAMIENTO;;-74,06983329;4,637983583;13;;2;LAS PERSONAS INVOLUCRADAS EN EL ACCIDENTE DE TRANSITO MANIFIESTAN NO GENERAR QUERELLA POR SUS LESIONES POR TAL MOTIVO NO SE RADICA CASO EN FISCALIA;157;OTRA HIPÓTESIS (CONDUCTOR)
1238;3238;12/23/2023 7:40 AM;HERIDOS;CHOQUE;VEHICULO;-74,12529845;4,71410563;10;;1;LESIONADO NO DESEA INTERPONER QIUERELLA ;157;OTRA HIPÓTESIS (CONDUCTOR)
1239;3239;12/23/2023 7:30 AM;HERIDOS;CHOQUE;VEHICULO;-74,12537927;4,561777971;6;;1;N9O SE RADICA EN FISCALIA YA QUE EL LESIONADO MANFIESTA SU DESEO DE NO INSTAURAR DENUNCIA EN CONCORDANCIA RESOLUCION 01670 Y 03922 DEL 2016 Y CIRCULAR 001 DEL 25 05 2017;112;DESOBEDECER SEÑALES O NORMAS DE TRANSITO
1240;3240;12/23/2023 6:50 AM;HERIDOS;CHOQUE;VEHICULO;-74,12943331;4,582578672;6;;2;HIPOTESIS DE ACCIDENTABILIDAD VEHICULO N2 157 OTRO VEHICULO EN FUGA;157;OTRA HIPÓTESIS (CONDUCTOR)
1241;3241;12/23/2023 5:30 AM;HERIDOS;CHOQUE;VEHICULO;-74,08691493;4,609731588;14;;1;SE INMOVILIZA EL CABEZOTE DE PLACAS TFQ726 Y REMOLQUE CON NUMERO R52915 PLAQUETA ESTE VEHICULO TRANSITABA CON CARGA ;98;TRANSITAR ENTRE VEHICULOS
1242;3242;12/23/2023 4:30 AM;HERIDOS;CAIDA;;-74,15250567;4,629726658;8;;1;SE CORRIJE CASILLA 8 2  DEL VEHICULO 1 TECNOMECANICA SI NUMERO 165468385 Y EXTRACONTRACTUAL 1020494201802 ;506;OTRA HIPÓTESIS (PASAJERO O ACOMPAÑANTE)
1243;3243;12/23/2023 3:30 AM;HERIDOS;CHOQUE;VEHICULO;-74,09456996;4,575768893;4;;3;SE DEJA CONSTANCIA QUE SE CORRIJE CASILLA 73 CALZADA SIENDO SOLA UNA CALZADA TANTO EN LA CARRERA 10 COMO EN LA CALLE 22;157;OTRA HIPÓTESIS (CONDUCTOR)
1244;3244;12/23/2023 2:50 AM;HERIDOS;CHOQUE;OBJETO;-74,11455778;4,614950305;16;;1;SE CORRIJE LA CASILLA 3 LUGAR O COORDENADAS CARRERA 50 CALLE 3  SE CORRIJE CASILLA 8 1 DIRECCION NO SUMINISTRA ;157;OTRA HIPÓTESIS (CONDUCTOR)
1245;3245;12/23/2023 2:29 AM;HERIDOS;CHOQUE;OBJETO;-74,18778343;4,60666905;7;;2;CHOQUE CON VIVIENDA DIRECCION CLL 65I SUR N 80C 47 ARRENDATARIO RESPONSABLE DE LA VIVIENDA IVAN DARIO PORRAS RAMIREZ CC 5708446 DE 40 AÑOS DAÑOS DE LA VIVIENDA DAÑOS DE LA FACHADA FRACTURA DE MURO VENTANA LATERAL TEL 3138356952 DAÑOS INTERNOS N COMPARENDO 39580134 INFRANCCION D01;139;IMPERICIA EN EL MANEJO
1246;3246;12/22/2023 10:35 PM;HERIDOS;CHOQUE;VEHICULO;-74,09585474;4,577990701;15;;2;HIPOTESIS 121 PARA EL CONDUCTOR DEL AUTOMOVIL ACLARO CEDULA DEL CONDUCTOR N2 SIENDO CC 1001059040 WILLIAM ARBOLEDA;121;NO MANTENER DISTANCIA DE SEGURIDAD
1247;3247;12/22/2023 9:30 PM;HERIDOS;CHOQUE;VEHICULO;-74,15561435;4,630226594;8;;2;ORDEN DE COMPARENDO PARA EL VEHICULO  YA QUE EL CONDUCTOR NO POSEE LICENCIA DE CONDUCCION N 39579814;157;OTRA HIPÓTESIS (CONDUCTOR)
1248;3248;12/22/2023 8:42 PM;HERIDOS;CHOQUE;VEHICULO;-74,10501834;4,655665563;9;;2;VEHICULO 2 CLASE GRUA NO FUE DIAGRAMADO EN EL CROQUIS YA QUE HABIA SIDO MOVIDO DE SU POSICION FINAL POR PARTE DE SU CONDUTOR SE CODIFICA AL CONDUTOR DEL VEHICULO 2 CODIGO 103 ADELANTAR CERRANDO ;103;ADELANTAR CERRANDO
1249;3249;12/22/2023 8:30 PM;HERIDOS;CHOQUE;VEHICULO;-74,19904602;4,625074827;7;;1;NO PRESENTAN VEHICULOS PARA INMOVILIZAR;157;OTRA HIPÓTESIS (CONDUCTOR)
1250;3250;12/22/2023 8:03 PM;HERIDOS;CAIDA;;-74,10647846;4,649528443;13;;1;NO SE DIAGRAMA EL VEHICULO YA QUE FUE MOVIDO DEL LUGAR ;506;OTRA HIPÓTESIS (PASAJERO O ACOMPAÑANTE)
1251;3251;12/22/2023 7:40 PM;HERIDOS;ATROPELLO;;-74,1392797;4,643780883;8;;2;SE DEJA CONSTANCIA QUE EN LA INTERSECCION SE ENCONTRABA UN BUS DEL SIPT FUERA DE SERVICIO PLACA WCL677 DE LA EMPRESA ESTE ES MI BUS EN EL MOMENTO QUE LLEGUE SE ENCONTRABA UNA GRUA PARA RETIRARLO DEL LUGAR NO SE ENCONTRABA CONDUCTOR DE ESTE ES DE ACLARAR QUE NO HUBO NINGUN TIPO DE CONTACTO CON ESTE V;157;OTRA HIPÓTESIS (CONDUCTOR)
1252;3252;12/22/2023 6:30 PM;HERIDOS;ATROPELLO;;-74,11360463;4,711559878;10;;2;SE CORRIJE CASILLA 7 2 EN DONDE LA VIA ES DE UN SOLO SENTIDO Y CASILLA 5 1 MOIDALIDAD ES ATROPELLO DE MOTOCICLETA A PEATON ;157;OTRA HIPÓTESIS (CONDUCTOR)
1253;3253;12/22/2023 6:30 PM;HERIDOS;CHOQUE;VEHICULO;-74,14992905;4,548347647;19;;9;SE CORRIGE CASILLA 9 VICTIMA DEL VH1 ES ACOMPAÑANTE;202;FALLAS EN LOS FRENOS
1254;3254;12/22/2023 6:15 PM;HERIDOS;ATROPELLO;;-74,04350606;4,729517058;1;;1;LA CIUDADANA CLARA INES MENDOZA DE LAMUS INGRESA EL VEHICULO AL PARQUEADERO DEL CONJUNTO RESIDENCIAL  UBICADO EN LA AV CALLE 147 CO 17 60 ESTA CIUDADANA NO ENTEGA EL VEHICULO PARA SU TRASLADO A LOS PATIOS DE ALAMOS;157;OTRA HIPÓTESIS (CONDUCTOR)
1255;3255;12/22/2023 5:57 PM;HERIDOS;CHOQUE;VEHICULO;-74,12738508;4,585754938;18;;2;VICTIMAS Y FAMILIARES POR ELMOMENTO NO DESEAN INTERPONER DENUNCIA ANTE LA FISCALIA CIRCULAR 001 DEL 25 05 2017 ;112;DESOBEDECER SEÑALES O NORMAS DE TRANSITO
1256;3256;12/22/2023 3:40 PM;HERIDOS;CHOQUE;VEHICULO;-74,11326764;4,633060451;16;;1;EL NOMBRE DEL CONDUCTOR N1 GUATAQUIRA YEISON DAVID ES DE ANOTAR QUE EL CONDUCTOR DE LA MOTOCICLETA QUIEN RESULTO LESIONADO MANIFIESTA LA VOLUNTAD DE NO ADELANTAR QUERELLA Y DECIDE ENTRAR A UNA CONCILIACION CON EL CONDUCTOR DEL TAXI ;121;NO MANTENER DISTANCIA DE SEGURIDAD
1257;3257;12/22/2023 2:40 PM;HERIDOS;CHOQUE;VEHICULO;-74,14278558;4,6366171;8;;2;SE DEJA CONSTANCIA QUE MANIFIESTAN VOLUNTARIAMENTE  NO DESEAR REALIZAR NINGUNO DE LOS DOS CONDUCTORES LA QUERELLA O DENUNCIA ANTE FISCALIA AL MOMENTO ;127;TRANSITAR EN CONTRAVIA
1258;3258;12/22/2023 2:30 PM;HERIDOS;CHOQUE;VEHICULO;-74,16069654;4,587356014;19;;1;SE CORRIJE LA CASILLA N 9 LOS DATOS AHI DESCRITOS NO CORRESPONDEN TODA VEZ QUE ESOS DATOS NO VAN;121;NO MANTENER DISTANCIA DE SEGURIDAD
1259;3259;12/22/2023 1:00 PM;HERIDOS;CHOQUE;VEHICULO;-74,04579131;4,684848519;1;;1;SE CORRIGE TIPO DE DOCUMENTO DEL CONDUCTOR DEL VH1 SIENDO ESTA CEDULA VENEZOLANA;121;NO MANTENER DISTANCIA DE SEGURIDAD
1260;3260;12/22/2023 12:25 PM;HERIDOS;ATROPELLO;;-74,141805;4,53505458;19;;1;DIRECCION CLL 81 SUR CRA 17C 92;157;OTRA HIPÓTESIS (CONDUCTOR)
1261;3261;12/22/2023 8:50 AM;HERIDOS;CHOQUE;VEHICULO;-74,06651271;4,607614147;3;;1;VEHICULO DE PLACAS IFM058 SE DA A LA FUGA LA MOTOCICLETA NO SE INMOVILIZA YA QUE EL CONDUCTOR NO LA PRESENTA;157;OTRA HIPÓTESIS (CONDUCTOR)
1262;3262;12/22/2023 8:10 AM;HERIDOS;CHOQUE;VEHICULO;-74,15876863;4,626739908;8;;1;EL SEÑOR MILLER LOPEZ CON CC 1000212066 MANIFIETA LIBRE Y VOLUNTARIAMENTE NO INTERPONER QUERELLA POR LAS LESIONES PRESENTADAS RESOLUCION 01670 Y 039922 DEL 2016 T DEL 25 DE MAYO DE 2017;157;OTRA HIPÓTESIS (CONDUCTOR)
1263;3263;12/22/2023 7:45 AM;HERIDOS;CHOQUE;VEHICULO;-74,05434889;4,650853338;2;;2;NO SE DIAGRAMA EL VH2 YA QUE FUE MOVIDO DEL LUGAR DE LOS HECHOS;112;DESOBEDECER SEÑALES O NORMAS DE TRANSITO
1264;3264;12/22/2023 7:38 AM;HERIDOS;CHOQUE;VEHICULO;-74,09621684;4,608595336;14;;2;COMPARENDO 39535956 V2 C35;122;GIRAR BRUSCAMENTE
1265;3265;12/22/2023 6:30 AM;HERIDOS;CHOQUE;VEHICULO;-74,08825872;4,591484493;3;;2;CORRIJO CONDUCTOR DEL VEHICULO N1 SE HACE TRASLADO A CLINICA SANTA JULIANA CORRIJO MODELO MOTOCICLETA ES 2022;112;DESOBEDECER SEÑALES O NORMAS DE TRANSITO
1266;3266;12/22/2023 6:28 AM;MUERTOS;CHOQUE;VEHICULO;-74,10889698;4,598378341;16;1;;ANEXO CONDUCTORES 3215 CORRIJO CASILLA 16 CORRESPONDE 110016000028202304172;98;TRANSITAR ENTRE VEHICULOS
1267;3267;12/22/2023 5:30 AM;HERIDOS;CHOQUE;VEHICULO;-74,09340052;4,666154247;12;;1;NO SE DIAGRAMA EL VEHICULO N2 YA QUE FUE MOVIDA O RETIRADA DE SU PUNTO FINAL DEL LUGAR DE LOS HECHOS CORRIJO N7 CARACTERISTICAS CALZADA 1 CARRIL 63 CON 3 68 CON 2 ;123;NO RESPETAR PRELACION DE INTERSECCIONES O GIROS
1268;3268;12/22/2023 4:15 AM;HERIDOS;CHOQUE;VEHICULO;-74,08601371;4,608950916;14;;2;N COMPARENDO LICENCIA 39579214 B02 SOAT 39538163 D02 TECNICO MECANICA 39538121;133;SUBIRSE AL ANDEN O VIAS PEATONALES
1269;3269;12/21/2023 11:30 PM;HERIDOS;CHOQUE;VEHICULO;-74,16694803;4,639749378;8;;2;SE REALIZA ORDEN DE COMPARENDO AL CONDUCTOR DEL VH1 POR LA INFRACCION D01 NO HABER OBTENIDO NUNCA LICENCIA DE CONDUCCION PARA AUTOMOVILES CORRIJO LOCALIDAD O COMUNA KENNEDY;139;IMPERICIA EN EL MANEJO
1270;3270;12/21/2023 11:07 PM;DANOS;CHOQUE;VEHICULO;-74,073124;4,677428503;12;;;SE ACLARA N DE TARJETA DE REGISTRO VH 2 1970369 N DE COMPARENDO POR LA INFRACCION F 39538280 LEY 1696 ART 5 PARAGRAFO 3;121;NO MANTENER DISTANCIA DE SEGURIDAD
1271;3271;12/21/2023 10:20 PM;HERIDOS;ATROPELLO;;-74,19225601;4,602610598;7;;1;NO SE DIAGRAMA EL VEHICULO N1 YA QUE FUE MOVIDO DE SU POSICION FINAL SE NOTIFICA ORDEN DE COMPARENDO POR LA INFRACCION D01 COMPARENDO 39538362;139;IMPERICIA EN EL MANEJO