CODIGO_ACCIDENTE;FORMULARIO;FECHA;GRAVEDAD;CLASE;CHOQUE;LONGITUD;LATITUD;CODIGO_LOCALIDAD;TOTAL_MUERTOS;TOTAL_HERIDOS;TEXTO_OBSERVACIONES;CODIGO_CAUSA;DESCRIPCION
1272;3272;12/21/2023 10:10 PM;HERIDOS;VOLVAMIENTO;;-74,1957535;4,628933978;7;;2;CASO RECIBIDO A LAS 7 30 EL CUAL CUANDO SE FUE A  CONOCER YA QUE LOS PARTES INVOLUCRADAS MANIFIESTAN A VER LLEGADO A UN ACUERDO VOLUNTARIO Y MUTUO POR PARTES DE LAS QUERELLANTES CIRCULAR N 002 DEL 25 05 2017 RESOLUCION 01670 Y 03922 DEL 2016 CORRIJO QUEDA COMO DAÑOS MATERIALES ;122;GIRAR BRUSCAMENTE
1273;3273;12/21/2023 9:48 PM;HERIDOS;CHOQUE;VEHICULO;-74,03997823;4,668365076;2;;3;CORRIJO DIA FECHA Y HORA DE OCURRENCIA 21 12 2023 CORRIJO UNIDAD RECEPTORA SIENDO 1100160000232023 SE CORRIJE VH 2 PUNTO DE IMPACTO DEL VEHICULO FRONTAL ;121;NO MANTENER DISTANCIA DE SEGURIDAD
1274;3274;12/21/2023 8:40 PM;HERIDOS;CHOQUE;VEHICULO;-74,14775132;4,681220665;9;;1;VEHICULOS NO SON APORTADOS COMO ELEMENTO MATERIAL PROPIETARIO INFORME NO ES DEJADO A DISPOCION DE LOS FISCALES YA QEU EL SEÑOR DANIEL ALEJANDRO VILLALONGA SOLOZARNO MANFIIESTA NO INTERPONER QUERELLA NO SE ENCONTRARON LOS VEHICULOS IMPLICADOS EN EL LUGAR DE LOS ECHOS DESCONOCIENDO SU PARADERO ;157;OTRA HIPÓTESIS (CONDUCTOR)
1275;3275;12/21/2023 8:00 PM;MUERTOS;ATROPELLO;;-74,07463788;4,608808118;3;1;;SE DEJA CONSTANCIA QUE AL LLEGAR AL CENTRO ASISTENCIAL EL PEATON SE ENCUENTRA EN UCI POR ESTABLECER DATOS Y FECHA DE NACIMIENTO;142;SEMAFORO EN ROJO
1276;3276;12/21/2023 7:20 PM;HERIDOS;CHOQUE;VEHICULO;-74,17414865;4,635026155;8;;2;EL LESIONADO MANIFIESTA LIBRE Y VOLUNTARIAMENTE NO INTERPONER QUERELLA EN EL MOMENTO RESOLUCION 01670 Y 03922 DE 2016 CIRCULAR N 001 DEL 25 05 2017 FISCALIA GENERAL DE LA NACION POSIBLE PLACA DEL VHEICULO EN FUGA SUMINISTRADA POR EL CONDUCTOR DEL VH 1 ES CVF261;157;OTRA HIPÓTESIS (CONDUCTOR)
1277;3277;12/21/2023 6:20 PM;HERIDOS;ATROPELLO;;-74,11551801;4,538653521;5;;1;LA RESPONSABLE DEL MENOR DE EDAD LA SEÑORA MADRE DE YULI PAOLA RODRIGUEZ CC 103372067;157;OTRA HIPÓTESIS (CONDUCTOR)
1278;3278;12/21/2023 6:10 PM;HERIDOS;ATROPELLO;;-74,09925261;4,705195524;10;;2;NO SE FIJA LA MOTOCICLETA YA QUE FUE MOVIDO DE SU POSICION FINAL ;157;OTRA HIPÓTESIS (CONDUCTOR)
1279;3279;12/21/2023 5:45 PM;HERIDOS;CHOQUE;VEHICULO;-74,0804669;4,591476473;3;;2;SE DEJA CONSTANCIA QUE NO SE DIAGRAMA EL VEHICULO 2 YA QUE FUE MOVIDO DE SU POSICION FINAL POR LA CIUDADANIA;142;SEMAFORO EN ROJO
1280;3280;12/21/2023 5:30 PM;HERIDOS;ATROPELLO;;-74,1741806;4,635155092;8;;1;AL ENTREVISTARNOS CON LOS FAMILIARES MOSTRARON EL NUMERO DE PLACA DE LA MOTOCICLETA QUE SE DIO A LA FUGA;157;OTRA HIPÓTESIS (CONDUCTOR)
1281;3281;12/21/2023 5:00 PM;HERIDOS;ATROPELLO;;-74,12417752;4,624386407;16;;1;SE CORRIGE NUMERO DE LICENCIA DE TRANSITO N 09 254730004128778;157;OTRA HIPÓTESIS (CONDUCTOR)
1282;3282;12/21/2023 3:35 PM;HERIDOS;CHOQUE;VEHICULO;-74,13957523;4,62845798;8;;1;LESIONADO MANIFIESTA LIBRE Y ESPONTANEAMENTE Y VOLUNTARIAMENTE NO INTERPONER QUERELLA EN EL MOMENTO RESOLUCION 01676 Y 03922 DEL 2019 CIRCULAR N 001 DEL 25 05 2017 FISCALIA GENERAL DE LA NACION ;127;TRANSITAR EN CONTRAVIA
1283;3283;12/21/2023 1:00 PM;DANOS;CHOQUE;VEHICULO;-74,07003555;4,658365847;12;;;PRODUCTO DEL CHOQUE SE OCASIONAN  DAÑOS A SUBESTACION DE BICIICLETAS DE LAS ALCALDIA SE HACE PRESENCIA EN EL LUGAR QUIEN SE HACE RESPONSABLE O REPRESENTANTE DE LA EL SEÑOR SUPERVISOR HIGINTO LUIS ALBERTO CC 80773659 SEGURIDAD THCS ;145;ARRANCAR SIN PRECAUCION
1284;3284;12/21/2023 12:20 PM;HERIDOS;CHOQUE;VEHICULO;-74,11045668;4,716592614;10;;2;EL VEHICULO N2 FUE MOVIDO DE SU POSICION FINAL POR ENDE NO QUEDA PLASMADO EN EL BOSQUEJO TOPOGRAFICO;112;DESOBEDECER SEÑALES O NORMAS DE TRANSITO
1285;3285;12/21/2023 12:05 PM;HERIDOS;CHOQUE;VEHICULO;-74,08929405;4,600363468;14;;1;SE CODIFICA LA HIPOTESIS AL CONDUCTOR DEL VEHICULO 2 NO SE DIAGRAMA VEHICULO 2 POR QUE SE MOVIO DEL LUGAR DE LOS HECHOS ;90;TRANSPORTAR OTRA PERSONA O COSAS
1286;3286;12/21/2023 11:35 AM;HERIDOS;CHOQUE;VEHICULO;-74,13223622;4,667457489;9;;1;EL CONDUCTOR DEL VEHICULO 1 MANIFIESTA QUE LA PLACA DE LA MOTOCICLETA EN FUGA ES OER04F;157;OTRA HIPÓTESIS (CONDUCTOR)
1287;3287;12/21/2023 11:13 AM;HERIDOS;ATROPELLO;;-74,10103262;4,588086824;15;;2;ACLARO LICENCIA DE TRANSITO 10030459316 EL VHEICULO NO SE DIAGRAMA POR QUE SE RETIRA DEL LUGAR SIENDO ALCANZADO POR LA CIUDADANIA EN LA CALLE 14 A 19 11 SUR CORRIJO DIRECCION DEL ACCIDENTE SIENDO CLL 15 SUR N 24 31;157;OTRA HIPÓTESIS (CONDUCTOR)
1288;3288;12/21/2023 10:00 AM;HERIDOS;CHOQUE;VEHICULO;-74,14023457;4,663676076;9;;2;LOS VEHICULOS NO SE DIAGRAMAN YA QUE FUERON MOVIDOS DE SU POSICION FINAL;121;NO MANTENER DISTANCIA DE SEGURIDAD
1289;3289;12/21/2023 7:10 AM;HERIDOS;CHOQUE;VEHICULO;-74,14093865;4,579898349;6;;1;EL NUMERO DE LICENCIA VH2 10018536123  ANEXO COMPARENDO N 11001000000039536817 POR TECNICO MECANICA VENCIDA;112;DESOBEDECER SEÑALES O NORMAS DE TRANSITO
1290;3290;12/21/2023 3:00 AM;DANOS;CHOQUE;OBJETO;-74,04510077;4,74391652;1;;;MARIA TERESA BEJARANO GONZALEZ CC 51777742 RESPONSABLE DE LA RECIDENCIA CARRERA 21 CON 163 A 21;157;OTRA HIPÓTESIS (CONDUCTOR)
1291;3291;12/21/2023 2:50 AM;HERIDOS;CHOQUE;VEHICULO;-74,10969091;4,584329901;18;;1;HIPOTESIS DE ACCIDENTALIDAD VEHICULO N1 142 SEMAFORO ROJO CORRIJO CASILLA 72 VIA 2 UNA CALZADA;142;SEMAFORO EN ROJO
1292;3292;12/21/2023 2:20 AM;HERIDOS;CHOQUE;VEHICULO;-74,11539561;4,68300009;10;;1;SE CODIFICA 157 YA QUE LA CONDUCTORA MANIFIESTA NO RECORDAR NADA DEL ACCIDENTE Y VH 2 SE FUGA DEL LUGAR ;157;OTRA HIPÓTESIS (CONDUCTOR)
1293;3293;12/21/2023 1:32 AM;HERIDOS;CHOQUE;VEHICULO;-74,12273435;4,743169452;11;;2;SE CORRIJE FECHA DE VENCIMIENTO DE LA LICENCIA DE CONDUCCION DEL VEHICULO 2 SIENDO LA CORRECTA 19 07 2033;112;DESOBEDECER SEÑALES O NORMAS DE TRANSITO
1294;3294;21/12/2023;HERIDOS;CHOQUE;VEHICULO;-74,16354296;4,616978162;8;;1;NO SE DIAGRAMAN LOS VEHICULOS EN EL CROQUIS YA QUE FUERON MOVIDOS DE SU POSICION FINAL SE CODIFICO AL CONDUCTOR DEL VEHICULO N 1 CODIGO 103 ADELANTAR CERRADO;103;ADELANTAR CERRANDO
1295;3295;12/20/2023 11:53 PM;HERIDOS;CHOQUE;VEHICULO;-74,15849505;4,639925824;8;;2;SE CORRIJE CASILLA 81 CONDUCTOR VH1 HOSPITAL FONTIBON PRESENTA TRAUMA BRAZO IZQUIERDO SE CORRIJE CASILLA 9 PRESENTA VICTIMA VH2 TRAUMA EN RODILLA IZQUIERDA;123;NO RESPETAR PRELACION DE INTERSECCIONES O GIROS
1296;3296;12/20/2023 11:39 PM;HERIDOS;CHOQUE;VEHICULO;-74,1177023;4,7172276;10;;1;NO SE DIAGRAMAN LOS VEHICULOS POR QEU FUERON MOVIDOS DE SU POSICION FINAL EXISTE SEÑAL SR 01 PARA CICLOVIA ;114;EMBRIAGUEZ APARENTE
1297;3297;12/20/2023 9:20 PM;HERIDOS;CHOQUE;VEHICULO;-74,13687376;4,660583028;9;;2;VEHICULO 01 CORRESPONDE A CONDUCTOR 2 CONDUCTOR 1 CORRESPONDE A VEHICULO 2 SE REALIZA ORDEN DE COMPARENDO N 39535896 AL SEÑOR LUIS FELIPE RIVERA CC 1015993212 POR INFRACCION D02;157;OTRA HIPÓTESIS (CONDUCTOR)
1298;3298;12/20/2023 9:10 PM;HERIDOS;CHOQUE;VEHICULO;-74,10512299;4,655656531;9;;2;SE DEJA CONSTANCIA QUE PERSONAL DE LA VIGILANCIA CAI NORMANDIA REALIZA LA CAPTURA DEL CONDUCTOR POR APARENTE ESTADO DE ALICORAMIENTO ASI MISMO EL SEÑOR PRESENTA LICENCIA CONDUCCION CANCELADA AL VERIFICAR RUNT ASI MISMO NO CUENTA  CON SOAT VIGENTES SE REALIZA ORDEN DE COMPARENDO ;121;NO MANTENER DISTANCIA DE SEGURIDAD
1299;3299;12/20/2023 7:00 PM;HERIDOS;ATROPELLO;;-74,14147764;4,610914374;8;;1;EL CIUDADANO PANQUEVA SANDOVAL JEISON ANDRES CC 1024502258 LESIONADO EN CALIDAD DE PEATON MANIFIESTA LIBREMENTE Y VOLUNTARIAMENTE NO INTERPONER QUERELLA POR LAS VERSIONES OCASIONADAS EN EL ACCIDENTE DE TRANSITO DE IGUAL FORMA SE LE INDICA QUE TIENE 6 MESES PARA INTERPONER LA MISMA RES 01670 Y 03922 ;102;ADELANTAR POR LA DERECHA
1300;3300;12/20/2023 6:55 PM;MUERTOS;ATROPELLO;;-74,12428749;4,471547444;5;1;1;SE LE NOTIFICA AL CONDUCTOR DEL VH1 ORDEN DE COMPARENDO N 39527404 INFRACCION D01 COMPARENDO N 39537569 INFRACCION D02 COMPARENDO N 39537587 INFRACCION C35  SEGUNDO TELEFONO VICTIMA 3016431592;157;OTRA HIPÓTESIS (CONDUCTOR)
1301;3301;12/20/2023 6:03 PM;HERIDOS;ATROPELLO;;-74,15537564;4,580856849;19;;2;NO SE DIBUJA LA MOTOCICLETA YA QUE FUE MOVIDA DE SU POSICION FINAL AL MOTOCICLISTA SE LE REALIZA ORDEN DE COMPARENDO 39536265 INFRACCION D01;139;IMPERICIA EN EL MANEJO
1302;3302;12/20/2023 5:11 PM;HERIDOS;CHOQUE;VEHICULO;-74,11758234;4,599981391;16;;2;POR ERROR INVOLUNTARIO CORRIJO CASILLA PLACA V1 KPE83D NÚMERO LICENCIA TRANSITO 10030349270 PROPIETARIA CIELO TORRES MUÑOZ 1001048749;103;ADELANTAR CERRANDO
1303;3303;12/20/2023 4:30 PM;HERIDOS;CHOQUE;VEHICULO;-74,13131086;4,605229345;16;;3;CORRIJO CASILLA 10 CONDUCTORES 2 Y 1 ACOMPAÑANTE TOTAL VICTIMAS;142;SEMAFORO EN ROJO
1304;3304;12/20/2023 3:50 PM;HERIDOS;VOLVAMIENTO;;-74,04877929;4,705531131;1;;2;VEHICULO BICIMOTOR ;217;OTRA HIPÓTESIS (VEHÍCULO)
1305;3305;12/20/2023 3:30 PM;HERIDOS;CHOQUE;VEHICULO;-74,16063277;4,592738411;19;;2;SE DEJA CONSTANCIA QUE UN CARRIL DE CRA 70 90 SE ENCUENTRA DESHABILITADO POR MALETINES VIALES CARRIL IZQUIERDO;157;OTRA HIPÓTESIS (CONDUCTOR)
1306;3306;12/20/2023 2:48 PM;DANOS;CHOQUE;VEHICULO;-74,10830555;4,685695938;10;;;HIPOTESIS 114 PARA EL CONDUCTOR DEL VEHICULO N 1 YA QUE ES TRASLADADO A MEDICINA LEGAL POR PRUEBA DE EMBRIAGUEZ;112;DESOBEDECER SEÑALES O NORMAS DE TRANSITO
1307;3307;12/20/2023 2:30 PM;HERIDOS;CHOQUE;VEHICULO;-74,17935459;4,602860576;7;;1;CONDUCTOR DE VEHICULO CLASE MOTOCICLISTA MANIFIESTA VOLUNTARIAMENTE NO INTERPONER QUERELLA LA MOTOCICLETA SE LA LLEVA LA SEÑORA YURY ALEXANDRA MOLINA CC 1032368036;121;NO MANTENER DISTANCIA DE SEGURIDAD
1308;3308;12/20/2023 2:20 PM;HERIDOS;CHOQUE;VEHICULO;-74,1765262;4,642692807;8;;1;VH1 SE LO LEVAN LOS FAMILARES DEL LUGAR Y VH2 SE DA A LA FUGA SIN MAS INFORMACION;157;OTRA HIPÓTESIS (CONDUCTOR)
1309;3309;12/20/2023 1:30 PM;HERIDOS;CHOQUE;VEHICULO;-74,08821044;4,585706818;15;;1;HIPOTESIS 112 PARA EL CONDUCTOR DEL TAXI;112;DESOBEDECER SEÑALES O NORMAS DE TRANSITO
1310;3310;12/20/2023 12:20 PM;HERIDOS;CHOQUE;VEHICULO;-74,0919292;4,579224718;4;;2;CORRIJO MISMO CONDUCTOR VH 1 NO Y FECHA DE NACIMIENTO CONDUCTOR 12 11 1956 CORRIJO PORTA LICENCIA CONDUCTOR N 2 NO HIPOTESIS 116 CORRIJO HIPOTESIS 132 119 CEDULA CONDUCTOR N 2 1023969789;139;IMPERICIA EN EL MANEJO
1311;3311;12/20/2023 11:00 AM;HERIDOS;CAIDA;;-74,16967449;4,630377644;8;;1;NO SE DIAGRAMA EL VEHICULO 1 YA QUE FUE MOVIDO DE LA POSICION FINAL;302;AUSENCIA O DEFICIENCIA EN DEMARCACION
1312;3312;12/20/2023 10:35 AM;HERIDOS;CHOQUE;VEHICULO;-74,06948728;4,639937854;13;;2;CONDUCTOR DEL VEHICULO N2 TAMBIEN SERA TRASLADADO A MEDICINA LEGAL PARA PRUEBA DE EMBRIAGUEZ ;121;NO MANTENER DISTANCIA DE SEGURIDAD
1313;3313;12/20/2023 10:25 AM;HERIDOS;CHOQUE;VEHICULO;-74,07323258;4,667621808;13;;2;CORRIJO NOMBRE CONDUCTOR N2 JUANITA MARIA GELVIS HINCAPIE CORRIJO DIRECCION EXACTA DEL EVENTO CARRERA 30 CALLE 72;121;NO MANTENER DISTANCIA DE SEGURIDAD
1314;3314;12/20/2023 9:15 AM;HERIDOS;CHOQUE;VEHICULO;-74,09166451;4,512329648;5;;2;SE REALIZA ORDEN DE COMPARENDO N 39536537 AL CONDUCTOR DEL VEHICULO N 2 POR INFRACCION D01;139;IMPERICIA EN EL MANEJO
1315;3315;12/20/2023 8:41 AM;HERIDOS;CHOQUE;VEHICULO;-74,06983463;4,637974226;13;;2;SE CORRIGE NUMERO DE LICENCIA DE TRANSITO 10029962701 Y EL PROPIETARIO BOTERO OSPINA RICARDO CC 1055918729;112;DESOBEDECER SEÑALES O NORMAS DE TRANSITO
1316;3316;12/20/2023 8:40 AM;DANOS;CHOQUE;VEHICULO;-74,14562044;4,631108834;8;;;SE CORRIGE GRAVEDAD DEL ACCIDENTE ES SOLO DAÑOS YA QUE AL MOMENTO DE REALIZAR LA INMOVILIZACION LA VICTIMA Y LOS FAMILIARES HERMANA DE GERMAN LILIANA BOHORQUEZ PEÑA CEDULA 1012382338 DE 32 AÑOS NO DEJAN CONOCER EL ACCIDENTE POR LESIONES Y DESISTE;121;NO MANTENER DISTANCIA DE SEGURIDAD
1317;3317;12/20/2023 7:30 AM;HERIDOS;CHOQUE;VEHICULO;-74,18263761;4,633648361;7;;2;ACLARO CASILLA 8 2 MATRICULADO VEHICULO 1 FUNZA NO SE DEJA A DISPOSICION YA QUE LOS LESIONADOS NO DESEAN INTERPONER QUERELLA NO SE DIAGRAMA LOS VEHICULOS YA QUE FUERON MOVIDOS DEL LUGAR ;112;DESOBEDECER SEÑALES O NORMAS DE TRANSITO
1318;3318;12/20/2023 5:40 AM;HERIDOS;VOLVAMIENTO;;-74,07652724;4,602209443;3;;1;SE CORRIJE HORA DE OCURRENCIA 05 40 HIPOTESIS 119 CONDUCTOR FRENA BRUSCAMENTE POR EVITAR COLISIONAR CON OTRO VHEICULO DONDE QUE SE CRUZA AL REALIZAR UNA MANIOBRA NO SE RADICA EN FISCALIA YA QUE LA VICTIMA NO DESEA INTERPONER QUERELLA EN EL MOMENTO ;119;FRENAR BRUSCAMENTE
1319;3319;12/20/2023 4:00 AM;DANOS;CHOQUE;OBJETO;-74,11845235;4,494902179;5;;;DAÑOS AL INMUEBLE EN LA DIRECCION CRA 14 N 104 41  SUR REJAS DAÑADAS EN EL LUGAR DE LOS HECHOS Y HOJAS SINC ROTAS AL CONDUCTOR VH1 SE LE REALIZA PRUEBA DE TEMIZAJE DE LO CUAL ARROJA UN RESULTADO NEGATIVO SE ENTREGA DOCUMENTOS COMPLETOS Y COPIA EN EL LUGAR NO SE ENCUENTRA EL PROPIEATRIO DEL INMUEBLE ;157;OTRA HIPÓTESIS (CONDUCTOR)
1320;3320;12/20/2023 1:54 AM;MUERTOS;CHOQUE;VEHICULO;-74,16721881;4,595989983;7;1;3;SE REALIZA ORDEN DE COMPARENDO NUMERO 11001707070000039535346 POR INFRACCION D 01;112;DESOBEDECER SEÑALES O NORMAS DE TRANSITO
1321;3321;12/20/2023 1:15 AM;HERIDOS;CHOQUE;VEHICULO;-74,18836144;4,643390566;7;;3;NO SE DIAGRAMA LOS VEHICULOS YA QUE FUERON MOVIDOS DE SU POSICION FINAL;114;EMBRIAGUEZ APARENTE
1322;3322;12/19/2023 10:30 PM;HERIDOS;ATROPELLO;;-74,18263627;4,633651282;7;;2;SE REALIZA ORDEN DE COMPARENDO AL VH1 NUMERO 39524895 INFRACCION C35 Y COMPARENDO NUMERO 39519583 INFRACCION D01;142;SEMAFORO EN ROJO
1323;3323;12/19/2023 10:13 PM;HERIDOS;CAIDA;;-74,16864855;4,631827992;8;;1;REDUCTOR DE VELOCIDAD RESALTO SIN SEÑALIZACION EN EL AFALTO EL VEHICULO NO SE DIAGRAMA YA QUE FUE MOVIDO DE SU POSICION FINAL;112;DESOBEDECER SEÑALES O NORMAS DE TRANSITO
1324;3324;12/19/2023 9:40 PM;HERIDOS;ATROPELLO;;-74,11703346;4,501506828;5;;1;DIRECCION DEL PEATON CALLE 97 SUR N 8 70 LA VIA NO CUENTA CON ANDEN PARA EL PASO PEATONAL;157;OTRA HIPÓTESIS (CONDUCTOR)
1325;3325;12/19/2023 9:10 PM;HERIDOS;CHOQUE;VEHICULO;-74,17332766;4,639931171;8;;1;SE DEJA CONSTANCIA QUE LA PERSONA LESIONADA MENOR DE EDAD ACUDIENTE MARIA LIRY CALDERON MONTAÑA CC 28866342 MANIFIESTA LIBRE VOLUNTARIAMENTE NO INTERPONER QUERELLA O DENUNCIA A LA CONTRAPARTE VEHICULO 1 Y 2 SE CORRIGE CASILLA N 8 2 VEHICULO 1 NUMERO REVISION TECNICO MECANICA ES 165649398;157;OTRA HIPÓTESIS (CONDUCTOR)
1326;3326;12/19/2023 8:10 PM;DANOS;CHOQUE;VEHICULO;-74,03574643;4,731170354;1;;;LA CONDUCTORA DEL VEHICULO N 2 SE HACE VALORAR POR LA AMBULANCIA QUE SE ENCONTRABA EN EL LUGAR POR DECISION DE ELLA SE BAJA DE LA AMBULANCIA DESISTIENDO EL TRASLADO Y DE INTERPONER QUERELLA SE CORRIGE CASILLA N 8 SIENDO SEXO FEMENINO;112;DESOBEDECER SEÑALES O NORMAS DE TRANSITO
1327;3327;12/19/2023 8:05 PM;HERIDOS;CHOQUE;VEHICULO;-74,16903479;4,625286031;8;;3;SE DEJA CONSTANCIA QUE LAS PARTES VOLUNTARIAMENTE MANIFIESTAN NO QUERER DENUNCIAR O QUERELLAR AL MOMENTO SE LES EXPLICA EL DEBIDO PROCEDIMIENTO AL LUGAR LLEGA LA MADRE DE LA MENOR E INDICA NO REALIZAR DENUNCIA LA SEÑORA DERLY GARCIA MADRE DE LA MENOR EL VH1 ES UNA BICICLETA ELECTRICA;127;TRANSITAR EN CONTRAVIA
1328;3328;12/19/2023 7:15 PM;HERIDOS;CAIDA;;-74,1836488;4,633266306;7;;1;SE CORRIGE CASILLA 3 1 LOCALIDAD BOSA Y CASILLA 8 2 RESPONSABILIDAD CONTRACTUAL N 2000323518 HIPOTESIS 506 NO HACER USO DE LOS ELEMENTOS DE SUJECION DEL VEHICULO;506;OTRA HIPÓTESIS (PASAJERO O ACOMPAÑANTE)
1329;3329;12/19/2023 4:48 PM;HERIDOS;CHOQUE;VEHICULO;-74,04460711;4,760512018;1;;1;SE DEJA CONSTANCIA QUE EL SEÑOR CASTELLANO DIAZ SEBASTIAN NO DESEA INTERPONER QUERELLA  EN ESTE MOMENTO DE LO CUAL QUEDA REGISTRADO EN VIDEO;121;NO MANTENER DISTANCIA DE SEGURIDAD
1330;3330;12/19/2023 4:20 PM;HERIDOS;CHOQUE;VEHICULO;-74,08371335;4,614391297;14;;2;SE CORRIJE HIPOTESIS DE ACCIDENTE DE TRANSITO 121;121;NO MANTENER DISTANCIA DE SEGURIDAD
1331;3331;12/19/2023 3:19 PM;DANOS;CHOQUE;OBJETO;-74,14958743;4,676505262;9;;;VEHICULO N1 OCASIONA DAÑOS A 3 POSTES ADSCRITOS A LAS EMPRESAS EN EL 510 Y N 2074853 Y EMPRESA CODENSA N 2073784;145;ARRANCAR SIN PRECAUCION
1332;3332;12/19/2023 3:18 PM;HERIDOS;CHOQUE;VEHICULO;-74,08956093;4,736096804;11;;1;SE DEJA CONSTANCIA EN EL LUGAR DE LOS HECHOS SOLO SE ENCUENTRA EL VEHICULO DE PLACA BDF895;157;OTRA HIPÓTESIS (CONDUCTOR)
1333;3333;12/19/2023 2:53 PM;HERIDOS;CAIDA;;-74,15231926;4,623149922;8;;1;MANIFIESTAN QUE UNA MOTOCICLETA SE LE ATRAVESO EN LA VIA POR LO CUAL FRENA BRUSCAMENTE;119;FRENAR BRUSCAMENTE
1334;3334;12/19/2023 2:34 PM;DANOS;CHOQUE;VEHICULO;-74,15504304;4,626911502;8;;;ES DE ANOTAR QUE EL CONDUCTOR N 1 TIENE LICENCIA SUSPENDIDA DE IGUAL FORMA SE NOTIFICAN ORDENES DE COMPARENDO 39535174 INFRACCION F GRADO 1 39535187 INFRACCION B01 LOS VEHICULOS SON MOVIDOS DE SU POSICION FINAL POR TANTO NO SE MIDEN;115;EMBRIAGUEZ O SUSTANCIAS ALUCINOGENAS
1335;3335;12/19/2023 2:10 PM;HERIDOS;CHOQUE;VEHICULO;-74,07194821;4,666635444;12;;1;NO SE DIAGRAMA VH3 YA QUE FUE MOVIDO DE SU POSICION FINAL VH1 SE ENCUENTRA PARQUEADO EN SENTIDO CONTRARIO DE LA VIA COMPARENDO NUMERO 39534547 POR D03;141;VEHICULO MAL ESTACIONADO
1336;3336;12/19/2023 1:50 PM;HERIDOS;CHOQUE;VEHICULO;-74,11233131;4,618824936;16;;1;HORA DE OCURRENCIA 13 50 HORA DE LEVANTAMIENTO 14 50 HIPOTESIS 103 PARA EL CONDUCTOR DEL VEHICULO  N 1 ADELANTAR CERRANDO ;103;ADELANTAR CERRANDO
1337;3337;12/19/2023 1:32 PM;HERIDOS;CHOQUE;VEHICULO;-74,06468334;4,649653598;2;;2;SOAT VEHICULO N 2 85705941 TECNOMECANICA 165722544;103;ADELANTAR CERRANDO
1338;3338;12/19/2023 1:24 PM;HERIDOS;ATROPELLO;;-74,06036643;4,68396902;12;;1;SE CONOCE EL EVENTO COMO RECOCOCIMIENTO HOSPITALARIO EN EL HOSPITAL SOLO SE ENCUENTRA EL PEATON SE DESCONOCE LA UBICACION DEL CONDUCTOR DEL VEHICULO LA ESPOSA DEL PEATON TIENE LA SIGUIENTE PLACA DAB824 KIA Y MANIFIESTA QUE EL VEHICULO SE FUE EL QUE ATROPELLA EL PEATON;157;OTRA HIPÓTESIS (CONDUCTOR)
1339;3339;12/19/2023 11:30 AM;HERIDOS;CAIDA;;-74,1401541;4,567183719;6;;1;SE CORRIGE CASILLA 11 HIPOTESIS PARA EL PASAJERO 506 NO HACER USO DE LOS ELEMENTOS DE SEGURIDAD DEL VEHICULO LA CAIDA DEL OCUPANTE OCURRE DENTRO DE LAS INSTALACIONES DEL PORTAL TUNAL;506;OTRA HIPÓTESIS (PASAJERO O ACOMPAÑANTE)
1340;3340;12/19/2023 11:30 AM;HERIDOS;CHOQUE;VEHICULO;-74,16131405;4,595754222;7;;2;LA MOTOCICLETA IMPACTA CON UN CAMION QUE SE ENCONTRABA A UN COSTADO DE LA VIA DERECHO RESPONSABLE JAVIER ALONSO GUAYACUNDO DUARTE CC 79514565 EDAD 54 AÑOS OBJETO FIJO DE PLACAS WFQ649 TIPO CAMION DE IGUAL FORMA TAXI AUTOMOVIL Y MOTOCICLISTA FUERON MOVIDOS DE SU POSICION FINAL;103;ADELANTAR CERRANDO
1341;3341;12/19/2023 10:45 AM;MUERTOS;CHOQUE;VEHICULO;-74,08184958;4,706573665;11;1;;SIENDO LAS 13 15 HORAS EL CENTRO ASISTENCIAL QUE EL CONDUCTOR DE LA MOTOCICLETA FALLECE PLACAS DEL VH2  BRH984;98;TRANSITAR ENTRE VEHICULOS
1342;3342;12/19/2023 9:10 AM;HERIDOS;CHOQUE;VEHICULO;-74,17279927;4,615845931;7;;1;SE DEJA CONSTANCIA QUE SE EXPLICA DEL PROCEDIMIENTO POR PARTE DE LA POLICIA DE TRANSITO BOGOTA AL SEÑOR VICTOR MANUEL SALGADO RINCON Y SUS FAMILIARES EL CUAL MANIFESTARON NO REQUERIR NADA POR PARTE DE LA POLICIA DE TRANSITO Y NO QUERELLAR ANTE EL SEÑOR LUIS FELIPE LOPEZ PERO SE DEJA INFORME DE TRANS;112;DESOBEDECER SEÑALES O NORMAS DE TRANSITO
1343;3343;12/19/2023 8:50 AM;HERIDOS;CHOQUE;VEHICULO;-74,14511643;4,590346757;6;;1;SE NOTIFICA ORDEN DE COMPARENDO CONDUCTOR VEHICULO N 2 POR INFRACCION D 02 N 39534203 INFRACCION C35 N 39534109;121;NO MANTENER DISTANCIA DE SEGURIDAD
1344;3344;12/19/2023 8:40 AM;HERIDOS;CHOQUE;VEHICULO;-74,08958641;4,718890162;11;;1;SOBRE LA CARRERA 89 SE ENCONTRABAN VARIOS VEHICULOS ESTACIONADOS Y UNO DE ELLOS ES DE PLACA WNN393 Y A VER EL SINIESTRO VIAL SE RETIRA ESTE VEHICULO OBSTRUYE LA VISIBILIDAD DE LOS IMPLICADOS;141;VEHICULO MAL ESTACIONADO