CODIGO_ACCIDENTE;FORMULARIO;FECHA;GRAVEDAD;CLASE;CHOQUE;LONGITUD;LATITUD;CODIGO_LOCALIDAD;TOTAL_MUERTOS;TOTAL_HERIDOS;TEXTO_OBSERVACIONES;CODIGO_CAUSA;DESCRIPCION
1345;3345;12/19/2023 8:26 AM;HERIDOS;CHOQUE;VEHICULO;-74,10143445;4,597881417;14;;2;CORRIJO HIPOTESIS DEL VHEICULO N 2 112 ES UNA SOLA CASILLA ;112;DESOBEDECER SEÑALES O NORMAS DE TRANSITO
1346;3346;12/19/2023 7:40 AM;HERIDOS;CHOQUE;VEHICULO;-74,16288435;4,621548506;8;;2;EL VEHICULO N 2 NO SE DIAGRAMA YA QUE FUE MOVIDO DEL LUGAR DEL CHOQUE ;127;TRANSITAR EN CONTRAVIA
1347;3347;12/19/2023 7:15 AM;HERIDOS;CHOQUE;VEHICULO;-74,17724637;4,632335947;8;;1;SE DEJA CONSTANCIA QUE EL VEHICULO N3 FUE MOVIDO DE SU POSICION FINAL DESCONOCIENDO LOS MOTIVOS;122;GIRAR BRUSCAMENTE
1348;3348;12/19/2023 6:30 AM;HERIDOS;CHOQUE;VEHICULO;-74,18659521;4,622224897;7;;2;VEHICULO N 2 BICICLETA ELECTRICA;157;OTRA HIPÓTESIS (CONDUCTOR)
1349;3349;12/19/2023 4:13 AM;HERIDOS;CHOQUE;VEHICULO;-74,11798028;4,576105044;18;;4;HIPOTESIS 157 PARA LOS CONDUCTORES N 1 Y 2 POR ESTABLECER CUAL DE LOS DOS CONDUCTORES SE PASA EL SEMAFORO EN LUZ ROJA SE OCRRIJE HIPOTESIS 157 PARA LOS DOS CONDUCTORES ;157;OTRA HIPÓTESIS (CONDUCTOR)
1350;3350;12/19/2023 2:34 AM;HERIDOS;VOLVAMIENTO;;-74,14239405;4,653730032;8;;2;SE REALIZA EN METROS Y CENTIMENTROS NO A ESCALA SE DEJA CONSTANCIA QUE NO SE TOMAN MEDIDAS YA QUE MOVIERON EL VH DE LA POSICION FINAL SE HACE CARGO DE LA MOTOCICLETA AUXILIAR SANTIAGO CUADROS CC 1012465798 MANIFIESTAN NO INTERPONER QUERELLA VOLUNTARIAMENTE ;157;OTRA HIPÓTESIS (CONDUCTOR)
1351;3351;12/19/2023 1:00 AM;HERIDOS;CHOQUE;VEHICULO;-74,10246297;4,595534989;16;;4;ANEXO 03932;127;TRANSITAR EN CONTRAVIA
1352;3352;19/12/2023;MUERTOS;ATROPELLO;;-74,11786226;4,630793366;16;1;1;SE CORRIGE CASILLA 2 GRAVEDAD CON MUERTOS;157;OTRA HIPÓTESIS (CONDUCTOR)
1353;3353;12/18/2023 9:30 PM;DANOS;CHOQUE;VEHICULO;-74,09553163;4,529123693;5;;;SE REALIZA ORDEN DE COMPARENDO 39534936 POR F1 ESTADO DE EMBRIAGUEZ CON N 43959 DE MEDICINA LEGAL GRADO 1 SE ENTREGAN COPIAS DEL INFORME DE ACCIDENTES DE TRANSITO A LOS PRESUNTOS INFRACTORES INFRACTOR DE TAXI NO PORTA LICENCIA CONDUCCION ;115;EMBRIAGUEZ O SUSTANCIAS ALUCINOGENAS
1354;3354;12/18/2023 9:26 PM;HERIDOS;CAIDA;;-74,13867115;4,656644401;8;;3;NO SE TOMARON MEDIDAS YA QUE EL VEHICULO NO SE ENCONTRABA EN SU POSICION FINAL CONDUCTOR ARRANCA SIN PRECAUCION DE QUE LOS PASAJEROS SE HABIAN SENTADO YA QUE SON DE LA TERCERA EDAD;143;PONER EN MARCHA UN VEHICULO SIN PRECAUCIONES
1355;3355;12/18/2023 8:45 PM;HERIDOS;CHOQUE;VEHICULO;-74,08635948;4,692815239;10;;2;ACLARO CC DEL CONDUCTOR VEHICULO N 3 LA CUAL ES 1070628250 CENTRO MEDICO DONDE SE ENCUENTRA EL CONDUCTOR N 3 MEDICLINICA SANTA ANA ;121;NO MANTENER DISTANCIA DE SEGURIDAD
1356;3356;12/18/2023 7:23 PM;HERIDOS;ATROPELLO;;-74,10024417;4,549626705;4;;2;411 ARTICULO 58 NUMERAL 4 LEY 769 DEL 2002;157;OTRA HIPÓTESIS (CONDUCTOR)
1357;3357;12/18/2023 6:36 PM;HERIDOS;CHOQUE;VEHICULO;-74,04973804;4,752174653;11;;2;SE DEJA CONSTANCIA QUE LA MOTOCICLETA DE PLACAS AJV11F QUEDA A CARGO DEL CUADRNATE 7 DEL CAI SAN JOSE YA QEU AL CONSULTARLA EN EL DISPOSITIVO PDA REGISTRA 913 HURTADA QUEDA A SU DISPOSIICON PARA EL RESPECTIVO PROCEDIMIENTO CONDUCTOR VH 1 NO DESE QUERELLAR;143;PONER EN MARCHA UN VEHICULO SIN PRECAUCIONES
1358;3358;12/18/2023 6:25 PM;HERIDOS;CHOQUE;VEHICULO;-74,09793443;4,671356254;10;;1;VEHICULO N 2 BICICLETA ;104;ADELANTAR INVADIENDO CARRIL DE SENTIDO CONTRARIO
1359;3359;12/18/2023 5:47 PM;HERIDOS;CAIDA;;-74,09203821;4,650820893;13;;1;SE CORRIJE CLASE DE ACCIDENTE CAIDA OCUPANTE ;119;FRENAR BRUSCAMENTE
1360;3360;12/18/2023 5:30 PM;HERIDOS;CHOQUE;VEHICULO;-74,13186973;4,645128522;8;;1;CONDUCTOR DE MOTOCICLETA DEL VEHICULO N 2 MANIFIESTA NO QUERER INTERPONER QUERELLA ;121;NO MANTENER DISTANCIA DE SEGURIDAD
1361;3361;12/18/2023 5:10 PM;HERIDOS;CHOQUE;VEHICULO;-74,14933747;4,602288757;8;;2;SE CORRIJE CEDULA VICTIMA 1000789328;121;NO MANTENER DISTANCIA DE SEGURIDAD
1362;3362;12/18/2023 4:13 PM;MUERTOS;ATROPELLO;;-74,04073508;4,683136175;1;1;1;SE CORRIJE N DE LICENCIA DE TRANSITO 10028285154 Y EL PROPIETARIO DEL VEHICULO ES MARIA FERNANDA CORTES DE CC 1022423043 NOTA NO SE DIAGRAMA EL VEHICULO 1 YA QUE FUE MOVIDO DEL LUGAR DE LOS HECHOS SE NOTIFICA LAS ORDENES DE COMPARENDO A LA MADRE DEL CONDUCTOR POR LAS INFRACCION D02 COMPARENDO N 3953;157;OTRA HIPÓTESIS (CONDUCTOR)
1363;3363;12/18/2023 3:48 PM;HERIDOS;ATROPELLO;;-74,1025549;4,604651858;16;;1;CORRIJO CASILLA 8 2 VH1 REVISION TECNICO MECANICA N 162213726 SEÑORA PEATON MANIFIESTA NO INTERPONER NINGUN TIPO DE QUERELLA MANIFESTANDO LLEGAR A UN ACUERDO CON EL CONDUCTOR DEL VEHICULO;157;OTRA HIPÓTESIS (CONDUCTOR)
1364;3364;12/18/2023 3:40 PM;HERIDOS;CHOQUE;VEHICULO;-74,18586307;4,61084703;7;;1;EN EL LUGAR DE LOS HECHOS HACE PRESENCIA EL SEÑOR NELSON VALENCIA GONZALEZ CC 19484514 DE BOGOTA QUIEN MANIFIESTA SER ACOMPAÑANTE DEL VEHICULO AUTOMOVIL QUE AL PARECER EL ACCIDENTE DE TRANSITO SIN APORTAR NINGUN TIPO DE INFORMACION RELACIONADO QUE EL VEHICULO Y EL CONDUCTOR EN EL LUGAR EXISTE CAMARA;157;OTRA HIPÓTESIS (CONDUCTOR)
1365;3365;12/18/2023 2:13 PM;HERIDOS;ATROPELLO;;-74,10761158;4,543924899;18;;2;SE REALIZA ORDEN DE COMPARENDO N 39534138 AL CONDUCTOR V1 POR INFRACCION D01;139;IMPERICIA EN EL MANEJO
1366;3366;12/18/2023 2:10 PM;HERIDOS;CAIDA;;-74,0657723;4,644075446;13;;1;CORRIJO FECHA DE OCURRENCIA Y HORA DEL INCIDENTE DE IGUAL FORMA FECHA Y HORA LEVANTAMIENTO 18 12 2023 HORA 14 10 CLASE ACCIDENTE CAIDA OCUOANTE CORRIJO LOCALIDAD TEUSAQUILLO CORRIJO DIRECCION AV CARACAS X CALLE 57 CORRIJO HIPOTESIS 119 CNT ;119;FRENAR BRUSCAMENTE
1367;3367;12/18/2023 12:00 PM;HERIDOS;CHOQUE;VEHICULO;-74,13863085;4,65664129;8;;1;ME PERMITO ACLARAR EL NÚMERO TELEFONICO DEL CONDUCTOR VEHICULO N 2 TEL 3212062332 SR IVAN DARIO RODRIGUEZ ;121;NO MANTENER DISTANCIA DE SEGURIDAD
1368;3368;12/18/2023 11:00 AM;HERIDOS;CHOQUE;VEHICULO;-74,13299529;4,701344936;10;;1;NO SE CONOCE EL CASO POR FISCALIA YA QUE EL CONDUCTOR DE LA MOTOCICLETA NO INTERPONE QUERELLA EN CONTRA DEL CONDUCTOR DEL VEHICULO Y LLEGAN A UN ACUERDO POR 300 000  POR LESIONES Y DAÑOS DE LA MOTO POR TAL MOTIVO NO SE INMOVILIZAN VEHICULOS;121;NO MANTENER DISTANCIA DE SEGURIDAD
1369;3369;12/18/2023 10:00 AM;HERIDOS;CHOQUE;VEHICULO;-74,0519282;4,676783283;2;;3;LA CONDUCTORA DEL VH2 MANIFIESTA NO QUERER INTERPONER QUERELLA REQUISITO EXIGIDO POR LA FISCALIA PARA RADICAR EL CASO ANTE ELLOS DE ACUERDO A RESOLUCIONES 01670 Y 03922 DE 2016 Y CIRCULAR 001 DEL 25 05 2017 POR TAL MOTIVO NO SE INMOVILIZAN VEHICULOS NI SOLICITUD DE PENITAJE YA QUE LLEGAN A UNA CONCI;157;OTRA HIPÓTESIS (CONDUCTOR)
1370;3370;12/18/2023 7:12 AM;HERIDOS;CHOQUE;VEHICULO;-74,14829326;4,617852397;8;;2;EN EL VEHICULO 1 IBA DE ACOMPAÑANTE LA SEÑORA MARIA EUGENIA OJEDA LA CUAL MANIFIESTA NO REQUERIR VALORACION NI TRASLADO AL CENTRO ASISTENCIAL;157;OTRA HIPÓTESIS (CONDUCTOR)
1371;3371;12/18/2023 7:10 AM;HERIDOS;OTRO;;-74,04542952;4,755766171;1;;1;CIUDADANA QUE FUE ATENDIDA EN LA ENFERMERIA DEL PORTAL DEL NORTE Y ES TRASLADADA AL HOSPITAL SIMON BOLIVAR EN LA AMBULANCIA 6889 NO SE DIAGRAMA EL VEHICULO YA QUE SE ENCUENTA EN AVERIGUACION ;157;OTRA HIPÓTESIS (CONDUCTOR)
1372;3372;12/18/2023 6:37 AM;DANOS;CHOQUE;OBJETO;-74,13781474;4,543548128;19;;;CHOCA CONTRA VIVIENDA DE NOMENCLATURA CARRERA 17 A N 74 28 SUR PROPIETARIA LA SEÑORA KARENT TATIANA MONTOYA CARRILO CC 1014296011 DAÑOS PUERTA MARCO PUERTA DAÑOS FACHADA PARED DE LA ENTRADA TUBERIA AGUA TELEFONO 3105782471 SE REALIZA COMPARENDO F 39533461 GRADO 1 D01;115;EMBRIAGUEZ O SUSTANCIAS ALUCINOGENAS
1373;3373;12/18/2023 6:09 AM;HERIDOS;CAIDA;;-74,17141525;4,628141296;8;;1;157 VEHICULO RECOGE PASAJEROS A UNA DISTANCIA NO PRUDENTE PARA SUBIR Y BAJAR LOS PASAJEROS;506;OTRA HIPÓTESIS (PASAJERO O ACOMPAÑANTE)
1374;3374;12/18/2023 4:43 AM;HERIDOS;CHOQUE;VEHICULO;-74,12223426;4,635177816;8;;1;LOS VEHICULOS NO SE DIAGRAMAN YA QUE FUERON MOVIDOS DE SU POSICION FINAL;112;DESOBEDECER SEÑALES O NORMAS DE TRANSITO
1375;3375;12/18/2023 2:20 AM;DANOS;CHOQUE;OBJETO;-74,10802392;4,598139056;15;;;SE ACLARA PLACA DEL VEHICULO WGG542 MEDIDA N 2X 0 10 Y 0 0 VEHICULO PIERDE EL CONTROL POR PRESUNTO CIERRE DE UN MOTOCICLISTA EL CUAL NO SUFRIO DAÑOS  Y CONTINUA CON SU CAMINO VEHICULO IMPACTA CONTRA SEPARADOR DERIBA POSTE SEMAFORICO Y SU POSICION FINAL ES SOBRE OTRO SEPARADOR MEDIDAD N 10 X 62 9 Y 2;157;OTRA HIPÓTESIS (CONDUCTOR)
1376;3376;12/17/2023 11:00 PM;HERIDOS;CAIDA;;-74,11493817;4,672315248;10;;1;NO SE PLASMA TARJETA DE OPERACION YA QUE EL VEHICULO SE DA A LA FUGA DEL LUGAR ;157;OTRA HIPÓTESIS (CONDUCTOR)
1377;3377;12/17/2023 10:50 PM;HERIDOS;CHOQUE;VEHICULO;-74,17624591;4,632777066;8;;2;SE REALIZA ORDEN DE COMPARENDO N 39533426 POR INFRACCION C35 EL CONDUCTOR VH2 REVISION TECNICO MECANICA VENCIDA DESDE 24 11 2023;104;ADELANTAR INVADIENDO CARRIL DE SENTIDO CONTRARIO
1378;3378;12/17/2023 7:30 PM;HERIDOS;CHOQUE;VEHICULO;-74,13595913;4,692870889;9;;1;HIPOTESIS 121 VEHICULO N 1;121;NO MANTENER DISTANCIA DE SEGURIDAD
1379;3379;12/17/2023 6:21 PM;HERIDOS;CHOQUE;VEHICULO;-74,1211131;4,545708303;5;;3;HIPOTESIS DE ACCIDENTALIDAD VEHICULO N 1 NUMERO 122 GIRAR BRUSCAMENTE;122;GIRAR BRUSCAMENTE
1380;3380;12/17/2023 4:30 PM;HERIDOS;CHOQUE;VEHICULO;-74,14726856;4,569514192;19;;1;EVENTO CONOCIDO COMO RECONOCIMIENTO NO HACER ENTREGA DE VHEICULO YA QUE SE ENCUENTRA EN LA RESIDENCIA Y NO SE ENCUENTRA NINGUN RESPONSABLE ;132;NO RESPETAR PRELACION
1381;3381;12/17/2023 4:24 PM;HERIDOS;CHOQUE;VEHICULO;-74,11052374;4,54923135;5;;4;CORRIJO PROPIETARIA MISMPO CONDUCTOR VH 2 ES NO COMPARENDO N 39533499 AL VEHICULO N 1 INFRACCION D01;139;IMPERICIA EN EL MANEJO
1382;3382;12/17/2023 4:19 PM;HERIDOS;CHOQUE;VEHICULO;-74,10798503;4,552345911;18;;3;NO SE DIAGRAMA EL AUTOMOVIL EN EL INFORME YA QUE FUE MOVIDO DE LA POSICION FINAL SE CORRIGE CASILLA NUMERO 10 TOTAL HERIDOS 3;122;GIRAR BRUSCAMENTE
1383;3383;12/17/2023 4:09 PM;DANOS;CHOQUE;VEHICULO;-74,12925921;4,577876229;6;;;NO SE DIAGRAMA EL VHEICULO NÚMERO 1 EN EL BOSQUEJO TOPOGRAFICO YA QUE FUE MOVIDO DE SU POSICION FINAL ASI MISMO EN LA CASILLA NÚMERO 8 2 DEL VEHICULO  N 1 REVISION TECNOMECANICA ES 166388273;157;OTRA HIPÓTESIS (CONDUCTOR)
1384;3384;12/17/2023 3:20 PM;HERIDOS;CHOQUE;VEHICULO;-74,16449112;4,633151348;8;;1;ES DE RESALTAR QUE LA SEÑORA MOSCOTE SIERRA LUCY ESTHER CON CC 1129539664 LESIONADA MANIFIESTA LIBRE Y VOLUNTARIAMENTE NO INTERPONER QUERELLA POR LAS LESIONES PRESENTADAS EN EL ACCIDENTE DE TANSITO RESOLUCION 01670 Y 03922 DEL 2016 Y CIRCULAR 001 DEL 25 DE MAYO DEL 2017 ASI MISMO SE LE EXPLICA QUE T;121;NO MANTENER DISTANCIA DE SEGURIDAD
1385;3385;12/17/2023 12:20 PM;DANOS;CHOQUE;VEHICULO;-74,07071714;4,612146937;3;;;CORRIJE DAÑOS VEHICULO 1 LLANTA DELANTERA  TRASERO DAÑADO SE REALIZA ORDEN DE COMPARENDO N 39526604 ;115;EMBRIAGUEZ O SUSTANCIAS ALUCINOGENAS
1386;3386;12/17/2023 11:42 AM;HERIDOS;CAIDA;;-74,12689937;4,615729025;16;;5;SE CORRIJE CASILLA N 9 CLINICA MEDICAL KENNEDY SIENDO LA CORRECTA DEL TRASLADO DE LAS VICTIMAS ;119;FRENAR BRUSCAMENTE
1387;3387;12/17/2023 9:20 AM;DANOS;CHOQUE;VEHICULO;-74,09288821;4,666132861;12;;;CORRIJO FECHA DEL ACCIDENTE 17 DICIEMBRE 2023;132;NO RESPETAR PRELACION
1388;3388;12/17/2023 8:50 AM;HERIDOS;ATROPELLO;;-74,12000266;4,604765847;16;;1;ACLARO DIRECCION DEL EVENTO SIENDO CARRERA 50 CON CALLE 18  A ACLARO CLASE DEL SERVICIO SIENDO PARTICULAR ;139;IMPERICIA EN EL MANEJO
1389;3389;12/17/2023 8:40 AM;HERIDOS;CHOQUE;VEHICULO;-74,15492771;4,596596401;19;;1;SE CORRIGE NUMERO DE CEDULA DE CONDUCTOR NUMERO 1 LA CUAL QUEDA ASI 1233895518 SE CORRIGE CASILLA 3 1 LA CUAL QUEDA ASI CIUDAD BOLIVAR PROCEDIMIENTO SE DEJA A DISPOSICION DE CIUDAD BOLIVAR;98;TRANSITAR ENTRE VEHICULOS
1390;3390;12/17/2023 5:40 AM;HERIDOS;CHOQUE;VEHICULO;-74,12184754;4,594162223;16;;1;CORRIJO CASILLA 8 3 CLASE DE VEHICULO SIENDO MOTOCICLETA DE SERVICIO PARTICULAR  NO SE RADICA EL CASO ANTE FISCALIA TENIENDO EN CUENTA LA CIRCULAR 001 DEL 25 MAYO DEL 2017 EL CIUDADANO LESIONADO NO DESEA INTERPONER QUERELLAR HIPOTESIS 121 PARA EL CONDUCTOR DE LA MOTO ;121;NO MANTENER DISTANCIA DE SEGURIDAD
1391;3391;12/17/2023 5:28 AM;HERIDOS;CHOQUE;VEHICULO;-74,16336057;4,618687866;8;;1;VEHICULO 2 EN FUGA EN EL LUGAR DDE LOS  HECHOS SE ENCUENTRA EL SEÑOR MICHAEL STIWEN HOLMOS CASTELBLANCO CON CEDULA DE CIUDADANIA 1001344729 MANIFIESTA QUE LAS PLACAS DEL VEHICULO QUE SE DIO A FUGA SON ZXV295 MARCA CHEVROLET COLOR GRIS ;157;OTRA HIPÓTESIS (CONDUCTOR)
1392;3392;12/17/2023 2:50 AM;DANOS;CHOQUE;VEHICULO;-74,10049793;4,603813257;16;;;SE REALIZA ORDEN DE COMPARENDO N 39520632 POR LA INFRACCION F GRADO 3 PARA EL CONDUCTOR VH2;121;NO MANTENER DISTANCIA DE SEGURIDAD
1393;3393;12/17/2023 2:04 AM;HERIDOS;CHOQUE;VEHICULO;-74,14076162;4,630491266;8;;4;CONDUCTOR DEL VH1 SE ESTACIONA Y DENTRO DEL VEHICULO CON EL MISMO ENCENDIDO;157;OTRA HIPÓTESIS (CONDUCTOR)
1394;3394;12/17/2023 1:40 AM;HERIDOS;CHOQUE;VEHICULO;-74,09832796;4,74184226;11;;1;SE CORRIJE LICENCIA DE TRANSITO VH N 1 SIENDO ESTA 10026698276;157;OTRA HIPÓTESIS (CONDUCTOR)
1395;3395;12/17/2023 1:11 AM;DANOS;CHOQUE;VEHICULO;-74,12143191;4,695960453;10;;;SE DEJA CONSTANCIA QUE EL SITIO INCIAL DEL ACCIDENTE ES EN LA CALLE 65 CARRERA 98 A DONDE EL SEÑOR RAUL QUIROGA EMPRENDE LA HUIDA DONDE 3 CUEDRAS DESPUES LO ALCANZA LA SEÑORA  ALBA FORERO EN LA DIRECCION CARRERA 99 CALLE 69 COMPARENDO 39531768 INFRACCION F GRADO 2 VH1;115;EMBRIAGUEZ O SUSTANCIAS ALUCINOGENAS
1396;3396;17/12/2023;DANOS;CHOQUE;OBJETO;-74,12971777;4,617965873;8;;;SE TRASLADA AL CONDUCTOR DE LA MOTOCICLETA A LA ESTACION DE POLICIA E30 PARA REALIZAR PRUEBA DE ACOHOLEMIA YA QUE EN EL LUGAR SE HACE LA PRUEBA DE TAMIZAJE A LUZ DONDE EL CONDUCTOR DEL VH1 ARROJA PORISTIVO YA QUE EN LA ESTACION AL REALIZAR LA  PRUEBA LE SALE GRADO 3 POSITIVO  COMPARENDO 39531607;141;VEHICULO MAL ESTACIONADO
1397;3397;17/12/2023;HERIDOS;CHOQUE;VEHICULO;-74,13682194;4,546204836;19;;1;EL PEATON LESIONADO EN LA CASILLA 9 NO INTERPONE QUERELLA SE DEJA CONSTANCIA BAJO LA RESOLUCION 01670 Y 03922 Y LA CIRCULAR 001 DEL 25 DE MAYO DL 2017;157;OTRA HIPÓTESIS (CONDUCTOR)
1398;3398;12/16/2023 9:27 PM;DANOS;CHOQUE;VEHICULO;-74,18117342;4,608556719;7;;;SE CORRIJE PLACA VH 1 VEM 450 SE REALIZA ORDEN DE COMPARENDO AL VH1 POR LA C 33 N 39531373;103;ADELANTAR CERRANDO
1399;3399;12/16/2023 8:30 PM;HERIDOS;ATROPELLO;;-74,17746387;4,611911967;8;;1;LA CLINICA MEDICAL DE KENNEDY SUMINISTRA LOS SIGUIENTES DATOS MOTICICLETA DE PLACAS AKI71 F MARCA BAJAJ LINEA PULSAR 200 MODELO 2019 Y COMO CONDUCTOR OMAR ALFONSO VARGAS ROMERO CON CEDULA N 79761712 CON EL CUAL SEGUN LA MOVIL 6744 MANIFIESTA HABER ESTADO INVOLUCRADO SE CORRIJE LA FECHA DEL LEVANTAMI;157;OTRA HIPÓTESIS (CONDUCTOR)
1400;3400;12/16/2023 6:13 PM;HERIDOS;VOLVAMIENTO;;-74,06887781;4,672550499;12;;45;SE ANEXA 6 ANEXOS N 2  0178 1664 1663 0177 1578 1577 1576 1575 PARA UN TOTAL DE 44 LESIONADIOS ;302;AUSENCIA O DEFICIENCIA EN DEMARCACION
1401;3401;12/16/2023 6:10 PM;HERIDOS;CHOQUE;VEHICULO;-74,12705151;4,583224355;18;;1;CORRIJO LICENCIA DE CONDUCCION CONDUCTOR N 1 19103498 NO SE DEJA A DISPOSICION URI CIUDAD BOLIVAR UA QUE EL LESIONADO NO DESEO INTERPONER NINGUNA CLASE DE DENUNCIA O QUERELLA EN EL MOMENTO;301;AUSENCIA TOTAL O PARCIAL DE SEÑALES
1402;3402;12/16/2023 5:39 PM;HERIDOS;CHOQUE;VEHICULO;-74,08310058;4,693005517;10;;1;SE ANEXA N 1 CONDUCTORES VEHICULOS PROPIETARIO N 015564;122;GIRAR BRUSCAMENTE
1403;3403;12/16/2023 5:32 PM;HERIDOS;CHOQUE;VEHICULO;-74,20570291;4,607972003;7;;2;EL VEHICULO 3 ES UN OBJETO FIJO DE PLACAS SNW415  CHEVROLET C70189 MODELO 1981 COLOR AMARILLO  RESPONSABLE EL SEÑOR VICTOR JULIO MORENO ROBAYO CC 4286655 DE 55 AÑOS CELULAR 313359569 CLL 76 A  78 F  70;112;DESOBEDECER SEÑALES O NORMAS DE TRANSITO
1404;3404;12/16/2023 4:36 PM;HERIDOS;CHOQUE;VEHICULO;-74,0997949;4,604202701;14;;3;SE REALIZA PRUEBA DE EMBRIAGUEZ EN VIA AL ONDUCTOR VH 2 LO CUAL ARROJA POSITIVO GRADO 3 SE  NOTIFICA ORDEN DE COMPARENDO POR F EN VIA 39532855;115;EMBRIAGUEZ O SUSTANCIAS ALUCINOGENAS
1405;3405;12/16/2023 4:01 PM;HERIDOS;VOLVAMIENTO;;-74,15492235;4,596612449;7;;1;SE NOTIFICA ORDEN DE COMPARENDO N 39532263 POR LA INFRACCION D12 NO DESEA INTERPONER QUERELLA HACIA EL CONDUCTOR POR TAL MOTIVO NO SE DEJA A DISPOSICION DE LA FISCALIA NO SE DIAGRAMA EL VEHICULO YA QUE FUE MOVIDO DE SU POSICION FINAL DEL LUGAR DE LOS HECHOS;304;SUPERFICIE HUMEDA
1406;3406;12/16/2023 3:23 PM;DANOS;CHOQUE;OBJETO;-74,0922603;4,525858176;4;;;CONDUCTOR NO TOMA LAS MEDIDAS NECESARIAS PARA EVITAR QUE EL VEHICULO SE PONGA EN MOVIMIENTO VH CHOCA CON OBJETO FIJO REJA O PORTON DE LA UNIDAD RESIDENCIAL BUENOS AIRES NOMENCLATURA DEL FRENTE ES CALLE 69 SUR N 11 C 79 ESTE AFECTANDO LA ESTRUCTURA DEL PORTON O REJA EL VH LUEGO QUE EL CONDUCTOR DESIE;125;ESTACIONAR SIN SEGURIDAD
1407;3407;12/16/2023 10:50 AM;HERIDOS;ATROPELLO;;-74,1004656;4,582428213;15;;2;157 HIPOTESIS 157 PARA EL CONDUCTOR DE LA MOTOCICLETA ART 14 LEY 1811 DEL 2016 NO RESPETAR DERECHOS E INTEGRIDAD DE LOS PEATONES Y DETERMINAR SEMAFORO EN ROJO ACLARO PLACA DE LA MOTO JVG89D ACLARO CEDULA PEATON 51915913;157;OTRA HIPÓTESIS (CONDUCTOR)
1408;3408;12/16/2023 10:30 AM;DANOS;CHOQUE;VEHICULO;-74,13015095;4,646152636;8;;;MEDICIONES 1808 Y 1809 POSITIVO GRADO 1 PARA EL CONDUTOR VEHICULO 1 COMPARENDO N 39532211;157;OTRA HIPÓTESIS (CONDUCTOR)
1409;3409;12/16/2023 9:15 AM;DANOS;CHOQUE;OBJETO;-74,13821901;4,607324087;8;;;SE TRASLADA  EL CONDUCTOR DEL VH1 A LAS INSTALACIONES POLICIA DE TRANSITO A REALIZAR PRUEBA DE EMBRIAGUEZ MEDICIONES 1819 1820 1821 1822 RESULTADO GRADO I POSITIVO COMPARENDO 39532217;141;VEHICULO MAL ESTACIONADO
1410;3410;12/16/2023 8:00 AM;HERIDOS;CHOQUE;VEHICULO;-74,09438489;4,687918737;10;;2;VEHICULO N 2 MOVIDO DE SU POSICION FINAL;103;ADELANTAR CERRANDO
1411;3411;12/16/2023 7:45 AM;HERIDOS;CHOQUE;VEHICULO;-74,11067528;4,616355235;16;;1;CARACTERISTICAS DE LA VIA  7 2 UTILIZACION TV 42 UN SENTIDO Y LA CALLE 4A DOBLE SENTIDO;112;DESOBEDECER SEÑALES O NORMAS DE TRANSITO
1412;3412;12/16/2023 7:30 AM;DANOS;CHOQUE;VEHICULO;-74,12945574;4,687913511;9;;;SE ACLARA N REVISION TECN VEH 1 SIENDO 164016488 VEHICULO N 3 SE ENCONTRABA ESTACIONADO CON EL AUTO APAGADO RESPONSABLE DEL MISMO EL SEÑOR WILSON JAVIER ESTRADA ;104;ADELANTAR INVADIENDO CARRIL DE SENTIDO CONTRARIO
1413;3413;12/16/2023 6:40 AM;HERIDOS;CHOQUE;VEHICULO;-74,04284058;4,771052744;1;;3;DEJA CONSTANCIA QUE NINGUNO DE LOS LESIONADOS DESEA INTERPONER QUERELLA BAJO LA RESOLUCION 01070 Y 03922 DEL 2016 Y LA CIRCULAR 001250517 LA CUAL MANIFIESTA IRSE DEL LUGAR DEL ACCIDENTE CON SUS LESIONES PERSONALES A LOS CENTROS O CLINICAS ASISTENCIALES ;121;NO MANTENER DISTANCIA DE SEGURIDAD
1414;3414;12/16/2023 6:33 AM;HERIDOS;CHOQUE;VEHICULO;-74,1255023;4,579409008;18;;2;CONDUCTOR DEL VEHICULO 2 MANIFIESTA PASAR EL SEMAFORO EN AMARILLO PARA ROJO ;142;SEMAFORO EN ROJO
1415;3415;12/16/2023 5:45 AM;HERIDOS;CHOQUE;VEHICULO;-74,09983782;4,626192338;16;;2;PUNTO DE IMPACTO VEHICULO 1 LATERAL DERECHA SE CORRIGE FECHA DEL SINIESTRO SIENDO ESTE 16 12 2023;157;OTRA HIPÓTESIS (CONDUCTOR)
1416;3416;12/16/2023 4:40 AM;HERIDOS;CHOQUE;OBJETO;-74,08131985;4,594994923;17;;1;CONDUCTOR DE MOTOCIELTA TRANSITA POR LA CALZADA DE TRANSMILENIO EL CUAL AL VERIFICAR DOCUEMNATION TIENE SOAT VIGENTE Y NO TIENE REVISION TECNICOMECANICA AL UAL SE3 REALIZA LAS ORDENES DE COMPARENDO 39518826 POR SITIOS PROHIBIDOS C14 COMPARENDO 39532414 INF D02 39518832 INF C35;157;OTRA HIPÓTESIS (CONDUCTOR)
1417;3417;12/16/2023 3:10 AM;HERIDOS;CHOQUE;VEHICULO;-74,15222036;4,620561023;8;;4;NO SE DIAGRAMA VH 2 YA QUE FUE MOVIDO DEL LUGAR DEL ACCIDENTE;122;GIRAR BRUSCAMENTE