CODIGO_ACCIDENTE;FORMULARIO;FECHA;GRAVEDAD;CLASE;CHOQUE;LONGITUD;LATITUD;CODIGO_LOCALIDAD;TOTAL_MUERTOS;TOTAL_HERIDOS;TEXTO_OBSERVACIONES;CODIGO_CAUSA;DESCRIPCION
1418;3418;12/16/2023 3:00 AM;HERIDOS;CHOQUE;VEHICULO;-74,15424913;4,631472417;8;;2;SE REALIZA ORDEN DE COMPARENDO N 39513481 A CONDUCTOR DE MOTOCICLETA HIB 76F INFRACCION D01 EL CUAL NO TIENE LICENCIA DE CODUCCION ASI MISMO LA MOTOCICLETA HIB76F NO SE DIAGRAMA YA QUE FUE MOVIDO DEL LUGAR DEL ACCIDENTE ;139;IMPERICIA EN EL MANEJO
1419;3419;12/16/2023 1:38 AM;HERIDOS;CHOQUE;VEHICULO;-74,06705416;4,68971794;12;;5;SE CORRIJE A DISPOSICIÓN DE LOS DOS VEHICULOS SIENDO ESTA URI ENGATIVA ;157;OTRA HIPÓTESIS (CONDUCTOR)
1420;3420;12/15/2023 11:18 PM;DANOS;CHOQUE;VEHICULO;-74,14161834;4,607960735;8;;;COMPARENDO POR INFRACCION F PARA EL CONDUCTOR N 3 CORRESPONDE A N 39528539 POSITO GRADO II FORMATO DE RETENCION DE LICENCIA 01861;121;NO MANTENER DISTANCIA DE SEGURIDAD
1421;3421;12/15/2023 10:21 PM;HERIDOS;ATROPELLO;;-74,09713415;4,607806642;16;;2;SE DEJA CONSTANCIA QUE DENTRO DEL PMT CON SEÑALIZACON ES UNA CARPA HERRAMIENTAS CARRETA MESAS SILLAS Y MOTOCILETA QUE SE ENCONTRABA DENTRO FUE ARROLLADO;157;OTRA HIPÓTESIS (CONDUCTOR)
1422;3422;12/15/2023 10:20 PM;HERIDOS;CHOQUE;VEHICULO;-74,13761941;4,663242996;9;;2;VEHICULOS MOVIDOS DE SU POSICION FINAL;122;GIRAR BRUSCAMENTE
1423;3423;12/15/2023 9:30 PM;HERIDOS;CHOQUE;VEHICULO;-74,10578562;4,650235788;13;;2;EL CONDUCTOR DEL VH1 Y VH2 MANIFIESTAN QUE EXISTE UN 3 VEHICULO INVOLUCRADO DE PLACAS SYS450 EL CUAL NO ESTA EN EL LUGAR DE LOS HECHOS SE DESCONOCE EL MOTIVO;98;TRANSITAR ENTRE VEHICULOS
1424;3424;12/15/2023 7:50 PM;DANOS;CHOQUE;VEHICULO;-74,14108483;4,581594774;6;;;SE REALIZA ORDEN DE COMPARENDO 39531855 INFRACCION F GRADO 3;115;EMBRIAGUEZ O SUSTANCIAS ALUCINOGENAS
1425;3425;12/15/2023 6:02 PM;HERIDOS;CHOQUE;VEHICULO;-74,13084762;4,605968979;16;;1;CORRIJE CASILLA 8 HOJA 1 FECHA DE NACIMIENTO DEL CONDUCTOR DEL VH1  04 05 1986 ;103;ADELANTAR CERRANDO
1426;3426;12/15/2023 4:55 PM;HERIDOS;CHOQUE;VEHICULO;-74,05418126;4,740487276;11;;3;NO SE DIAGRAMAN LOS VEHICULOS YA QUE FUERON MOVIDOS DE SU POSICION FINAL ;121;NO MANTENER DISTANCIA DE SEGURIDAD
1427;3427;12/15/2023 4:30 PM;HERIDOS;CHOQUE;VEHICULO;-74,14041818;4,615372233;8;;2;SE CORRIJE FECHA Y HORA DE OCURRENCIA 15 12 2023 16 30 HORAS VEHICULO N 2 SE RETIRO DEL LUGAR DESCONOCIENDO DE SU PARADERO ESTADO ANIMICO Y DE SU PLENA IDENTIFICACION AL IGUAL DEL VEHICULO ;103;ADELANTAR CERRANDO
1428;3428;12/15/2023 3:03 PM;HERIDOS;VOLVAMIENTO;;-74,07813486;4,65104375;13;;1;CORRIJO CASILLA 8 1 NOMBRE CONDUCTOR VH 1 MAIRA ALEJANDRA BOHORQUEZ CELIS ;304;SUPERFICIE HUMEDA
1429;3429;12/15/2023 2:26 PM;HERIDOS;CHOQUE;VEHICULO;-74,06923381;4,728757904;11;;2;LA SEÑORA INGRID TATIANA LONDOÑO CON CC 1022442419 ES LA RESPONSABLE DEL MENOR JUAN PABLO CAÑAS LONDOÑO;157;OTRA HIPÓTESIS (CONDUCTOR)
1430;3430;12/15/2023 1:50 PM;HERIDOS;CHOQUE;VEHICULO;-74,10045473;4,657186541;13;;1;SE ENTREGAN DOCUMENTOS COMPLETOS DEL VH2 AL SEÑOR ISRAEL FERNANDO RAMIREZ SANCHEZ DE CC 79454157 ANEXO 06044 DIRECCION DEL CONDUCTOR N1 DG 91A SUR N 14H 04 ;121;NO MANTENER DISTANCIA DE SEGURIDAD
1431;3431;12/15/2023 1:25 PM;HERIDOS;CHOQUE;VEHICULO;-74,11508618;4,713446338;10;;1;SE CORRIGE EL NUMERO DE CALZADAS SIENDO ESTA UNA PARA LAS DOS VIAS CONDUCTOR DEL VEHICULO N2 NO DESEA INTERPONER QUERELLA DANDOLE APLICABILIDAD A LA CIRCULAR 001 DEL 25 05 2017 RESOLUCIONES 01670 Y 03922;157;OTRA HIPÓTESIS (CONDUCTOR)
1432;3432;12/15/2023 1:17 PM;DANOS;CHOQUE;OBJETO;-74,08260731;4,737247551;11;;;VEHICULO 1 PIERDE EL CONTROL Y CHOCA DE FRENTE CON EL POSTE INFORMA BOMBEROS QUE ES DE TELEMATICA GENERANDO DESPRENDIMIENTO DEL MISMO EL POSTE NO TIENE NUMERO O IDENTIFICACION SE ENCUENTRA EN FRENTE DE LA VIVIENDA CON NOMENCLATURA TV 88  105  57;157;OTRA HIPÓTESIS (CONDUCTOR)
1433;3433;12/15/2023 11:23 AM;HERIDOS;CHOQUE;VEHICULO;-74,07848743;4,65222879;13;;2;SE REALIZA ORDEN DE COMPARENDO POR PRESTAR SERVICIO PUBLICO AL CONDUCTOR DE LA MOTO;98;TRANSITAR ENTRE VEHICULOS
1434;3434;12/15/2023 9:10 AM;HERIDOS;CHOQUE;VEHICULO;-74,15799884;4,639054289;8;;1;SE DEJA CONSTANCIA LA CONDUCTORA LERSIONADA O DESEA INTERPONER QUERELLA AL EXPLIARLE EL PROCEDIMIENTO Y EXPLICAR SOBRE LA INMOVILIZACION DE LOS VEHICULOS MANIFIESTAN DE MANERA VOLUNTARIA NO QUERER NADA SOLO LA ATENCION MEDICA Y CADA CONDUCTOR DECIDE REPARAR SUS DAÑOS VEHICULARES ;157;OTRA HIPÓTESIS (CONDUCTOR)
1435;3435;12/15/2023 8:40 AM;HERIDOS;ATROPELLO;;-74,20139893;4,612120263;7;;2;NO SE DIAGRAMA VEHICULO YA QUE FUE MOVIDO DEL LUGAR DE LOS HECHOS ;157;OTRA HIPÓTESIS (CONDUCTOR)
1436;3436;12/15/2023 8:25 AM;HERIDOS;CHOQUE;VEHICULO;-74,17758969;4,597117749;7;;1;SE CORRIGE CASILLA 3 LUGAR AV AUTOPISTA SUR CON CALLE 59 SUR;103;ADELANTAR CERRANDO
1437;3437;12/15/2023 8:20 AM;HERIDOS;CHOQUE;VEHICULO;-74,10185484;4,746258332;11;;2;POSTERIOR AL CHOQUE EL CONDUCTOR DEL VEHICULO 1 HOCA CON POSTE 2390540;112;DESOBEDECER SEÑALES O NORMAS DE TRANSITO
1438;3438;12/15/2023 8:19 AM;HERIDOS;CHOQUE;VEHICULO;-74,145856;4,563865163;19;;1;HIPOTESIS DE ACCIDENTALIDAD VEHICULO N 3 N 112 DESOBEDECER SEÑALES ANONIMAS DE TRANSITO SEÑAL DE PARE ;112;DESOBEDECER SEÑALES O NORMAS DE TRANSITO
1439;3439;12/15/2023 5:40 AM;HERIDOS;CHOQUE;VEHICULO;-74,18485654;4,600355683;7;;2;NO SE DIAGRAMAN LOS VEHICULOS YA QUE FUERON MOVIDOS DE LA POSICION FINAL LA FECHA DE OCURRENCIA ES 15 12 2023 ;157;OTRA HIPÓTESIS (CONDUCTOR)
1440;3440;12/15/2023 5:38 AM;HERIDOS;CHOQUE;VEHICULO;-74,09448169;4,575791501;4;;4;SE LE REALIZA ORDEN DE COMPARENDO 39530003 INFRACCION D01 AL CONDUCTOR N 2 ;139;IMPERICIA EN EL MANEJO
1441;3441;12/15/2023 5:30 AM;HERIDOS;CHOQUE;VEHICULO;-74,1020499;4,652167798;13;;1;SE REALIZA COMPARENDO AL CONDUCTOR DEL VEHICULO 2 POR LA INFRACCION D01 N 11001000000039517300;139;IMPERICIA EN EL MANEJO
1442;3442;12/15/2023 5:01 AM;HERIDOS;CHOQUE;VEHICULO;-74,07430319;4,612608304;3;;3;POR ESTABLECER QUIEN OMITE SEÑAL SEMAFORO ROJO SE OBSERVA CAMARA CAD PENAL  7508 INFORMANDO LA CENTRAL QUE NO ESTA EN FUNCIONAMIENTO;142;SEMAFORO EN ROJO
1443;3443;12/15/2023 5:00 AM;HERIDOS;CHOQUE;VEHICULO;-74,1064897;4,657992556;9;;2;AL LLEGAR AL LUGAR DE LOS HECHOS NO SE ENCONTRABA PRESENTE OMO CONDUTOR DEL VEHICULO 2 ;157;OTRA HIPÓTESIS (CONDUCTOR)
1444;3444;12/15/2023 3:58 AM;MUERTOS;CHOQUE;OBJETO;-74,07914969;4,684123833;12;1;;CORRIJO CASILLA FECHA OCURRENCIA 15 12 2023 CORRIJO CLASE DE ACCIDENTE CHOQUE CON OBJETO FIJO BARANDA CONCRETO CORRIJO LOCALIDAD ES ENGATIVA ;157;OTRA HIPÓTESIS (CONDUCTOR)
1445;3445;12/15/2023 2:45 AM;HERIDOS;CHOQUE;VEHICULO;-74,12489436;4,629423816;8;;1;LA CENTRAL DE RADIO NOS ASIGNA EL RECONOCIMIENTO A LAS  22 47 EN LA CLINICA MEDICAL AL LLEGAR AL LUGAR DEL ACCIDENTE NO SE ENCUENTRA LOS VEHICULOS POR LO TANTO NO SE PUEDEN IMOVILIZAR NI OBTENER DATOS DE LOS MISMOS ;157;OTRA HIPÓTESIS (CONDUCTOR)
1446;3446;15/12/2023;HERIDOS;CHOQUE;VEHICULO;-74,12947233;4,586192444;6;;4;SE REALIZA ANEXO 1 N 1598 SE REALIZA COMPARENDO CONDUCTOR DEL VEHICULO 1 INGFRACCION D01 NÚMERO COMPARENDO 39526726 SE CORRIJE MODALIDAD DEL CHOQUE SIENDO CON VEHICULO ;121;NO MANTENER DISTANCIA DE SEGURIDAD
1447;3447;12/14/2023 11:30 PM;HERIDOS;ATROPELLO;;-74,07734116;4,590101647;17;;1;VEHICULO NO SE ENCONTRO EN EL LUGAR DE LOS HECHOS CONDUCTOR MANIFIESTA TRASLADA EL MISMO AL CENTRO ASISTENCIAL SE CORRIJE LOCALIDAD CANDELARIA ;157;OTRA HIPÓTESIS (CONDUCTOR)
1448;3448;12/14/2023 9:20 PM;HERIDOS;CAIDA;;-74,1709973;4,629134302;8;;1;MANIFIESTA LA VICTIMA Y LA ESPOSA QUE LO ACOMPAÑABA AL HERIDO QUE EL BUS  ARRANCA Y SIGUE SU MARCHA SIN PERCATARSE QUE AL PASAJERO NO SE HABIA BAJADO DEL BUS APRISIONANDO UNA DE SUS PIERNAS Y ARRASTRANDOLO LE CAUSA LESIONES ;157;OTRA HIPÓTESIS (CONDUCTOR)
1449;3449;12/14/2023 7:30 PM;HERIDOS;ATROPELLO;;-74,11387796;4,70160811;10;;1;CORRIJO CC CONDUCTOR VH 1 80261563 ES DE ANOTAR QUE LA SEÑORA LESIONADA NO DESEA QUERELLAR YA QUE LLEGA A UN ACUERDO CON EL SEÑOR DEL VEHICULO POR QUINIENTOS MIL PESOS POR TAL MOTIVO NO SE RADICA ANTE FISCALIA ;157;OTRA HIPÓTESIS (CONDUCTOR)
1450;3450;12/14/2023 6:58 PM;HERIDOS;CHOQUE;VEHICULO;-74,09313279;4,665762231;12;;2;SE DA A CONOCER A LA CONDUCTORA DEL VEHICULO N 1 CIRCULAR 001 NO QUERELLA DE IGUAL FORMA SE LE DA A CONOCER QUE TENDRA 6 MESES PARA INTERPONER QUERELLA SE DEJA CONSTANCIA DE UN TERCER VEHICULO DE PLACAS DCX295 QUE SE RETIRA DEL LUGAR ;157;OTRA HIPÓTESIS (CONDUCTOR)
1451;3451;12/14/2023 5:55 PM;HERIDOS;CHOQUE;VEHICULO;-74,07862227;4,66870652;12;;1;SE CORRIJE  HIPOTESIS ES 112 PARA EL CONDUCTOR DEL VEHICULO N 2 DE ACUERDO A LA CIRCULAR DE FISCALIA CIUDADANOS INVOLUCRADOS MANFIIESTAN EL NO QUERER  DILIGENCIAR O INTERPONER QUERELLA ;112;DESOBEDECER SEÑALES O NORMAS DE TRANSITO
1452;3452;12/14/2023 5:40 PM;HERIDOS;CHOQUE;VEHICULO;-74,08938425;4,596040995;14;;2;ACUDIENTE SENAIDA MARIA SOLANO LOBO CC 38881380 MANIFIESTA Y BI ME FIRMA QUERELLA DEL CONDUCTOR 2 MENOS Y CONDUCTOR VH1 DEJANDOLE CONSTANCIA LA RESOLUCION 01670 Y 3922 DE 2016 Y CIRCULAR 001  DEWL 25 05 2017;142;SEMAFORO EN ROJO
1453;3453;12/14/2023 5:30 PM;DANOS;CHOQUE;VEHICULO;-74,16957038;4,595788248;7;;;SE NOTIFICA ORDEN DE COMPARENDO POR LA INFRACCION F GRADO 3 N 39530009 AL CONDUCTOR DEL VEHICULO N 1 ;121;NO MANTENER DISTANCIA DE SEGURIDAD
1454;3454;12/14/2023 4:26 PM;HERIDOS;CHOQUE;VEHICULO;-74,06548006;4,665717159;12;;2;CORRIJO FECHA DE VIGENCIA SEGURO EXTRACONTRACTUAL 18 05 2024;123;NO RESPETAR PRELACION DE INTERSECCIONES O GIROS
1455;3455;12/14/2023 3:27 PM;HERIDOS;CHOQUE;VEHICULO;-74,10000203;4,608507408;16;;1;LOS DATOS DEL VEHICULO 2 SON SUMINISTRADOS POR UNA FOTO AL VEHICULO QUE  LO ESTRELLO VH2 PLACA FVL871 MARCA KIA COLOR AMARILLO;157;OTRA HIPÓTESIS (CONDUCTOR)
1456;3456;12/14/2023 1:25 PM;HERIDOS;CHOQUE;VEHICULO;-74,14404062;4,615808502;8;;3;DEJO CONSTANCIA QUE AL ONDUTOR DE LA MOTOICLETA SE LE NOTIFICAN 2 ORDENES DE COMPARENDO POR LA INFRACION D12 Y D04;112;DESOBEDECER SEÑALES O NORMAS DE TRANSITO
1457;3457;12/14/2023 9:15 AM;HERIDOS;CHOQUE;VEHICULO;-74,03243925;4,71488011;1;;1;CORRIJO PLACA V1 MOTOCICLETA IKU42G SE CORRIJE CASILLA 8 CATEGORIA LICENCIA DE CONDUCCION CATEGORIA C1 VIGENCIA 17 01 2025  SE DEJA CONSTANCIA QUE EL CONDCUTOR DEL VEHICULO 1 NO DESEA INTERPONER QUERELLA DE IGUAL FORMA SE LE EXPLICA QUE TIENE 6 MESES  PARA LA MISMA RESOLUCION 01670 03922 DEL 2010;121;NO MANTENER DISTANCIA DE SEGURIDAD
1458;3458;12/14/2023 8:56 AM;HERIDOS;CHOQUE;VEHICULO;-74,17637583;4,630371706;8;;2;SE CORRIJE CASILLA VH2 PLACA NRN84E;127;TRANSITAR EN CONTRAVIA
1459;3459;12/14/2023 7:30 AM;HERIDOS;CHOQUE;VEHICULO;-74,08623999;4,583091046;4;;2;HIPOTESIS 112 SEÑAL DE PARE SR01;112;DESOBEDECER SEÑALES O NORMAS DE TRANSITO
1460;3460;12/14/2023 7:00 AM;HERIDOS;CHOQUE;VEHICULO;-74,03987095;4,668285614;2;;3;SE CORRIJE PLACAS DEL VEHICULO 2 OPF66C;202;FALLAS EN LOS FRENOS
1461;3461;12/14/2023 5:00 AM;DANOS;CHOQUE;OBJETO;-74,15089567;4,580448105;19;;;SU CONDUCTOR DEJA EL VEHICULO EN ABANDONO SE INMOVILIZA POR INFRACCION C5 DE NOTA SE DA A LA FUGA Y EL VEHICULO NO POSEE REVISION TECNICOMECANICA INFRACCIN C02;203;FALLAS EN LA DIRECCION
1462;3462;14/12/2023;HERIDOS;CHOQUE;OBJETO;-74,110627;4,747201904;11;;1;SE LE NOTIFICA ORDEN DE COMPARENDO POR LA INFFRACCION D01 N 39524264;127;TRANSITAR EN CONTRAVIA
1463;3463;12/13/2023 8:50 PM;HERIDOS;CHOQUE;VEHICULO;-74,16859058;4,619229399;8;;2;NO SE DIAGRAMAN LOS VEHICULOS YA QUE FUERON MOVIDOS DEL PUNTO DE IMPACTO O POSICION FINAL ;139;IMPERICIA EN EL MANEJO
1464;3464;12/13/2023 8:28 PM;HERIDOS;CHOQUE;VEHICULO;-74,19662414;4,631114627;7;;1;SE REALIZA CODIFICACION VH1 104 ES DE ACLARAR QUE EL CONDUCTOR DE LA MOTOCICLETA REALIZA MANIOBRA DE ADELANTAR Y SE ENCUENTRA CON LOS BORDILLOS DEL SEPARADOR VIA DOBLE SENTIDO ;157;OTRA HIPÓTESIS (CONDUCTOR)
1465;3465;12/13/2023 7:10 PM;HERIDOS;ATROPELLO;;-74,06547604;4,680949576;12;;1;VH1 REALIZA EL ATROPELLO Y SE DA A LA HUIDA NO SE LOGRA IDENTIFICAR  PLANOS DEL VH1 CORRIJO IDENTIFICACION DEL PEATON T I 1014871048;157;OTRA HIPÓTESIS (CONDUCTOR)
1466;3466;12/13/2023 7:10 PM;HERIDOS;ATROPELLO;;-74,12291152;4,61721744;16;;2;SE CORRIGE CASILLA 4 FECHA Y HORA SIENDO 13 12 2023 19 10;157;OTRA HIPÓTESIS (CONDUCTOR)
1467;3467;12/13/2023 6:00 PM;HERIDOS;CHOQUE;VEHICULO;-74,05144541;4,667844997;2;;1;CLASE DE VEHICULO N 2 PATENITA ELECTRICA NO SE CONOCE EL CASO POR FISCALIA YA QUE LA LESIONADA NO INTERPONE QUERELLA ;112;DESOBEDECER SEÑALES O NORMAS DE TRANSITO
1468;3468;12/13/2023 4:10 PM;DANOS;CHOQUE;OBJETO;-74,16460595;4,640349377;8;;;VEHICULO QUE AL DAR REVERSA IMPACTA CON EL POSTE CAUSANDOLE DAÑOS EL POSTE NO TIENE NI EMPRESA NI NUMERO DAÑOS EN SU BASE NO HAY NINGUN RESPONSABLE DEL POSTE ;143;PONER EN MARCHA UN VEHICULO SIN PRECAUCIONES
1469;3469;12/13/2023 2:33 PM;HERIDOS;ATROPELLO;;-74,15362415;4,596109809;19;;2;LA SEÑORA MAYLEEN VANESSA MANIFIESTA QUE CRUZA EL SEMAFORO EN ROJO PARA EL PEATON LA MOTOCICLETA FUE MOVIDA DEL LUGAR DE LOS HECHOS;157;OTRA HIPÓTESIS (CONDUCTOR)
1470;3470;12/13/2023 7:50 AM;HERIDOS;CHOQUE;VEHICULO;-74,05339367;4,702485406;1;;15;SE CORRIJE CASILLA 7 4 CARRILES VH 1 2 VIA CARRILES 2 ;112;DESOBEDECER SEÑALES O NORMAS DE TRANSITO
1471;3471;12/13/2023 7:25 AM;HERIDOS;CHOQUE;VEHICULO;-74,04544993;4,678655306;2;;1;NO SE DIAGRAMA EL BUS DEBIDO A QUE FUE MOVIDO DEL PUNTO O LUGAR DEL IMPACTO Y PERDIO SU POSICION FINAL ;122;GIRAR BRUSCAMENTE
1472;3472;12/13/2023 7:20 AM;HERIDOS;ATROPELLO;;-74,07973198;4,603651949;3;;1;SE DEJA CONSTANCIA QUE EL PEATON NUNCA PRESENTA DOCUMENTO DE IDENTIFICACION VERBALMENTE SUMINISTRA ESOS DATOS SE ENTREGA DILIGENCIAS A LA MOVIL IT JIMENEZ;157;OTRA HIPÓTESIS (CONDUCTOR)
1473;3473;12/13/2023 7:13 AM;HERIDOS;CHOQUE;VEHICULO;-74,14264066;4,638733479;8;;1;SE CORIIJE EL NUMERO DEL DOCUMENTO DEL PROPIETARIO DEL VH 2 SIENDO CORRECTO CC 51704232;121;NO MANTENER DISTANCIA DE SEGURIDAD
1474;3474;12/13/2023 7:00 AM;HERIDOS;CHOQUE;VEHICULO;-74,10869013;4,627265763;16;;1;HIPOTESIS 098 PARA CONDUCTOR DE LA MOTOCICLETA ACLARO GRAVEDAD DEL ACCIDENTE CON HERIDOS ACLARO NOMBRE CONDUCTOR N 2 CARLOS HUMBERTO NIVIA PACHE PROPIETARIO NO ES EL MISMO CONDUCTOR;98;TRANSITAR ENTRE VEHICULOS
1475;3475;12/13/2023 6:30 AM;HERIDOS;CHOQUE;VEHICULO;-74,13273243;4,656001634;9;;3;SE CORRIJE CLASE V 2 SIENDO MOTOCICLETA ELECTRICA SE ESTABLECE POSIBLE HIPOTESIS TENIENDO EN CUENTA VERSIONES DE CONDUCTORES Y POSIBLES RAUTAS DEJANDO CLARIDAD EN QUE EL CONDUCTOR DE LA MOTOCICLETA N 3 FUE TRASLADADO Y RETIRADO DEL LUGAR DE LOS HECHOS POR UNA AMBULANCIA Y SU MOTOCICLETA DESCONOCIEND;103;ADELANTAR CERRANDO
1476;3476;12/13/2023 6:10 AM;HERIDOS;ATROPELLO;;-74,06349523;4,668958553;12;;3;NO SE DIAGRAMA EL VEHICULO TIPO MOTOCICLETA YA QUE FUE MOVIDO DEL LUGAR DEL INCIDENTE ANEXO PEATONES 0179;157;OTRA HIPÓTESIS (CONDUCTOR)
1477;3477;12/13/2023 6:10 AM;HERIDOS;CHOQUE;VEHICULO;-74,08339588;4,604678593;14;;2;CORRIJO CASILLA 8 2 VH 1 LICENCIA DE TRANSITO N 10013987478 Y REVISION TECNICO MECANICA 164103040;132;NO RESPETAR PRELACION
1478;3478;12/13/2023 6:03 AM;DANOS;CHOQUE;VEHICULO;-74,1361025;4,67243774;9;;;ACLARO FECHA NACIMIENTO CONDUCTOR VEHICULO N 22 DICIEMBRE 1975 ACLARO PLACA VEHICULO N 2 GVK191 COMPARENDO LICENCIA VENCIDA B02 N 39623865 COMPARENDO TECNOMECANICA VENCIDA C35 N 39523898 COMPARENDO EMBRIAGUEZ POSITIVO GRADO II N 39527878 Y RETENIADA LICENCIA CONDUCCION  1016053871;115;EMBRIAGUEZ O SUSTANCIAS ALUCINOGENAS
1479;3479;12/13/2023 6:00 AM;HERIDOS;CHOQUE;VEHICULO;-74,13483796;4,664208068;9;;1;NO SE DEJA A DISPOSICION DE FISCALIA YA QUE LA PERSONA LESIONADA NO DESEA INTERPONER NINGUNA CLASE DE DENUNCIA O QUERELLA EN EL MOMENTO CORRIJO PLACA VEHICULO 2 KWS274;122;GIRAR BRUSCAMENTE
1480;3480;12/13/2023 3:00 AM;HERIDOS;CHOQUE;OBJETO;-74,09640459;4,608737033;16;;1;RESPONABLE DEL VEHICULO MARIA EMILCE LOPEZ PORRAS CC 52037161 FAMILIAR DEL LESIONADO  TIA;157;OTRA HIPÓTESIS (CONDUCTOR)
1481;3481;12/12/2023 23:12;HERIDOS;CHOQUE;VEHICULO;-74,12073625;4,534978377;5;;3;LAS CASILLAS 1 Y 2 DE REFERENCIA SE DILIGENCIARON MAL POR LO TANTO SE INFORMA DE LA CASILLA 4 HACIA ABAJO CORRIGIENDO LOS PUNTOS DE REFRENCIA;121;NO MANTENER DISTANCIA DE SEGURIDAD
1482;3482;12/12/2023 22:36;HERIDOS;CHOQUE;VEHICULO;-74,09612756;4,746718342;11;;2;NO SE GRAFICA EL VHEICULO N 2 POR QUE FUE MOVIDO DE SU POSICION FINAL ;157;OTRA HIPÓTESIS (CONDUCTOR)
1483;3483;12/12/2023 22:00;HERIDOS;CHOQUE;VEHICULO;-74,15215894;4,595780719;7;;1;EL CONDUCTOR DE LA MOTOCICLETA MANIFIESTA NO INTERPONER QUERELLA ;121;NO MANTENER DISTANCIA DE SEGURIDAD
1484;3484;12/12/2023 21:40;MUERTOS;VOLVAMIENTO;;-74,19865589;4,634620708;7;1;1;CONDUCTOR N 2 TIENE DOCUMENTO TARJETA DE IDENTIDAD;139;IMPERICIA EN EL MANEJO
1485;3485;12/12/2023 19:40;HERIDOS;CHOQUE;VEHICULO;-74,14587436;4,59532704;8;;1;SE DEJA CONSTANCIA QUE EL VH1 IBA COMO ACOMPAÑANTE LA SEÑORITA DAYANNA VELASQUEZ LEON CC 1193065427 23 AÑOS TELEFONO 3027767849 PARENTESCO CON EL CONDUCTOR LA NOVIA MANIFIESTA LIBRE Y VOLUNTARIAMENTE NO REQUERIR VALORACION MEDICA Y TRASLADO A CENTRO ASISTENCIAL CONDUCTOR DEL VH2 SE DA A LA FUGA ;157;OTRA HIPÓTESIS (CONDUCTOR)
1486;3486;12/12/2023 19:30;HERIDOS;CHOQUE;VEHICULO;-74,13376336;4,540359407;19;;2;CORRIJO HIPOTESIS PARA EL VHEICULO 2 HIPOTESIS 102;102;ADELANTAR POR LA DERECHA
1487;3487;12/12/2023 19:24;HERIDOS;CHOQUE;VEHICULO;-74,07576036;4,659623786;13;;2;SE MODIFICA ORDEN DE COMPARENDO AL VH 2 POR LA C02 39527189;157;OTRA HIPÓTESIS (CONDUCTOR)
1488;3488;12/12/2023 19:20;HERIDOS;ATROPELLO;;-74,15120092;4,62649737;8;;2;SE CORRIJE CC DEL PEATON 1023367527;157;OTRA HIPÓTESIS (CONDUCTOR)
1489;3489;12/12/2023 19:10;HERIDOS;CHOQUE;VEHICULO;-74,08922163;4,58184877;4;;2;NO SE DIAGRAMA POSICION FINAL DE LA BICICLETA YA QUE FUE MOVIDA NO SE LOGRA IDENTIFICAR EL CONDUCTOR DE LA BICICLETA YA QUE NO PRESENTA NINGUN DOCUMENTO;114;EMBRIAGUEZ APARENTE
1490;3490;12/12/2023 17:45;HERIDOS;CHOQUE;VEHICULO;-74,10620941;4,588592988;15;;2;HIPOTESIS 112 PARA EL CONDUCTOR DE LA CAMIONETA NO RESPECTAR SEÑALES O NORMAS DE TRANSITO SEÑAL DEL PARE;112;DESOBEDECER SEÑALES O NORMAS DE TRANSITO
1491;3491;12/12/2023 17:28;HERIDOS;CHOQUE;VEHICULO;-74,08384355;4,588641488;3;;1;CONDUCTOR DEL VEHICULO N 1 MANIFIESTA NO REALIZAR NI INTERPONER QUERELLA EN EL LUGAR DE LOS HECHOS POR TAL MOTIVO SE LE EXPLICA QUE TIENE 6 MESES PARA INTERPONER LA DENUNCIA POR LESIONES PERSONALES EN ACCIDENTE DE TRANSITO ANTE LA FISCALIA SE DEJA CONSTANCIA QUE EL CONDUCTOR MANIFIESTA QUE AL PARECE;121;NO MANTENER DISTANCIA DE SEGURIDAD
1492;3492;12/12/2023 16:10;HERIDOS;CHOQUE;VEHICULO;-74,10862876;4,597373076;16;;2;SE REALIZA COMPARENDO AL CONDUCTOR DEL EVHICULO 2 POR LA INFRACION 35 LLANTA POSTERIOR SIN EL SUFIIENTE LABRAD COMPARENDO 39526805;121;NO MANTENER DISTANCIA DE SEGURIDAD
1493;3493;12/12/2023 15:34;HERIDOS;CHOQUE;VEHICULO;-74,10697786;4,625112255;16;;1;CORRIJO CASILLA 8 2 VH1 PLACA TON43D MARCA YAMAHA LINEA SZ16R MODELO 2015 CARROCERIA SIN CARROCERIA LICENCIA DE TRANSITO 10017952032 MATRICULADO FUNZA REVISION TECNICO MECANICA 164199929 VIGENCIA 23 01 2024 SOAT 14289403514290 VIGENCIA 20 12 2023 SEGUROS DEL ESTADO  SOAT VH2 12 12 2024;121;NO MANTENER DISTANCIA DE SEGURIDAD
1494;3494;12/12/2023 15:21;HERIDOS;CHOQUE;OBJETO;-74,0443751;4,761545115;1;;1;EL VEHICULO BUS CHOCA CONTRA UN ARBOL Y EL ARBOL GOLPEA UNA PEATON QUE SE ENCONTRABA ESPERANDO TRANSPORTE ART 55 LEY 769 2002;157;OTRA HIPÓTESIS (CONDUCTOR)