CODIGO_ACCIDENTE;FORMULARIO;FECHA;GRAVEDAD;CLASE;CHOQUE;LONGITUD;LATITUD;CODIGO_LOCALIDAD;TOTAL_MUERTOS;TOTAL_HERIDOS;TEXTO_OBSERVACIONES;CODIGO_CAUSA;DESCRIPCION
1495;3495;12/12/2023 14:34;HERIDOS;CAIDA;;-74,06179292;4,659485749;2;;1;LA SEÑORA PASAJERA MANIFIESTA QUE EL ACCIDENTE FUE EN LA CARRERA 53 CON CALLE 80 AL TOMAR EL TRASMILENIO N 6 DE IGUAL MANERA INDICA HABER TOMADO LAS PLACAS DEL ARTICULADO SIENDO LAS SIGUIENTES WHP796 CON SIGLA A1036 Y SOLICITA REQUERIMIENTO EN LA CARRERA 14 CON CALLE 72 HACE PRESENCIA RECOMOTO INDIC;157;OTRA HIPÓTESIS (CONDUCTOR)
1496;3496;12/12/2023 13:45;HERIDOS;ATROPELLO;;-74,07808778;4,600073386;3;;2;CORRIJO LOCALIDAD SANTAFE CORRIJO DIRECCION DE DOMICILIO VH1 CALLE 131C  N 90 15 SE REALIZA ORDEN DE COMPARENDO N 39520603 YA QUE TRANSITABA POR CALZADA DE TRANSMILENIO SIN AUTORIZACION CORRIJO HIPOTESIS DEL PEATON SIENDO 401;142;SEMAFORO EN ROJO
1497;3497;12/12/2023 13:30;HERIDOS;ATROPELLO;;-74,04677299;4,741668756;1;;1;SE CORRIGE LA CASILLA 3 SIENDO CORRECTA LA DIRECCION CALLE 161 CON CARRERA 22 Y LA HIPOTESIS PARA EL CONDUCTOR Y NO PARA EL VEHICULO;145;ARRANCAR SIN PRECAUCION
1498;3498;12/12/2023 13:00;HERIDOS;CHOQUE;VEHICULO;-74,11395835;4,659780461;9;;1;CORRIJO VENCIMIENTO DE LICENCIA DE CONDUCCION CONDUCTOR N 1 CONDICION DEL LESIONADO ACOMPAÑANTE NO SE RADICA ANTE LA FISCALIA TODA VEZ QUE LA PERSONA LESIONADA NO DESEO QUERELLAR;121;NO MANTENER DISTANCIA DE SEGURIDAD
1499;3499;12/12/2023 11:50;HERIDOS;CHOQUE;VEHICULO;-74,09994026;4,735907912;11;;2;NO SE DIAGRAMAN LOS VEHICULOS YA QUE FUERON MOVIDOS DE SU POSICION FINAL;142;SEMAFORO EN ROJO
1500;3500;12/12/2023 10:30;HERIDOS;CHOQUE;VEHICULO;-74,14074358;4,614172312;8;;2;NO SE DIAGRAMAN LOS VEHICULOS YA QUE FUERON MOVIDOS DE LA POSICION FINAL ;157;OTRA HIPÓTESIS (CONDUCTOR)
1501;3501;12/12/2023 10:30;HERIDOS;CHOQUE;VEHICULO;-74,08173341;4,67155165;12;;2;NO SE DIAGRAMA EL VEHICULO N 1 YA QEU FUE MOVIDO DE SU POSICION FINAL PERO SE EVIDENCIA UNA HUELLA DE ARRASTRE METALICO DE LA MOTOCICLETA ;112;DESOBEDECER SEÑALES O NORMAS DE TRANSITO
1502;3502;12/12/2023 7:27;HERIDOS;OTRO;;-74,07970784;4,603641255;3;;1;NO SE DIAGRAMA VEHICULOS YA QUE FUERON MOVIDOS DEL LUGAR DE LOS HECHOS;98;TRANSITAR ENTRE VEHICULOS
1503;3503;12/12/2023 7:05;HERIDOS;CHOQUE;VEHICULO;-74,13404086;4,612583514;8;;1;SE DEJA CONSTANCIA QUE NO SE TOMAN MEDIDAS DE LA BICICLETA YA QUE LA CIUDADANA LA MOVIO DE SU POSICION FINAL SE DEJA CONSTANCIA QUE SE LE EXPLICA EL PROCEDIMIENTO A LA SEÑORA LEIDY ROMERO MANIFIESTA QUE NO DESEA INTERPONER NI QUERELLA MI DENUNCIA LIBRE Y VOLUNTARIAMENTE NO INTERPONER QUERELLA RESOLU;103;ADELANTAR CERRANDO
1504;3504;12/12/2023 6:11;HERIDOS;CHOQUE;VEHICULO;-74,1619687;4,599688717;7;;3;VEHICULO 2 NO NECESITA REVISION TENICOMECANICA;142;SEMAFORO EN ROJO
1505;3505;12/12/2023 2:22;HERIDOS;VOLVAMIENTO;;-74,07248319;4,731074243;11;;1;FECHA DE VENCIMIENTO SOAT VH 1 01 12 2024 MOTOCICLETA SE LA LLEVA EL SEÑOR JOHN FREDY FORRERO ORTEGA CON CC 1015396778 CONDUCTOR DE LA GRUA CONTRATADO POREL DUEÑO DE LA MOTO MOTOCICLETA DE PLACAS LVF328;157;OTRA HIPÓTESIS (CONDUCTOR)
1506;3506;12/12/2023 2:12;HERIDOS;ATROPELLO;;-74,09154224;4,683879823;10;;2;NOTA CORRIJO NOMBRE DLE PEATON JOSE ELBER  ROSAS BARRERA ;411;OTRA HIPÓTESIS (PEATÓN)
1507;3507;12/11/2023 22:40;HERIDOS;CHOQUE;VEHICULO;-74,10899682;4,689746858;10;;3;CORRIJO CASILLA 8 2 REVISION TECNICO MECANICA POLIZA N 164102849;112;DESOBEDECER SEÑALES O NORMAS DE TRANSITO
1508;3508;12/11/2023 22:30;HERIDOS;CHOQUE;VEHICULO;-74,07740382;4,622056467;13;;4;CORRIJO NUMERO DE POLIZA EXTRACONTRACTUAL 2000323113;121;NO MANTENER DISTANCIA DE SEGURIDAD
1509;3509;12/11/2023 21:20;HERIDOS;CHOQUE;VEHICULO;-74,21011148;4,612779409;7;;1;CONDUCTOR DEL VH2 MOTOCICLETA TRANSITA CON LA LICENCIA DE CONDUCCION VENCIDA SE LE REALIZA COMPARENDO N 39524535;104;ADELANTAR INVADIENDO CARRIL DE SENTIDO CONTRARIO
1510;3510;12/11/2023 19:50;HERIDOS;CHOQUE;VEHICULO;-74,10062721;4,730604243;11;;2;VEHICULOS MOVIDOS DE SU POSICION FINAL DE LOS HECHOS CONDUCTOR N 2 NO SUMINISTRA INFORMACION POR ESTADO DE SALUD;157;OTRA HIPÓTESIS (CONDUCTOR)
1511;3511;12/11/2023 19:20;HERIDOS;CHOQUE;VEHICULO;-74,07033742;4,620387252;13;;3;OCN N 39525667 5485 POR SOAT Y TECNOMECANICA MOTOCICLETA VWG75;98;TRANSITAR ENTRE VEHICULOS
1512;3512;12/11/2023 19:00;HERIDOS;ATROPELLO;;-74,07780762;4,604613941;3;;1;CORRIJO CLASE DE ACCIDENTE ATROPELLO VEHICULO N 2 ESTACIONADO SE PRESENTA COMO RESPONSABLE HANSBLEIDY MIRANDA BEJARANO CC 52106077 SE DEJA CONSTANCIA EL LESIONADO NO INTERPONE QUERELLA RESOLUCION 01670 Y 03922 DEL 2016;157;OTRA HIPÓTESIS (CONDUCTOR)
1513;3513;12/11/2023 18:31;HERIDOS;CHOQUE;VEHICULO;-74,09144787;4,692630005;10;;1;EL CONDUCTOR DEL VEHICULO 2 DESISTE DE MANERA VOLUNTARIA DE LA QUERELLA YA QUE MANFIESTA QUE NO QUIERE QUE LE INMOVILIZEN LA MOTOCICLETA PARA DEJAR CONSTANCIA ;157;OTRA HIPÓTESIS (CONDUCTOR)
1514;3514;12/11/2023 18:30;MUERTOS;ATROPELLO;;-74,08743785;4,581489976;4;1;;LA PEATON AL PARECER ES UNA CIUDADANA DE LA TERCERA EDAD DE APROXIMADAMENTE 80 AÑOS NO SE TIENEN MAS DATOS DE ELLA Y NO SE LOGRA ESTABLECER COMUNICACION CON NINGUN FAMILIAR;157;OTRA HIPÓTESIS (CONDUCTOR)
1515;3515;12/11/2023 17:57;HERIDOS;CHOQUE;VEHICULO;-74,14975477;4,617542126;8;;1;NO SE TOMAN MEDIDAS YA QUE LOS VEHICULOS FUERON MOVIDOS DE LA POSICION FINAL SE DEJA  CONSTANCIA  QUE LAS PARTES MANIFIESTA QUE UN VEHICULO SE ENCONTRABA PARQUEADO PERO NO SE TIENE NINGUN DATO SOLO QUE ES UN BUS DE COLOR BLANCO ;157;OTRA HIPÓTESIS (CONDUCTOR)
1516;3516;12/11/2023 17:06;HERIDOS;OTRO;;-74,07528488;4,594132691;17;;1;BICICLETA ELECTRICA;157;OTRA HIPÓTESIS (CONDUCTOR)
1517;3517;12/11/2023 14:00;HERIDOS;OTRO;;-74,10448206;4,504061769;5;;1;CLASE DE ACCIDENTE OTRO ACRILICO DEL VEHICULO QUE CAE GOLPEANDO EL PASAJERO;217;OTRA HIPÓTESIS (VEHÍCULO)
1518;3518;12/11/2023 13:00;HERIDOS;CHOQUE;VEHICULO;-74,09997997;4,608491068;16;;2;SE CORRIGE NOMBRE DE LA ACOMPAÑANTE PASAJERA DE LA MOTOCICLETA ANA MARIA IQUIRA IQUINAS DIRECCION DEL ACCIDENTE CALLE 6 CON CRA 32;142;SEMAFORO EN ROJO
1519;3519;12/11/2023 12:28;MUERTOS;CHOQUE;VEHICULO;-74,14180975;4,678697337;9;1;2;CORRIJO CAISLLA 8 2 PLACA VEHICULO N 2 ES DBB29E;112;DESOBEDECER SEÑALES O NORMAS DE TRANSITO
1520;3520;12/11/2023 9:15;HERIDOS;CHOQUE;VEHICULO;-74,08202795;4,581473244;4;;2;HIPOTESIS 112 SEÑAL DE TRANSITO SR 01 PARE ;112;DESOBEDECER SEÑALES O NORMAS DE TRANSITO
1521;3521;12/11/2023 8:53;DANOS;CHOQUE;OBJETO;-74,08713756;4,553873956;4;;;DIRECCION CONDUCTOR VEHICULO 1 CALLE 77 SUR N 94 03 CELULAR 3117741931;202;FALLAS EN LOS FRENOS
1522;3522;12/11/2023 8:00;HERIDOS;CHOQUE;OBJETO;-74,11712539;4,591225641;15;;1;SE CORRIJE NUMERO DE CELULAR DE CONDUCTOR 3042671023 CONDUCTOR CHOCA CONTRA POSTE N 2039803 SE REALIZA ORDEN DE COMPARENDO AL CONDUCTOR DEL VEHICULO 1 POR SOAT VENCIDO NÚMERO DE COMPARENDO 39524666 EL EVENTO NO SE CONOCE POR FISCALIA YA QUE EL CODNUCTOR SE NIEGA A DENUNCIAR ;157;OTRA HIPÓTESIS (CONDUCTOR)
1523;3523;12/11/2023 7:48;HERIDOS;CHOQUE;VEHICULO;-74,10501326;4,680936817;10;;2;DE MANERA LIBRE Y EXPONTANEA LA CONDUCTORA DEL VEHICULO NÚMERO 2 MANIFIESTA NO QUERELLAR DE IGUAL MANERA EL CONDUCTOR DEL VEHICULO N 1 MANIFIESTA NO QUERELLAR DE MANERA LIBRE Y EXPONTANEA ;112;DESOBEDECER SEÑALES O NORMAS DE TRANSITO
1524;3524;12/11/2023 7:00;DANOS;CHOQUE;OBJETO;-74,18430645;4,602182948;7;;;CONDUCTOR DE AUTOMOVIL PARTICULAR EL CUAL COLISIONA CON ANDEN NO SE OBSERVAN DAÑOS EN INFRAESTRUCTURA SE REALIZA PRUEBA DE EMBRIAGUEZ POR MEDICO LOGISTA OFIICO PERITORIO 09487 RESULTADO NEGATIVO ;157;OTRA HIPÓTESIS (CONDUCTOR)
1525;3525;12/11/2023 6:35;HERIDOS;CHOQUE;VEHICULO;-74,12843553;4,668537141;9;;1;EL VEHICULO 2 SE MOVIO DEL LUGAR DEL HECHO Y FUE ALCANZADO POR CIUDADANOS EN LA AV ESPERANZA POR AV CIUDAD DE CALI EL OTRO VEHICULO MOTOCICLETA TAMBIEN FUE MOVIDO DEL LUGAR DEL HECHO POR LO QUE NO SE DIAGRAMA EN POSICION FINAL EN EL CROQUIS ;157;OTRA HIPÓTESIS (CONDUCTOR)
1526;3526;12/11/2023 6:20;HERIDOS;CHOQUE;VEHICULO;-74,10037426;4,732363878;11;;1;NO SE FIJAN LOS VEHICULOS YA QUE FUERON MOVIDOS DE SU POSICION FINAL ;143;PONER EN MARCHA UN VEHICULO SIN PRECAUCIONES
1527;3527;12/11/2023 3:30;HERIDOS;CHOQUE;VEHICULO;-74,14613811;4,604462036;8;;1;COMPARENDO N 39522570 CONDUCTOR VH1 SE DEJA CONSTANCIA QUE EN PRIMERA INSTANCIA ERA CHOQUE SOLO DAÑOS Y SE HABIA DADO APLICABILIDAD A LA LEY 2251 DEL 2021 PASANDO MAS O MENOS 1 HORA EL CONDUCTOR DEL VH2 MANIFIESTA REQUERIR ASISTENCIA MEDICA Y CONOCER EL CASO COMO ACCIDENTE DE TRANSITO CON LESIONADOS;157;OTRA HIPÓTESIS (CONDUCTOR)
1528;3528;12/11/2023 2:42;HERIDOS;VOLVAMIENTO;;-74,13760819;4,630596988;8;;1;NO SE DIAGRAMA LA MOTOCICLETA YA QUE FUE MOVIDA DE SU POSICION FINAL CONDUCTOR DE LA MOTOCICLETA QUE PIERDE EL CONTROL DEL  MISMO SUFRIENDO VOLCAMIENTO POSTERIORMENTE COLISIONA CON EL BORDE DEL ANDEN ;114;EMBRIAGUEZ APARENTE
1529;3529;12/10/2023 22:20;HERIDOS;CHOQUE;VEHICULO;-74,13758186;4,595660646;16;;2;NO SE RADICA ANTE FISCALIA ANTE CIRCULAR 001 DEL 25 05 2017 YA QUE LOS LESIONADOS NO INTERPONEN QUERELLA LOS VEHICULOS NO SE INMOVILIZAN SE EXPLICA A LAS PARTES EL PROCEDIMIENTO A SEGUIR PLACA DEL VEHICULO 1 JEV097;103;ADELANTAR CERRANDO
1530;3530;12/10/2023 21:25;HERIDOS;CHOQUE;VEHICULO;-74,16786937;4,630405716;8;;2;EL VEHICULO 1 SI TIENE SOAT VIGENTE;103;ADELANTAR CERRANDO
1531;3531;12/10/2023 21:00;HERIDOS;CHOQUE;VEHICULO;-74,10540608;4,49729002;5;;2;DEJO CONSTANCIA QUE SE REALIZA 3 ORDEN DE COMPARENDO AL VEHICULO 1 POR LAS INFRACCIONES D01 D02 C35 Y AL CONDUCTOR VEHICULO 2 POR D02 VEHICULO 1 SE REALIZARON COMPARENDOS D01 N 39524315 D02 N 39517297 C35 N 39519970 Y VEHICULO 2 D02 N 39517229;139;IMPERICIA EN EL MANEJO
1532;3532;12/10/2023 20:46;HERIDOS;CHOQUE;VEHICULO;-74,163779;4,592561954;19;;4;ES DE ANOTAR QUE EL VH2 ES UN TRICIMOTOR O MOTOCICLO QUE NO CUENTA CON NINGUNA LICENCIA DE TRANSITO QUE LO PUEDA IDENTIFICAR PLENAMENTE SE CORRIGE CASILLA 11 HIPOTESIS PARA LOS DOS VEHICULOS 112;112;DESOBEDECER SEÑALES O NORMAS DE TRANSITO
1533;3533;12/10/2023 19:32;HERIDOS;CHOQUE;VEHICULO;-74,13789434;4,57840378;6;;3;SE CORRIGE CASILLA 8 2 PROPIETARIO MISMO CONDUCTOR NO;112;DESOBEDECER SEÑALES O NORMAS DE TRANSITO
1534;3534;12/10/2023 14:55;DANOS;CHOQUE;OBJETO;-74,14332667;4,7114303;10;;;ES DE ANOTAR QUE EL VH 1 COLISIONA EN 1 INSTANCIA CON EL INMUEBLE CON N NOMENCLATURA CALLE 63 C N 119 B 27 EL CUAL GENERA UNA ABOYADURA EN PUERTA EL CUAL SE PRESENTA  COMO RESPONSABLE ROBERTO JUNIOR CHARRIS CC 1151449998 ARRENDATARIO CEL 3204070803 LUEGO IMPACTA 2 INMUEBLE CLL 63  C  N 119 B 27 EL C;139;IMPERICIA EN EL MANEJO
1535;3535;12/10/2023 14:44;HERIDOS;CHOQUE;VEHICULO;-74,07644214;4,661457212;12;;1;EL CONDUCTOR DEL VEHICULO N 1 SE LE EXPLICA EL PROCEDIMIENTO A SEGUIR MANIFIESTO NO QUERELLAR POR LO SUCEDIDO AL IGUAL QUE EL CONDUCTOR DEL VEHICULO N 2 DE IGUAL MANERA SE LES EXPLICA QUE TIENEN 6 SEIS MESES PARA QUERELLAR HIPOTESIS 098 PARA EL VHEICULO N 1 SE CORRIJE RADIO DE ACCION PARA EL VEHICUL;98;TRANSITAR ENTRE VEHICULOS
1536;3536;12/10/2023 13:55;HERIDOS;CAIDA;;-74,18753264;4,616075853;7;;1;VEHICULOS MOVIDOS DE LA POSICION FINAL EVENTO EN EL BOSA ANTONIA SANTOS ;157;OTRA HIPÓTESIS (CONDUCTOR)
1537;3537;12/10/2023 13:30;HERIDOS;CHOQUE;VEHICULO;-74,05922143;4,755667575;11;;5;ANEXOS ;121;NO MANTENER DISTANCIA DE SEGURIDAD
1538;3538;12/10/2023 12:00;HERIDOS;ATROPELLO;;-74,09064723;4,558943353;4;;2;COMPARENDO N 39521978 CONDUCTOR DE LA MOTOCICLETA VHEICULO 1;157;OTRA HIPÓTESIS (CONDUCTOR)
1539;3539;12/10/2023 12:00;HERIDOS;CHOQUE;VEHICULO;-74,1368979;4,615640071;8;;3;NO SE DIAGRAMAN VEHICULOS YA QUE FUERON MOVIDOS DE SU POSICION FINAL;103;ADELANTAR CERRANDO
1540;3540;12/10/2023 11:32;HERIDOS;CAIDA;;-74,14457036;4,558856457;19;;2;NO SE DIBUJA EL VEHICULO YA QUE FUE MOVIDO DE SU POSICION FINAL Y PARA EN LA CALLE 60G SUR CON CARRERA 18 C;119;FRENAR BRUSCAMENTE
1541;3541;12/10/2023 9:37;HERIDOS;ATROPELLO;;-74,10052812;4,732156583;11;;2;DOCUMENTO DEL PEATON ES TARJETA DE IDENTIDAD Y NO CEDULA DE CIUDADANIA ;157;OTRA HIPÓTESIS (CONDUCTOR)
1542;3542;12/10/2023 9:04;HERIDOS;CHOQUE;VEHICULO;-74,13685364;4,56546587;6;;3;SE CORRIGE CASILLA 8 1 CONDUCTOR VH1 CATEGORIA LICENCIA DE CONDUCCION C1 FECHA DE VENCIMIENTO 21 12 2025;142;SEMAFORO EN ROJO
1543;3543;12/10/2023 5:30;HERIDOS;CHOQUE;VEHICULO;-74,14491234;4,599179076;8;;2;CORRIJO CASILLA NUMERO 8 8 1 EL NOMBRE CORRECTO DEL CONDUCTOR ES BERNARDO CESPEDES SIERRA CC 1074160115 NACIDO EL 29 08 1996;121;NO MANTENER DISTANCIA DE SEGURIDAD
1544;3544;12/10/2023 3:46;HERIDOS;CHOQUE;VEHICULO;-74,06100382;4,664069789;2;;1;VEHICULO N 2 MOTOCICLETA FUE MOVIDA DEL LUGAR DEL INCIDENTE ;122;GIRAR BRUSCAMENTE
1545;3545;12/10/2023 2:50;HERIDOS;CHOQUE;VEHICULO;-74,14386091;4,564468579;19;;3;SE CORRIGE HOSPITAL O SITIO DE ATENCION VEHICULO N2 MEDICAL PROINFO SE CORRIGE EL VEHICULO N 1 HYUNDAI DE PLACAS WNS242 Y EL VEHICULO N 2 ES DE PLACAS MAM87F SE CORRIGE AL VEHICULO N 1 SI TIENE EXTRACONTRACTUAL;112;DESOBEDECER SEÑALES O NORMAS DE TRANSITO
1546;3546;12/10/2023 1:52;HERIDOS;CHOQUE;VEHICULO;-74,12466459;4,570741188;18;;6;SE CORRIJE LA CASILLA 8 1 EL CUAL ES PASAJERO DEL VH 2 EL CONDUCTOR DEL VH 2 LEONARDO ANGARITA ALDANA CC 79874343 27 JUNIO 1977 RESIDENTE EN LA CR 13 A ESTE N 44 43  SUR BOGOTA CEL 3223017312 LICENCIA CONDUCCION  N 79874343 CATEGORIA C 2 EXP 01 07 2023 BOGOTA CLINICA SEDE JULIANA TRAUMA DORCO LUMBAL;121;NO MANTENER DISTANCIA DE SEGURIDAD
1547;3547;12/10/2023 1:05;HERIDOS;CHOQUE;VEHICULO;-74,06117207;4,740791511;11;;1;SE DEJA CONSTANCIA QUE NINGUNO DE LOS DOS CONDUCTORES QUIEREN INTERPONER QUERELLA ;112;DESOBEDECER SEÑALES O NORMAS DE TRANSITO
1548;3548;10/12/2023;HERIDOS;CHOQUE;VEHICULO;-74,07532974;4,629620929;13;;5;CORRIJO DIRECCION DE LOS HECHOS CALLE 39 A CON CR 25 SEÑAL VIA SR 01 HIPOTESIS 112;112;DESOBEDECER SEÑALES O NORMAS DE TRANSITO
1549;3549;10/12/2023;HERIDOS;CHOQUE;VEHICULO;-74,15837166;4,580364899;19;;2;SE DEJA CONSTANCIA SEGUN LO MANIFESTADO POR CONDUCTORES Y OCUPANTES DEL VEHICULO N2 HUBO OTRO VEHICULO IMPLICADO EN EL ACCIDENTE DE PLACAS MLO317 COLOR BLANCO MARCA RENAULT EL CUAL VENIA EN REVERSA Y FUE QUIEN OCASIONO EL ACCIDENTE DANDOSE A LA FUGA ANEXO 02174;121;NO MANTENER DISTANCIA DE SEGURIDAD
1550;3550;10/12/2023;HERIDOS;CHOQUE;OBJETO;-74,13326984;4,662404057;9;;2;CORRIJO CASILLA 8 2 VEHICULO 1 INMOVILIZADO PATIOS ALAMOS SON DIRIJIDOS A DISPOSICION CORRIJO CASILLA  91 SIENDO CORRECTO EN CALIDAD ACOMPAÑANTE COMPARENDO N 39520576 Y 39520581 CONDUCTOR VH 1 ;139;IMPERICIA EN EL MANEJO
1551;3551;12/09/2023 21:50;HERIDOS;CHOQUE;VEHICULO;-74,09114836;4,620141061;16;;2;NO DESEAN REALIZAR QUERELLA SE HACE SABER A LOS DOS IMPLICADOS QUE TIENEN 6 MESES PARA INTERPONERLA SE CORRIJE CASILLA 4 FECHA Y HORA DE LA OCURRENCIA 09 12 2023 21 50 HORAS Y LEVANTAMIENTO 09 12 2023 22 10 HORAS ;112;DESOBEDECER SEÑALES O NORMAS DE TRANSITO
1552;3552;12/09/2023 21:41;MUERTOS;ATROPELLO;;-74,11966471;4,745974992;11;1;1;SE REALIZA COMPARENDO AL CONDUCTOR DEL VEHICULO N 1 POR INFRACCION D07 NUMERO 11001000000039517296;157;OTRA HIPÓTESIS (CONDUCTOR)
1553;3553;12/09/2023 21:33;HERIDOS;CHOQUE;VEHICULO;-74,12403939;4,560813619;18;;1;HAGO CORRECCION CASILLA 8 2 VEHICULO REV TECNICO MECANICA 169639133 POLIZA SOAT 9950014561 HIPOTESIS 142 PARA VEHICULO 1 Y VEHICULO 2 POR ESTABLECER QUIEN OMITE LUZ ROJA DEL SEMAFORO;142;SEMAFORO EN ROJO
1554;3554;12/09/2023 21:13;HERIDOS;CHOQUE;VEHICULO;-74,07682983;4,763426871;11;;3;SE CORRIGE NUMERO TELEFONICO DEL CONDUCTOR N 2 3046141744;122;GIRAR BRUSCAMENTE
1555;3555;12/09/2023 20:46;HERIDOS;ATROPELLO;;-74,14404159;4,566366051;19;;2;HIPOTESIS DE ACCIDENTALIDAD VEHICULO N 1 N 157 REDUCCION DE VELOCIDAD EN PROXIMIDAD A UNA INTERSECCION PASO PEATONAL ;157;OTRA HIPÓTESIS (CONDUCTOR)
1556;3556;12/09/2023 20:02;HERIDOS;CHOQUE;VEHICULO;-74,12687741;4,615768398;16;;4;CORRIJO CASILLA N 8 FECHA DE VENCIMIENTO DEL VEHICULO 1 SIENDO LA CORRECTA 16 11 2025  CORRIJO PLACA VH 2 GUZ856;121;NO MANTENER DISTANCIA DE SEGURIDAD
1557;3557;12/09/2023 20:02;DANOS;CHOQUE;OBJETO;-74,17511475;4,614051028;8;;;CASA RESIDENCIAL AFECTADA CASA CALLE 55 SUR  80 17 SE HACE RESPONSABLE LA SEÑORA NUMA LOPEZ DE TORRES CC 51658695 TELEFONO 3007565878 DAÑOS VENTANA REJA CIDRIO FRACTURA DE UNOS VIDRIOS PANORAMICOS DE VHEICULOS DENTRO DE LA CASA BASE PROTECTPOR DE GAS DOBLADO DAÑOS INTERNOS POR ESTABLECER SEÑAL PARAD;157;OTRA HIPÓTESIS (CONDUCTOR)
1558;3558;12/09/2023 19:50;DANOS;CHOQUE;VEHICULO;-74,08964053;4,671527844;12;;;SE LE REALIZA PRUEBA DE EMBRIAGUEZ A CONDUCTORES SALIENDO POSITIVO GRADO II CONDUCTOR N 1 COMPARENDO 39520931;121;NO MANTENER DISTANCIA DE SEGURIDAD
1559;3559;12/09/2023 19:30;HERIDOS;CHOQUE;VEHICULO;-74,1726893;4,588161199;19;;3;CORRIJO LA DIRECCION DEL BOSQUEJO TOPOGRAFICO SIENDO CORRECTA TV 73J N 62H 51 SUR;122;GIRAR BRUSCAMENTE
1560;3560;12/09/2023 19:20;HERIDOS;ATROPELLO;;-74,05479328;4,749225597;11;;2;ENTREGO DOCUMENTOS AL CONDUCTOR LICENCIA CONDUCCION CEDULA LICENICA DE TRANSITO ;157;OTRA HIPÓTESIS (CONDUCTOR)
1561;3561;12/09/2023 18:25;HERIDOS;ATROPELLO;;-74,11598277;4,610168103;16;;2;VEHICULO NO SE DIAGRAMA EN BOSQUEJO TOPOGRAFICO YA QUE FUE MOVIDO DE SU POSICION FINAL ;157;OTRA HIPÓTESIS (CONDUCTOR)
1562;3562;12/09/2023 18:06;HERIDOS;CHOQUE;VEHICULO;-74,08049861;4,591469656;17;;6;SE CORRIJE DOCUMENTO DEL PROPIETARIO VH 2 1010166442;121;NO MANTENER DISTANCIA DE SEGURIDAD
1563;3563;12/09/2023 18:00;DANOS;CHOQUE;VEHICULO;-74,10521248;4,599569172;16;;;SE REALIZA COMPARENDO N 39520698 ;115;EMBRIAGUEZ O SUSTANCIAS ALUCINOGENAS
1564;3564;12/09/2023 18:00;HERIDOS;ATROPELLO;;-74,11543889;4,516580981;5;;2;VEHICULO N1 NO SE DIAGRAMA YA QUE FUE MOVIDO DE LA POSICION FINAL;157;OTRA HIPÓTESIS (CONDUCTOR)
1565;3565;12/09/2023 17:30;HERIDOS;CHOQUE;VEHICULO;-74,13854075;4,565304111;19;;2;NUMERO DE SELLO DE GRUA VEHICULO N 2 302236;157;OTRA HIPÓTESIS (CONDUCTOR)
1566;3566;12/09/2023 17:20;HERIDOS;CHOQUE;VEHICULO;-74,09984318;4,626211053;16;;7;HIPOTESIS 121 PARA EL CONDUCTOR DEL VEHICULO 1 NO MANTENER DISTANCIA DE SEGURIDAD;121;NO MANTENER DISTANCIA DE SEGURIDAD
1567;3567;12/09/2023 16:24;HERIDOS;CHOQUE;VEHICULO;-74,09766767;4,606687644;14;;2;SE CORRIJE GRAVEDAD DEL ACCIDENTE CON HERIDOS ;98;TRANSITAR ENTRE VEHICULOS
1568;3568;12/09/2023 16:00;HERIDOS;CHOQUE;VEHICULO;-74,15123162;4,671828344;9;;1;CORRIJO CASILLA N 8 1 LICENCIA DE CONDUCION VH2 NO APLICA;157;OTRA HIPÓTESIS (CONDUCTOR)
1569;3569;12/09/2023 15:00;HERIDOS;CHOQUE;VEHICULO;-74,1353366;4,630549348;8;;1;TENIENDO EN CUENTA LA CIRCULAR 001 DLE 25 D EMAYO DE 2017 SE SOLICITA LA QUERELLA AL SEÑOR JUAN CARLOS RUIZ DIAZ DE CC 80237130 EL CUAL MANIFIESTA QUE NO DESEA QUERELLAR POR TAL MOTIVO EL CASO SE CONOCE COMO SOLO DAÑOS IGUALMENTE SE LE INFORMA QUE APARTIR DEL MOMENTO TIENE 6 MESES PARA QUERELLAR PAR;132;NO RESPETAR PRELACION
1570;3570;12/09/2023 14:20;HERIDOS;ATROPELLO;;-74,08531097;4,564646136;4;;2;CORRIJO CASILLA 7 2 UTILIZACION DOBLE SNETIDO CORRIJO HIPOTESIS  PARA LA PEATON 411 NO ESTAR ATENTO NO HACER USO DE LOS PASOS PEATONALES ;157;OTRA HIPÓTESIS (CONDUCTOR)
1571;3571;12/09/2023 14:19;HERIDOS;VOLVAMIENTO;;-74,08444254;4,74414576;11;;1;VIA 2 DOBLE SENTIDO EL CONDUCTOR DEL VEHICULO 1 MANIFIESTA PERDER EL CONTROL YA QUE OTO VEHICULO HACE CASO OMISO A LA LUZ ROJA DEL SEMAFORO PERO NO TIENE CONTACTO FISICO CON EL Y LE INFORMA QUE AL NO OBSERVAR LA INFRACCION  NO SE REALIZA COMPARENDO QUE SE DEBE SOLICITAR ;119;FRENAR BRUSCAMENTE
1572;3572;12/09/2023 13:10;HERIDOS;ATROPELLO;;-74,16051207;4,634930886;8;;1;PEATON HIPOTESIS 411 MENOR DE EDAD QUE CRUZA LA VIA VEHICULAR SIN ACOMPAÑANTE MAYOR DE EDAD ART 59 DEL CNT ;157;OTRA HIPÓTESIS (CONDUCTOR)
1573;3573;12/09/2023 12:26;HERIDOS;CHOQUE;VEHICULO;-74,08444586;4,607524462;14;;1;VH 2 ES PATINETA ELECTRICA ;157;OTRA HIPÓTESIS (CONDUCTOR)