CODIGO_ACCIDENTE;FORMULARIO;FECHA;GRAVEDAD;CLASE;CHOQUE;LONGITUD;LATITUD;CODIGO_LOCALIDAD;TOTAL_MUERTOS;TOTAL_HERIDOS;TEXTO_OBSERVACIONES;CODIGO_CAUSA;DESCRIPCION
1574;3574;12/09/2023 9:24;HERIDOS;CHOQUE;OBJETO;-74,14786887;4,617986926;8;;1;SE HACE RESPONSABLE DEL VEHICULO N 2 EL SEÑOR JESION SANTA MARIA SANCHEZ CC 80149768 YA QUE EL VEHICULO ESTABA ESTACIONADO DIRECCION DE RESIDENCIA CR 90 A N 80 85  APT 705 NUEVA CASTILLA TEL 3177704790;157;OTRA HIPÓTESIS (CONDUCTOR)
1575;3575;12/09/2023 9:22;HERIDOS;CHOQUE;OBJETO;-74,12659309;4,587616266;18;;2;CORRIJO CASILLA N 85 MODALIDAD DE TRANSPORTE MIXTO TENEDOR Y PROPIETARIO DEL VEHICULO 1 SEÑOR WILSON JAVIER FIGUEROA CANTOR NO SE ENCONTRABA EN EL INTERIOR DEL VEHICULO ESTACIONADO HIPOTESIS DE ACCIDENTALIDAD VEHICULO N 2 N 139 IMPERICIA EN EL MANEO TELEFONO PROPIETARIA VH 1 3112426278 ORDEN DE COMP;308;OTRA HIPÓTESIS (VÍA)
1576;3576;12/09/2023 8:40;HERIDOS;CHOQUE;VEHICULO;-74,09382356;4,517924118;5;;4;EL VEHICULO N 3 FUE MOVIDO DE SU POSICION FINAL ;139;IMPERICIA EN EL MANEJO
1577;3577;12/09/2023 5:58;HERIDOS;CHOQUE;VEHICULO;-74,06692711;4,670011836;12;;1;CORRIJO NOMBRE CONDUCTOR VH2 CARLOS ALBERTO OROZCO BARLANOA NO SE INICIA PROCESO POR FISCALIA YA QUE EL LESIONADO NO DESEA QUERELLAR POR EL MOMENTO CORRIJO DIRECCION CALLE 78 CRA 28A;112;DESOBEDECER SEÑALES O NORMAS DE TRANSITO
1578;3578;12/09/2023 5:00;MUERTOS;CHOQUE;VEHICULO;-74,08920017;4,695406795;10;1;;ACLARO CASILLA 7 3 CALZADAS 3 O MAS VEHICULO N 2 ES BICICLETA ELECTRICA ;157;OTRA HIPÓTESIS (CONDUCTOR)
1579;3579;12/09/2023 4:41;DANOS;CHOQUE;OBJETO;-74,10992634;4,596445464;15;;;VEHICULO DE PLACAS DZV500 QUE COLISIONA CHOCA CON OBJETO FIJO SEMAFORO N A510 10802014 DAÑANDOLO EN EL SITIO CUADRANTE  12 13 CAI VAIVANERA MANFIIESTA NO ENCONTRAR CPONDUCTOR DEL VEICULO EN EL MOMENTO QUE ASISTEN COMPARENDO N 39505390 INFRACCION C02 INMOVILIZADO LICENCIA DE TRANSITO 10014740011 SE A;157;OTRA HIPÓTESIS (CONDUCTOR)
1580;3580;12/09/2023 3:40;DANOS;CHOQUE;VEHICULO;-74,09771887;4,606523342;14;;;LA PLACA CORRECTA DEL VEHICULO N1 ES DZV549 NO SE DIAGRAMAN LOS VEHICULOS YA QUE FUERON MOVIDOS DE SU POSICION FINAL CORRIJO CASILLA 8 2 LICENCIA DE TRANSITO VEHICULO N 1 10030349727 ORDEN DE COMPARENDO N 33519339 F GRADO 2;115;EMBRIAGUEZ O SUSTANCIAS ALUCINOGENAS
1581;3581;12/09/2023 1:00;HERIDOS;CHOQUE;VEHICULO;-74,19054623;4,612033739;7;;2;SE DEJA CONSTANCIA QUE SE LE PONE EN CONOCIMIETO LA CIRCULAR 003 DEL 2020 LA CUAL MANIFIESTAN QUE TIENEN 6 MESES PARA INTERPONER QUERELLA EN CONTRA DEL CONDUCTOR N 1 Y QUE COLISIONAN EN EL LUGAR VOLUNTARIAMENTE FIRMANDO LETRA Y RESPONDIENDO POR LOS DAÑOS DE LA BICICLETA SOLO SE FIJA EL VHEICULO N 2 ;157;OTRA HIPÓTESIS (CONDUCTOR)
1582;3582;12/08/2023 20:30;HERIDOS;CAIDA;;-74,15366641;4,596409175;19;;1;CIUDADANA LESIONADA Y FAMIALIAR ANGELA MILENA CRUZ AGUDELO CC 52961085 MANIFIESTAN LIBRE Y VOLUNTARIAMENTE NO INTERPONER QUERELLA RESOLUCION 01670 Y 3922 CIRCULAR 001DE 25 05 2017;157;OTRA HIPÓTESIS (CONDUCTOR)
1583;3583;12/08/2023 20:30;HERIDOS;ATROPELLO;;-74,09016711;4,550073223;4;;4;157 ART 63 Y 411 ART 58 NUMERAL 4 DEL CODIGO NACIONAL DE TRANSITO SE REALIZA ORDEN DE COMPARENDO N 39519746 POR LA INFRACCION C35 AL CONDUCTOR DE LA MOTOCICLETA;157;OTRA HIPÓTESIS (CONDUCTOR)
1584;3584;12/08/2023 20:00;DANOS;CHOQUE;VEHICULO;-74,13745714;4,647861823;8;;;ME PERMITO ACLARAR LA DIRECCION DONDE OCURRIO EL ACCIDENTE DE TRANSITO CALLE 11B BIS A CON CARRERA 79 A;115;EMBRIAGUEZ O SUSTANCIAS ALUCINOGENAS
1585;3585;12/08/2023 18:26;HERIDOS;CHOQUE;VEHICULO;-74,11041377;4,644983914;13;;1;NO SE CONOCE EL CASO POR FISCALIA YA QUE LA PERSONA LESIONADA NO DESEA QUERELLAR ACLARO EL COLOR DEL VEHICULO 1 PLATA;121;NO MANTENER DISTANCIA DE SEGURIDAD
1586;3586;12/08/2023 16:30;HERIDOS;CHOQUE;VEHICULO;-74,14154617;4,667001689;9;;2;HIPOTESIS 157 POR ESTABLECER YA QUE ATRAVIESA LA VIA DE UN CARRIL A OTRO SIN OBSERVAR LOS DEMAS ACTORES DE LA VIA;157;OTRA HIPÓTESIS (CONDUCTOR)
1587;3587;12/08/2023 16:05;HERIDOS;CHOQUE;VEHICULO;-74,14561374;4,631116854;8;;1;CORRIJO DIRECCION DE RESIDENCIA DEL CONDUCTOR N 1 VEHICULO N 1 DIAGONAL 45 N 57 24 SUR LAS DELICIAS SE DEJA CONSTANCIA QUE EL CONDUCTOR N1 LESIONADO SEÑOR DUVAN ALBEIRO PINZON LEON CC 1099215425 MANIFIESTA LIBRE Y VOLUNTARIAMENTE NO INTERPONER QUERELLA POR LAS LESIONES DE IGUAL FORMA LOS ACOMPAÑANA;103;ADELANTAR CERRANDO
1588;3588;12/08/2023 16:00;HERIDOS;CHOQUE;VEHICULO;-74,08647237;4,600045313;14;;1;SE CORRIGE CASILLA 8 2 NIT DE LA EMPRESA 8605311354 SE HACE LA ANOTACION VEHICULO N 2 ES UNA PATINETA ELECTRICA;127;TRANSITAR EN CONTRAVIA
1589;3589;12/08/2023 15:42;HERIDOS;CHOQUE;VEHICULO;-74,16796995;4,648183966;8;;5;HIPOTESIS VEHICULO N 2 139 YA QUE POR ERROR HUMANO NO SE COLOCO EN LA CASILLA N 11 Y SE LE NOTIFICA ORDEN DE COMPARENDO N 39519819 D01 Y COMPARENDO N 1015392410 LEY 336 POR TARJETA DE OPERACION;139;IMPERICIA EN EL MANEJO
1590;3590;12/08/2023 15:26;DANOS;CHOQUE;OBJETO;-74,07905214;4,610765033;14;;;CONDUCTOR COLISIONA CONTRA CAJA DE SEMAFORIZACION DE N EX2104 EQUIPO DE CONTROL;157;OTRA HIPÓTESIS (CONDUCTOR)
1591;3591;12/08/2023 15:13;HERIDOS;VOLVAMIENTO;;-74,09798173;4,606999233;16;;1;NO SE DIAGRAMA VEHICULO 1 YA QUE FUE MOVIDO DE SU POSICION FINAL;157;OTRA HIPÓTESIS (CONDUCTOR)
1592;3592;12/08/2023 14:24;HERIDOS;CHOQUE;VEHICULO;-74,1236612;4,574228863;18;;1;HIPOTESIS DE ACCIDENTALIDAD VEHICULO 1 Y 2 N 157 PENDIENTE POR ESTABLECER DINAMICA DE LA ACCIDENTALIDAD DEBIDO A QUE EL VEHICULO 2 FUE MOVIDO DE SU POSICION FINAL;157;OTRA HIPÓTESIS (CONDUCTOR)
1593;3593;12/08/2023 14:10;HERIDOS;ATROPELLO;;-74,04340012;4,740882885;1;;2;CONDUCTOR DE IGUAL FORMA PRESENTA PASAPORTE VENEZOLANO N 126623437;157;OTRA HIPÓTESIS (CONDUCTOR)
1594;3594;12/08/2023 13:25;HERIDOS;CHOQUE;VEHICULO;-74,10019321;4,60065756;14;;3;SE CORRIGE CENTRO ASISTENCIAL DEL CONDUCTOR VH1 CLINICA SANTA JULIANA;301;AUSENCIA TOTAL O PARCIAL DE SEÑALES
1595;3595;12/08/2023 13:16;HERIDOS;CHOQUE;VEHICULO;-74,12628928;4,563610927;6;;2;SE REALIZA ORDEN DE COMPARENDO N 39513314 AL CONDUCTOR DEL VEHICULO N 1 POR LA INFRACCION D02 TENER VENCIDO SOAT ;112;DESOBEDECER SEÑALES O NORMAS DE TRANSITO
1596;3596;12/08/2023 9:58;DANOS;CHOQUE;OBJETO;-74,10900427;4,622497592;16;;;CHOQUE CON OBJETO FIJO VEHICULO ESTACIONADO DE PLACAS WML082 MARCA KIA COLOR AMARILLO QUIEN SE PRESENTA COMO PROPIETARIA KIMBERLY VANESSA FUQUEN GOMEZ CC 1022365893 COMPARENDO N 39519094 POR LA INFRACCION F POSITIVO GRADO 3 PARA EL SEÑOR CONDUCTOR ANDRES MAURICIO CORREA BENAVIDES;115;EMBRIAGUEZ O SUSTANCIAS ALUCINOGENAS
1597;3597;12/08/2023 9:57;HERIDOS;CHOQUE;OBJETO;-74,08339588;4,62476203;16;;1;SE CORRIGE MODALIDAD CLASE DE ACCIDENTE CHOQUE CON OBJETO FIJO SEPARADOR NO SE OBTIENEN DATOS DE DIRECCION YA QUE NO ES POSIBLE ENTREVISTARME CON EL CONDUCTOR POR LA GRAVEDAD DE LAS LESIONES;157;OTRA HIPÓTESIS (CONDUCTOR)
1598;3598;12/08/2023 7:09;DANOS;CHOQUE;OBJETO;-74,08372729;4,653479335;13;;;EL ACCIDENTE DE TRANSITO SE ACASIONO CON OBJETO FIJO PREDIO QUE PERTENECE INSTITUTO DISTRITAL DE RECREACION Y DEPORTE IDRD COMPLEJO ACUATICO SIMON BOLIVAR CON NIT 860061099 1 DAÑOS OCASIONADOS AL PREDIO CON BASE DE LADRILLO Y VALLA METALICA DE SEGURIDAD ;157;OTRA HIPÓTESIS (CONDUCTOR)
1599;3599;12/08/2023 6:50;HERIDOS;CHOQUE;VEHICULO;-74,17852578;4,59433722;19;;2;CORRIJO NUMERO DE REVISION NO NECESITA;157;OTRA HIPÓTESIS (CONDUCTOR)
1600;3600;12/08/2023 6:45;HERIDOS;CHOQUE;VEHICULO;-74,14024798;4,61512141;8;;1;CORRECION CASILLA 8 VEHICULO N1 CONDUCTOR HOSPITAL CLINICA O SITIO DE ATENCION MEDICINA LEGAL CORRECION CASILLA VEHICULO 2 CASILLA 8 2 VEHICULO PROPIETARIO MISMO CONDUCTOR NO CASILLA 17 NO SE DIAGRAMAN LOS VEHICULOS YA QUE FUERON MOVIDOS DE SU POSICION FINAL;121;NO MANTENER DISTANCIA DE SEGURIDAD
1601;3601;12/08/2023 5:51;DANOS;CHOQUE;OBJETO;-74,06133712;4,716438317;11;;;SE REALIZA PRUEBA DE EMBIRAGUEZ GRADO II MEDCIONES 1581 1582;115;EMBRIAGUEZ O SUSTANCIAS ALUCINOGENAS
1602;3602;12/08/2023 5:00;HERIDOS;CHOQUE;VEHICULO;-74,10880042;4,669569404;10;;1;CORRIJO CASILLA 8 2 PROPIETARIO MISMO CONDUCTOR NO ES SANCHEZ ARANGUREN CRISTOPHER ENRIQUE CC 1007328319;121;NO MANTENER DISTANCIA DE SEGURIDAD
1603;3603;12/08/2023 2:00;HERIDOS;CHOQUE;VEHICULO;-74,06176923;4,6520069;2;;1;AL LLEGAR AL CENTRO MEDICO ALCALA YA LE HABIAN DADO SALIDA AL LESIONADO EL SEÑOR BRAYAN ANDERSON A LO CUAL ES TRASLADADO A MEDICINA LEGAL PARA LA PRUEBA DE EMBRIAGUEZ;121;NO MANTENER DISTANCIA DE SEGURIDAD
1604;3604;12/07/2023 23:50;HERIDOS;CHOQUE;VEHICULO;-74,16944261;4,596116611;7;;1;COMPARENDO N 039509756 PARA VEHICULO 2 TRANSITAR POR ZONAS PROHIBIDAS ;127;TRANSITAR EN CONTRAVIA
1605;3605;12/07/2023 22:36;HERIDOS;ATROPELLO;;-74,17414271;4,609725098;8;;1;CONDUCTOR SE DA A LA FUGA CON SU MOTOCICLETA LA LESIONADA APORTA PLACA DE LA MOTOCICLETA ICT92B;157;OTRA HIPÓTESIS (CONDUCTOR)
1606;3606;12/07/2023 20:20;HERIDOS;CHOQUE;VEHICULO;-74,08445559;4,60758012;14;;1;CORRIJO CASILLA 8 2 REV TECN MEC VH 2 163044749 SE REALIZA ORDEN DE COMPARENDO N 39511331 AL CONDUCTOR DEL VH 1 POR NUNCA HABER OBTENIDO LICENCIA DE CONDUCCION A2 Y COMPARENDO A 2 Y COMPARENDO N 39511323 POR D04 POR DESOBEDECER SEÑAL SEMAFORO ROJO ;142;SEMAFORO EN ROJO
1607;3607;12/07/2023 20:15;HERIDOS;CHOQUE;VEHICULO;-74,1108139;4,512367301;5;;2;CORRIJO CASILLA 8 8  EL DOCUMENTO ES PASAPORTE Y ES DE NACIONALIDAD VENEZOLANA CONDUCTOR N 1 TRASLADADO A LA CLINICA SANTA JULIANA  PRESENTANDO UN TRAUMA CERVICAL ;112;DESOBEDECER SEÑALES O NORMAS DE TRANSITO
1608;3608;12/07/2023 20:10;HERIDOS;CHOQUE;OBJETO;-74,11128414;4,566979181;18;;1;PROPIETARIO DE LA VIVIENDA DE NOMENCLATURA CRA 11F N 4005 SUR PROPIETARIO  FELIX ELIAS LADINO JIMENEZ DE CC 17130280 PRESENTA DAÑOS EN EL PORTON ROTO DENTRO DE LA VIVIENDA PRESENTA DAÑOS DE LAS MOTOCICLETAS QUE SE ENCONTRABAN GUARDADAS DENTRO DE LA VIVIENDA DE PLACAS OUZ53D KKV02G VJH43G PROPIETARIO;157;OTRA HIPÓTESIS (CONDUCTOR)
1609;3609;12/07/2023 19:37;HERIDOS;CHOQUE;VEHICULO;-74,19576972;4,628955487;7;;2;SE NOTIFICAN ORDEN DE COMPARENDO AL CONDUCTOR DEL VEHICULO N 2 POR LA INFRACCION D02 SOAT VENCIDO N 39518667 POR LA INFRACCION C35 REVISION TECNOMECANICA VENICDA N 34518849 Y POR LA INFRACCION B1 NO PRESENTA LA LICENCIA DE CONDUCCION NI FISICA NI VIRTUAL COMPARENDO N 39518850;112;DESOBEDECER SEÑALES O NORMAS DE TRANSITO
1610;3610;12/07/2023 19:15;HERIDOS;CHOQUE;VEHICULO;-74,04829917;4,738014715;1;;1;SE DEJA CONSTANCIA QUE NINGUNO DE LOS 2 CONDUCTORES QUIEREN INTERPONER QUERELLA POR LO MISMO NO SE INMOVILIZAN LOS VEHICULOS;125;ESTACIONAR SIN SEGURIDAD
1611;3611;12/07/2023 18:42;HERIDOS;CHOQUE;VEHICULO;-74,19884888;4,604405891;7;;1;CORRIJO CASILLA 3 DIRECCION CARRERA 78H BIS CON CALLE 73 SUR;103;ADELANTAR CERRANDO
1612;3612;12/07/2023 18:41;HERIDOS;ATROPELLO;;-74,17137745;4,641322554;8;;2;HIPOTESIS 411 NO TENER PRECAUCION AL CRUZAR LA VIA ART 57 58 59 CNT ;157;OTRA HIPÓTESIS (CONDUCTOR)
1613;3613;12/07/2023 18:10;HERIDOS;CHOQUE;VEHICULO;-74,11338758;4,596157518;15;;3;SE REALIZA ORDEN DE COMPARENDO AL CONDUCTOR N 3 39505645 INFRACCION D01 SE ACLARA LOCALIDAD DE OCURRENCIA ANTONIO NARIÑO ;139;IMPERICIA EN EL MANEJO
1614;3614;12/07/2023 17:52;HERIDOS;OTRO;;-74,04702511;4,717879353;1;;1;506 FALTA DE PRECAUCIÓN AL MOMENTO DE DESCENSER DE UN VEHICULO ;506;OTRA HIPÓTESIS (PASAJERO O ACOMPAÑANTE)
1615;3615;12/07/2023 17:34;HERIDOS;CHOQUE;VEHICULO;-74,05520854;4,681095269;2;;2;CORRIJO FECHA DE NACIMIENTO VICTIMA 1 ES 17 02 2002 EL VEHICULO N2 EN FUGA;157;OTRA HIPÓTESIS (CONDUCTOR)
1616;3616;12/07/2023 17:19;HERIDOS;CHOQUE;VEHICULO;-74,09660405;4,59692671;14;;2;NO REDUCIR LA VELOCIDAD AL LLEGAR A UNA INTERSECCION ;157;OTRA HIPÓTESIS (CONDUCTOR)
1617;3617;12/07/2023 16:20;HERIDOS;CHOQUE;VEHICULO;-74,10634352;4,500506776;5;;8;SE CORRIGE CASILLA 8 3 PASAJEROS MASIVO SE ACLARA LA VICTIMA N 7 LA TRASLADAN A LA CLINICA EUSALUD;121;NO MANTENER DISTANCIA DE SEGURIDAD
1618;3618;12/07/2023 13:01;HERIDOS;ATROPELLO;;-74,06774398;4,620076627;3;;1;NO SE GRAFICA EL VEHICULO POR QUE SEGUN LO MANIFESTADO POR LE LESIONADO SE DIO A LA FUGA ;157;OTRA HIPÓTESIS (CONDUCTOR)
1619;3619;12/07/2023 12:40;HERIDOS;CHOQUE;VEHICULO;-74,14361372;4,563601529;19;;1;ES DE ANOTAR QUE EL CICLISTA AL PARECER TRANSITA POR EL ANDEN E REPENTINAMENTE INTENTA CRUZAR LA VIA NUMERO DE CAMARA 1826 EN EL LUGAR;157;OTRA HIPÓTESIS (CONDUCTOR)
1620;3620;12/07/2023 12:10;HERIDOS;CHOQUE;VEHICULO;-74,09547559;4,602458073;14;;1;EL CONDUCTOR DEL VH 2 SE DA A LA FUGA REALIZO ORDEN DE COMPARENDO N 39516476 NO ACLARO N DE LICENCIA DE TRANSITO N 10029658560 VH 1 ;112;DESOBEDECER SEÑALES O NORMAS DE TRANSITO
1621;3621;12/07/2023 9:50;HERIDOS;CAIDA;;-74,08070977;4,735622331;11;;1;CORRIJO CASILLA N 7 3 CALZADAS V1 UNA CALZADA 1  VIA 2 UNA CALZADA ;506;OTRA HIPÓTESIS (PASAJERO O ACOMPAÑANTE)
1622;3622;12/07/2023 8:20;DANOS;CHOQUE;OBJETO;-74,10896864;4,495666792;5;;;PROPIERATIO DE LA VIVIERNDA AFECTADA CALLE 98 SUR   1 F SR JHON PARRA CC 14280635 CEL 3144337018 LA VIVIENDA PRESENTA DAÑOS INTERNOS Y EXTERNOS EN LA ENTANA IZQUIERDA PAREDES IZQUIERDAS OTROS DAÑOS POR ESTABLECER MEDIANTE REVISION;308;OTRA HIPÓTESIS (VÍA)
1623;3623;12/07/2023 8:05;HERIDOS;CHOQUE;VEHICULO;-74,11882542;4,624210321;16;;3;HIPOTESIS 112 PARA LOS DOS CONDUCTORES ART 74 CNT NO REDUCIR VELOCIDAD A 30 KM AL LLEGAR A UNA INTERSECCION ;112;DESOBEDECER SEÑALES O NORMAS DE TRANSITO
1624;3624;12/07/2023 8:00;MUERTOS;CHOQUE;VEHICULO;-74,03495828;4,764414255;1;1;1;EL CONDUCTOR TRANSITABA CON UN ACOMPAÑANTE DE LA MOTOCICLETA EL CUAL FUE REMITIDO AL CENTRO ASISTENCIAL DONDE SE LOGRA IDENTIFICAR COMO SERGIO LOPEZ URREGO CC 1000951497 MASCULINO COLOMBIANO 27 10 2003 HOSPITAL SIMON BOLIVAR TRAUMA FACIAL;157;OTRA HIPÓTESIS (CONDUCTOR)
1625;3625;12/07/2023 7:15;HERIDOS;CHOQUE;VEHICULO;-74,15051413;4,670324613;9;;1;SE DEJA CONSTANCIA QUE EL EVENTO NO SE DEJA A DISPOSICION URI ENGATIVA YA QUE LA PERSONA LESIONADA NO DESEO INTERPONER NINGUNA CLASE DE DENUNCIA O QUERELLA EN EL MOMENTO;112;DESOBEDECER SEÑALES O NORMAS DE TRANSITO
1626;3626;12/07/2023 7:00;HERIDOS;CHOQUE;VEHICULO;-74,17189;4,643354475;8;;3;NO SE DIAGRAMAN LOS VEHICULOS YA QUE FUERON MOVIDOS DEL PUNTO IMPACTO O POSICION FINAL;157;OTRA HIPÓTESIS (CONDUCTOR)
1627;3627;12/07/2023 6:30;HERIDOS;CHOQUE;VEHICULO;-74,16198862;4,581581406;19;;1;DIRECCION DEL CONDUCTOR DEL VH1 CALLE 44 N 35C 02 BARRIO EL TRIUNFO;127;TRANSITAR EN CONTRAVIA
1628;3628;12/07/2023 6:30;HERIDOS;CHOQUE;VEHICULO;-74,1003021;4,703882759;10;;1;ACLARO FECHA VENCIMIENTO CONDUCTOR N 1 SIENDO 25 08 2033 EVENTO QUE LLEGO COMO RECONOCIMIENTO EN LA CLINICA MEDICENTRO FONTIBON 1 EL EVENTO ES CONOCIDO SIENDO APROXIMADAMENTE LAS 10 58  HORAS NO SE DIAGRAMAN NI SE INMOVILIZAN LOS VEH YA QUE FUERON MOVIDOS DE SU POSICION FINAL SE DESCONOCE EL PARADER;145;ARRANCAR SIN PRECAUCION
1629;3629;12/07/2023 5:47;HERIDOS;ATROPELLO;;-74,09931211;4,738963149;11;;2;REVISION TECNOMECANICA VH 1 166989859;112;DESOBEDECER SEÑALES O NORMAS DE TRANSITO
1630;3630;12/07/2023 2:46;HERIDOS;CHOQUE;VEHICULO;-74,10570137;4,695855161;9;;5;NO SE DIAGRAMA VEHICULO YA QUE FUERON MOVIDO DEL LUGAR DE LOS HECHOS YA QUE EL VH 1 SE DIO A LA FUGA Y ESTE ALCANZA COLISIONAR LA CLINICA Y EL CONJUNTO RESIDENCIAL  BOLIBIA UBICADOS EN CLL 81 N 105 25 CORRIJO PLACA VH 1 JFN217;121;NO MANTENER DISTANCIA DE SEGURIDAD
1631;3631;12/07/2023 2:30;HERIDOS;ATROPELLO;;-74,15510473;4,631515198;8;;1;CASO CONOCIDO EN EL PARQUEADERO DE ABASTOS NO SE DIAGRAMA EL VEHICULO PORQUE FUE MOVIDO DEL LUGAR DE LOS HECHOS CONDUCTOR Y PEATON MANIFIESTAN QUE EL CASO NO SEA CONOCIDO POR FISCALIA;157;OTRA HIPÓTESIS (CONDUCTOR)
1632;3632;12/07/2023 1:21;HERIDOS;VOLVAMIENTO;;-74,1533158;4,625312699;8;;1;NO SE DIAGRAMA EL VEHICULO TIPO MOTOCICLETA YA QUE FUE MOVIDA DE SU POSICION FINAL ;157;OTRA HIPÓTESIS (CONDUCTOR)
1633;3633;7/12/2023;MUERTOS;OTRO;;-74,03752472;4,80715145;1;1;;LLANTA POSTERIOR DERECHA SALE EXPULSADA A VIA PUBLICA CAUSANDOLE LECIONES AL CONDUCTOR DE LA MOTOCICLETA DONDE PIERDE EL CONTROL Y CAE DE LA MISMA ES DE ANOTAR QEU NO DESEA INTERPONER QUERELLA DE IGUAL FORMA SE LE EXPLICA QUE TIENE 6 MESES PARA LA MISMA SEGUN RESOLUCION 01670 03922 DE 2016 Y LAS CIR;201;FALLAS EN LAS LLANTAS
1634;3634;12/06/2023 21:30;HERIDOS;VOLVAMIENTO;;-74,04761032;4,744898742;1;;2;RESOLUCIONES 01670 Y 03922 DE 2016 Y LA CIRCULAR 008 DEL 25 05 2017 ACOMPAÑANTE NO INTERPONER QUERELLA ;157;OTRA HIPÓTESIS (CONDUCTOR)
1635;3635;12/06/2023 21:29;HERIDOS;CHOQUE;VEHICULO;-74,12973908;4,655402075;9;;1;CORRIJO CASILLA 8 FECHA DE NACIMIENTO VEHICULO CONDUCTOR N 2 26 01 1998 CORRIJO CASILLA 6 4 INTERSECCION CORRIJO CASILLA 7 2 UN SENTIDO;103;ADELANTAR CERRANDO
1636;3636;12/06/2023 19:45;HERIDOS;ATROPELLO;;-74,10010311;4,71550902;10;;2;ACLARO ACOMPAÑANTE NO SE HIZO TRASLADAR A NINGUN CENTRO ASISTENCIAL DE NOMBRE ALZATE RAMOS ANDRES CC 1000383196 DE 23 AÑOS ACLARO TOTAL VICTIMAS PEATON 1 CONDUCTOR 1 ACOMPAÑANTE 0 TOTAL DE HERIDOS 2;157;OTRA HIPÓTESIS (CONDUCTOR)
1637;3637;12/06/2023 19:35;HERIDOS;CHOQUE;VEHICULO;-74,07402813;4,659624738;12;;1;EL VH 2 TRANSITA POR CICLORUTA ;97;TRANSITAR POR VIAS PROHIBIDAS
1638;3638;12/06/2023 18:35;HERIDOS;CHOQUE;OBJETO;-74,09546582;4,609509685;14;;2;SE DEJA  PLASMADO INFORME LA ESPOSA NO DESEA QUERELLAR DE ACUERDO A LA RESOLUCION 01670 Y 03922 DE 2016 DE LA FISCALIA SE LE EXPLICO PROCEDIMIENTO;157;OTRA HIPÓTESIS (CONDUCTOR)
1639;3639;12/06/2023 17:35;HERIDOS;CHOQUE;VEHICULO;-74,09838205;4,583482128;15;;2;NO SE DIAGRAMA EL VEHICULO N2 MOTOCICLETA YA QUE FUE MOVIDA DE LA POSICION FINAL;157;OTRA HIPÓTESIS (CONDUCTOR)
1640;3640;12/06/2023 17:16;HERIDOS;CHOQUE;VEHICULO;-74,08262865;4,771037983;11;;1;CORRIJO NUMERO DE LICENCIA DE TRANSITO VEHICULO 1  10013256517;102;ADELANTAR POR LA DERECHA
1641;3641;12/06/2023 17:05;HERIDOS;CHOQUE;VEHICULO;-74,08239761;4,606061062;14;;2;157 POR ESTABLECER QUIEN PASA EL SEMAFORO EN ROJO CORRIJO HORA DE LOS  HECHOS SIENDO ESTA 17 05 SE ACLARA QUE EL VH 2 ES PATINETA ELECTRICA ;157;OTRA HIPÓTESIS (CONDUCTOR)
1642;3642;12/06/2023 16:04;HERIDOS;ATROPELLO;;-74,09893221;4,690355875;10;;3;ANEXO VICTIMAS 000185 ACLARO PUNTO 7 1 RECTA ;157;OTRA HIPÓTESIS (CONDUCTOR)
1643;3643;12/06/2023 15:50;HERIDOS;CHOQUE;VEHICULO;-74,11071296;4,616348309;16;;3;HIPOTESIS 122 GIRAR BRUSCAMENTE PARA CONDUCTOR DE LA MOTOCICLETA ;122;GIRAR BRUSCAMENTE
1644;3644;12/06/2023 15:50;DANOS;CHOQUE;VEHICULO;-74,09810366;4,619968708;16;;;POLIZA SOAT VEHICULO N 1 SEGUROS GENERALEZ SURAMERICANA S A ;121;NO MANTENER DISTANCIA DE SEGURIDAD
1645;3645;12/06/2023 15:50;DANOS;CHOQUE;VEHICULO;-74,08293843;4,667254439;12;;;ES DE ANOTAR QUE LOS VEHICULOS INVOLUCRADOS AFECTARON EL JARDIN DE UNA CASA QUIEN RESPONDE AL NOMBRE DEL PROPIETARIO BLANCA CIFUENTES CC 41778428 TEL 3133917990 RESIDENTE CALLE 66 B N 58 05;116;EXCESO DE VELOCIDAD
1646;3646;12/06/2023 15:30;HERIDOS;CHOQUE;VEHICULO;-74,06126132;4,691416411;11;;4;CORRIJO CASILLA N 8 1 EDL VH 2 HOSPITAL CLINICA ALCALA DESCRIPCION DE LESIONES TRAUMA DE LARIGAZO;112;DESOBEDECER SEÑALES O NORMAS DE TRANSITO
1647;3647;12/06/2023 15:30;HERIDOS;CHOQUE;VEHICULO;-74,11109308;4,578490182;18;;1;ACLARO CASILLA N 8 3 VEHICULO N 1 CLASE DE VEHICULO  AUTOMOVIL SE DEJA CONSTANCIA QUE NO SE DIAGRAMAN LOS VEHICULOS POR QUE FUERON MOVIDOS DE SU POSICON FINAL ;157;OTRA HIPÓTESIS (CONDUCTOR)
1648;3648;12/06/2023 14:03;HERIDOS;ATROPELLO;;-74,13575088;4,625600281;8;;1;SE DEJA CONSTANCIA QUE SE DESCONOCE DEL PARADERO DEL VEHICULO 1 CLASE TRICIMOTOR  YA QEU FUE RETIRADO DEL LUGAR POR PERSONAS AGENAS DEL SINIESTRO VIAL ;139;IMPERICIA EN EL MANEJO