CODIGO_ACCIDENTE;FORMULARIO;FECHA;GRAVEDAD;CLASE;CHOQUE;LONGITUD;LATITUD;CODIGO_LOCALIDAD;TOTAL_MUERTOS;TOTAL_HERIDOS;TEXTO_OBSERVACIONES;CODIGO_CAUSA;DESCRIPCION
1649;3649;12/06/2023 13:00;HERIDOS;ATROPELLO;;-74,11366777;4,711612076;10;;1;EL LEVANTAMIENTO DEL INFORME SE REALIZA FRENTE A LA VIVIENDA DE LA SEÑORA YA QUE EL ACCIDENTE OCURRIO FRENTE AL PORTAL CLL 80 APROXIMAMENTE 13 00 HORAS Y EL APOYO FUE SOLICITADO A LAS 16 00 PARA LA AMBULANCIA POR ACCIDENTE DE TRANSITO VEHICULO EN FUGA SE DESCONOCE SI FUE MOTICICLETA O BICICLETA CON ;157;OTRA HIPÓTESIS (CONDUCTOR)
1650;3650;12/06/2023 13:00;HERIDOS;ATROPELLO;;-74,08532268;4,648838944;13;;2;CORRIJO NÚMERO REVISION VEHICULO N 1 167109524;157;OTRA HIPÓTESIS (CONDUCTOR)
1651;3651;12/06/2023 11:50;HERIDOS;CHOQUE;VEHICULO;-74,09280945;4,717179969;11;;2;EL SEÑOR FLOREZ ES INSTRUCTOR DE ACADEMIA DE ENSEÑANZA QUE IBA GUIANDO Y DANDO CLASE A LA SEÑORITA PERILLA CERTIFICADO DE INSTRUCION 42802;143;PONER EN MARCHA UN VEHICULO SIN PRECAUCIONES
1652;3652;12/06/2023 11:40;HERIDOS;CHOQUE;VEHICULO;-74,08729093;4,61593415;14;;4;SE CORRIJE CASILLA 8 FECHA DE NACIMIENTO 15 11 2003;122;GIRAR BRUSCAMENTE
1653;3653;12/06/2023 9:05;HERIDOS;CHOQUE;VEHICULO;-74,13759988;4,630609038;8;;1;SE DEJA CONSTANCIA QUE EL CHOQUE FUE ENTRE  DOS MOTOCICLETA INICIALMENTE LA CUAL UNA SE DA A LA FUGA ESTANDO EL LESIONADO EN VIA PASA EL VEHICULO Y LO ARROJA DANDOSE A LA FUGA PLACAS DEL VEHICULO DQM128;157;OTRA HIPÓTESIS (CONDUCTOR)
1654;3654;12/06/2023 8:12;HERIDOS;CHOQUE;VEHICULO;-74,09052116;4,719328553;11;;2;SE REALIZA ORDEN DE COMPARENDO AL VH1 POR LA INFRACCION D12 Y LEY 336 N 39517862 1015399898;121;NO MANTENER DISTANCIA DE SEGURIDAD
1655;3655;12/06/2023 8:10;HERIDOS;CHOQUE;VEHICULO;-74,1424313;4,580985184;6;;1;HIPOTESIS DE ACCIDENTALIDAD VEHICULO N1 NUMERO 103 ADELANTAR CERRADO;103;ADELANTAR CERRANDO
1656;3656;12/06/2023 7:30;HERIDOS;CHOQUE;VEHICULO;-74,05639944;4,718481175;11;;2;HORA OCURRENCIA 07 30;157;OTRA HIPÓTESIS (CONDUCTOR)
1657;3657;12/06/2023 7:00;HERIDOS;OTRO;;-74,11356;4,711716815;10;;1;LAS CASILLAS 8 2 DEL VH1 Y VH2 NO SE DILIGENCIAN YA QUE LAS DOS SON BICICLETAS SE HACE VERIFICACION DE NUMERO DE MARCO VH1 GW201218 Y VH2 HA121378649 NO SE DIAGRAMAN VEHICULOS PORQUE FUERON MOVIDOS CASILLA 7 9 SEÑAL DE TRANSITO VERTICAL SP46A ES UN ACCIDENTE DE AUTOLESIONES DEBIDO A QUE NO HUBO CHOQ;157;OTRA HIPÓTESIS (CONDUCTOR)
1658;3658;12/06/2023 6:05;DANOS;CHOQUE;OBJETO;-74,11171732;4,666170287;9;;;NO ESTAR ATENTO A LAS MEDIDAS DEL PUENTE YA QUE EXISTE SEÑALIZACION Y NO CUMPLE CON LAS MEDIDAS TRIDIMENSIONALES AFECTACION DEL PUENTE AV BOYACA CON CALLE 26 EN EL CONCRETO EN LA MITAD COMPARENDO C22 39514813;157;OTRA HIPÓTESIS (CONDUCTOR)
1659;3659;12/06/2023 5:20;HERIDOS;CHOQUE;VEHICULO;-74,11290169;4,596769589;16;;1;HIPOTESIS RESPONSABILIDAD PARA CONDUCTOR VH2 103 ADELANTAR CERRADO;103;ADELANTAR CERRANDO
1660;3660;12/06/2023 5:00;HERIDOS;ATROPELLO;;-74,19590284;4,620839301;7;;2;SE CORRIJE CASILLA 7 9 LITERAL C SEÑALES SR 25 SR30 HIPOTESIS 139 PARA CONDUCTOR DEL VEHICULO 1 SE LE REALIZAN LAS SIGUIENTES ORDENES DE COMPARENDO 39514115 POR LA D01 39514111 POR LA C35 1015399731 POR LEY NO TIENE TARJETA DE OPERACION SE CORRIJE 8 6 RADIO DE ACCION NACIONAL SE OCRRIJE NOMBRE AL CO;139;IMPERICIA EN EL MANEJO
1661;3661;12/06/2023 1:12;MUERTOS;ATROPELLO;;-74,15045477;4,569498903;19;1;2;PEATON SE ENCUENTRA EN LA USI ;157;OTRA HIPÓTESIS (CONDUCTOR)
1662;3662;6/12/2023;HERIDOS;ATROPELLO;;-74,03661229;4,765189072;1;;2;NO SE FIJA EL VHEICULO YA QUE FUE MOVIDO DE SU POSICION FINAL ;157;OTRA HIPÓTESIS (CONDUCTOR)
1663;3663;12/05/2023 22:53;HERIDOS;CHOQUE;OBJETO;-74,10527466;4,629729331;16;;2;CONDUCTOR DE MOTOCICLETA MANIFIESTA QUE UNOS AMIGOS RETIRARON LA MOTOCICLETA DEL LUGAR Y SE DESCONOCE PARADERO DE LA MISMA DE IGUAL MANERA NO SUMINISTRA DATOS DE LEY;157;OTRA HIPÓTESIS (CONDUCTOR)
1664;3664;12/05/2023 21:00;DANOS;CHOQUE;VEHICULO;-74,08690226;4,59942869;14;;;SE REALIZA ORDEN DE COMPARENDO INFRACCION C33 AL CONDUCTOR VH 1 ;103;ADELANTAR CERRANDO
1665;3665;12/05/2023 20:20;HERIDOS;CAIDA;;-74,14323596;4,602689468;8;;2;NO SE DIAGRAMA EL VEHCIULO YA QUE FUE MOVIDO DE SU POSICION FINAL DEL LUGAR DE LOS HECHOS LESIONADO NO SE ENCUENTRA EN EL LUGAR POR TAL MOTIVO NOS TRASLADAMOS A VERIFICAR A LA CLINICA OCCIDENTE;119;FRENAR BRUSCAMENTE
1666;3666;12/05/2023 19:30;HERIDOS;CHOQUE;VEHICULO;-74,04087734;4,687733938;1;;3;SE DA LA HIPOTESIS 142 POR ESTABLECER QUIEN OMITE LUZ ROJA DE SEMAFORO;142;SEMAFORO EN ROJO
1667;3667;12/05/2023 18:30;DANOS;CHOQUE;OBJETO;-74,08450826;4,613315085;14;;;POSTE DE TELEFONIA SIN NPÚMERO SE INFORMA A CENTRAL DE RADIO LA CUAL INFORMA A TELEWFONIA Y AL LUGAR NO SE HACE PRECENSIA DE NINGUNA PERSONA RESPONSABLE SEGUN LA CIUDADANIA EL POSTE FUE CHOCADO POR UN VH QUE SE DA A LA FUGA ;157;OTRA HIPÓTESIS (CONDUCTOR)
1668;3668;12/05/2023 17:26;HERIDOS;ATROPELLO;;-74,17148692;4,624649257;8;;1;HIPOTESIS 145 PARA EL CONDUCTOR DEL VEHICULO ARRANCAR SIN PRECAUCION ;145;ARRANCAR SIN PRECAUCION
1669;3669;12/05/2023 16:40;HERIDOS;CHOQUE;VEHICULO;-74,04408006;4,692264069;1;;2;SE CORRIGE CASILLA 8 3 CLASE DE VEHICULO CORRESPONDE A MOTOCICLETA;132;NO RESPETAR PRELACION
1670;3670;12/05/2023 16:13;MUERTOS;ATROPELLO;;-74,08240346;4,629336333;13;1;1;SE REALIZA ORDEN DE COMPARENDO AL CONDUCTOR DE LA MOTOCICLETA POR LAS INFRACCIONES D01 Y C35 POR NO HABER OBTENIDO LICENCIA Y POR NO REALIZAR LA REVISION TECNICO MECANICA EN LOS TIEMPOS ESTABLECIDOS;139;IMPERICIA EN EL MANEJO
1671;3671;12/05/2023 14:24;HERIDOS;CHOQUE;VEHICULO;-74,05485863;4,758586388;11;;4;CORRIJO LA CASILLA 7 3 CALZADAS V1 2 VIA 2 1;112;DESOBEDECER SEÑALES O NORMAS DE TRANSITO
1672;3672;12/05/2023 14:05;HERIDOS;CHOQUE;VEHICULO;-74,08643067;4,754536113;11;;2;SE CORRIGE CASILLA CONDUCTOR N 2 FECHA DE NACIMIENTO 14 09 2003;157;OTRA HIPÓTESIS (CONDUCTOR)
1673;3673;12/05/2023 14:00;HERIDOS;CHOQUE;VEHICULO;-74,08092603;4,627326372;13;;2;FECHA NACIMIENTO VH 2 CONDUCTOR 20 11 1974 SE DEJA CONSTANCIA QUE LA VICTIMA NO DESEO INTERPONER QUERELLA NI LA HIJA E EL LUGAR SOLAMENTE SE DEJA SOAT A DISPOSICION CON ATENCION MEDICA DEL VEHICULO EN EL QUE SE TRANSPORTABA VH 1  VH 1 121 HIPOTESIS ;119;FRENAR BRUSCAMENTE
1674;3674;12/05/2023 13:00;DANOS;CHOQUE;OBJETO;-74,11816975;4,588635412;18;;;VIVIENDA CON NOMENCLATURA CR 26 H  N 34 32 SUER A PROPIEDAD DEL SEÑOR MARIO ALBERTO AREVALO ESCOBAR CC 17004407 DE 84 AÑOS PRESENTA DAÑOS EN CORTINA METALICA DE BODEGA ABOLLADA PARAL TORCIDO Y DEMAS DAÑOS INTERNOS POR ESTABLECER NE LA VIVIENDA CEL 3158542299 COMPARENDOM VEH 1 N 39516471 POR ABANDONO;157;OTRA HIPÓTESIS (CONDUCTOR)
1675;3675;12/05/2023 12:59;HERIDOS;CHOQUE;VEHICULO;-74,13688047;4,660616445;9;;2;NO SE DIAGRAMAN VEHICULOS YA QUE FUERON MOVIDOS DE SU POSICION FINAL;157;OTRA HIPÓTESIS (CONDUCTOR)
1676;3676;12/05/2023 11:30;HERIDOS;CAIDA;;-74,13669874;4,597491672;16;;2;SE ANEXA COMPARENDO AL CONDUCTOR VH1 INFRACCION D01;157;OTRA HIPÓTESIS (CONDUCTOR)
1677;3677;12/05/2023 10:05;HERIDOS;CHOQUE;VEHICULO;-74,06272946;4,708134792;11;;3;AL MOMENTO DEL IMPACTO DE LAS MOTOCICLETAS UNA DE LAS DOS COLISIONA A UN PEATON QUE IVA ATRAVESANDO LA VIA ;121;NO MANTENER DISTANCIA DE SEGURIDAD
1678;3678;12/05/2023 8:10;HERIDOS;CHOQUE;VEHICULO;-74,12659553;4,593342644;15;;1;SE ACLARA NUMERO DE SEGURO CONTRACTUAL 2000297304 DE IGUALMENTE SE HACE LA ACLARACION DE CLASE DE VEHICULO 1 MONOPATIN ELECTRICO;103;ADELANTAR CERRANDO
1679;3679;12/05/2023 8:05;HERIDOS;CHOQUE;VEHICULO;-74,11626367;4,67802101;10;;1;SE ACLARA CASILLA 8 FECHA DE NACIMIENTO VH1 SIENDO 16 03 2000;112;DESOBEDECER SEÑALES O NORMAS DE TRANSITO
1680;3680;12/05/2023 7:46;HERIDOS;CHOQUE;VEHICULO;-74,1079542;4,617448815;16;;1;ANEXO CONDUCTOR 3214 CORRIJO N REVISION TECNOMECANICA VH 3 169862115;98;TRANSITAR ENTRE VEHICULOS
1681;3681;12/05/2023 6:14;DANOS;CHOQUE;VEHICULO;-74,11601934;4,74775411;11;;;SE DEJA CONSTANCIA QEU A AMBOS CONDUCTORES SE LE REALIZA PRUEBA DE EMBRIAGUEZ AL CONDUCTOR DEL VH 1 SE LE APLICA LA LEY 5 PARAGRAFO 3 LEY 1696 2013 POSITIVO Y EL CODNUCTOR DEL VH 2 NEGATIVO ;115;EMBRIAGUEZ O SUSTANCIAS ALUCINOGENAS
1682;3682;12/05/2023 5:58;HERIDOS;CHOQUE;VEHICULO;-74,10604043;4,628688019;16;;1;VEHICULO N 2 FUE MOVIDO DE SU POSICION FINAL POR ESO NO ES DIAGRAMADO;103;ADELANTAR CERRANDO
1683;3683;12/04/2023 22:20;HERIDOS;CHOQUE;VEHICULO;-74,18601988;4,638768233;7;;2;EL VEHICULO N 2ES UNA MOTOCICLETA DE CILINDRAJE 45 CC CORRIJO CASILLA N 6 DISEÑO DE VIA INTERSECCION;122;GIRAR BRUSCAMENTE
1684;3684;12/04/2023 21:40;HERIDOS;CHOQUE;VEHICULO;-74,1244216;4,564531411;18;;3;CORRIJO CASILLA NUMERO 8 8 1 LA LICENCIA DEL CONDUCTOR ES B2 NO TIENE LICENCIA PARA CONDUCIR MOTOCICLETA;139;IMPERICIA EN EL MANEJO
1685;3685;12/04/2023 21:20;DANOS;CHOQUE;VEHICULO;-74,15349273;4,681052496;9;;;SE REALIZA EL TRASLADO DE LOS DOS CONDUCTORES A LA ESTACION DE TRANSITO Y TRANSPORTE PARA LA RESPECTIVA PRUEBA DE EMBRIAGUEZ COMPARENDO N 39514584 INFRACCION F GRADO 3 POSITIVO;115;EMBRIAGUEZ O SUSTANCIAS ALUCINOGENAS
1686;3686;12/04/2023 20:50;HERIDOS;CHOQUE;VEHICULO;-74,12158491;4,716865763;10;;1;CONDUCTOR DEL VHEICULO N 2 DESISTE DE TODO PROCEDIMIENTO DE TRANSITO LLEGANDO A CONSILIACION CON LOS OTROS DOS CONDUCTORES RESOLUCION 01670 03922 DEL 2016 CIRCULAR 001 DEL 25 05 2017 LESIONADO MANIFIESTA LIBRE Y VOLUNTARIAMENTE NO INTERPONER QUERELLA EN EL MOMENTO ;112;DESOBEDECER SEÑALES O NORMAS DE TRANSITO
1687;3687;12/04/2023 20:40;HERIDOS;VOLVAMIENTO;;-74,15987541;4,595816444;7;;1;SE REALIZA ORDEN DE COMPARENDO N 39514591 POR LA INFRACCION C14 TRANSITAR POR SITIOS PROHIBIDOS CALZADA EXCLUSIVA DE TRANSMILENIO ;116;EXCESO DE VELOCIDAD
1688;3688;12/04/2023 20:32;HERIDOS;CHOQUE;VEHICULO;-74,1123574;4,691812045;10;;4;NO SE DIAGRAMAN VEHICULOS YA QUE FUERON  MOVIDOS DEL LUGAR Y CONDUCTORES Y ACOMPAÑANTES HABIAN SIDO TRASLADADOS ;112;DESOBEDECER SEÑALES O NORMAS DE TRANSITO
1689;3689;12/04/2023 20:20;HERIDOS;CHOQUE;VEHICULO;-74,12536574;4,559745469;6;;1;CORRIJO MEDIDA N 3 EJE DELANTERO VH2 AL LLEGAR AL LUGAR EL PRIMER RESPONSABLE MANIFIESTA QUE EL CONDUCTOR DEL VH2 SE DIO A LA FUGA CORRIJO CC DEL CONDUCTOR VH1 1033684350;157;OTRA HIPÓTESIS (CONDUCTOR)
1690;3690;12/04/2023 19:51;HERIDOS;CHOQUE;VEHICULO;-74,04252438;4,760417128;1;;2;NO SE CONOCE CASO POR LA FISCALIA YA QUE POR EL MOMENO EL ACOMPAÑANTE NO DESEA QUERELLAR RESOLUCINES 0970 Y 3922 DEL 2019 Y CRCULAR  001 DEL 25 05 2017;119;FRENAR BRUSCAMENTE
1691;3691;12/04/2023 19:16;HERIDOS;CHOQUE;VEHICULO;-74,10818753;4,551309834;18;;3;SE CORRIGE EL NUMERAL 10 TOTAL VICTIMAS PEATONALES 2 CONDUCTOR 1 TOTAL HERIDOS 3;122;GIRAR BRUSCAMENTE
1692;3692;12/04/2023 18:30;HERIDOS;CHOQUE;VEHICULO;-74,11660162;4,501776896;5;;2;SE LE NOTIFICA ORDEN DE COMPARENDO AL VH1 INFRACCION D01 N COMPARENDO 39515591 INFRACCION D02 N COMPARENDO 39515722 INFRACCION C35 N COMPARENDO 39515896 SE ENTREGA DOCUMENTOS Y COPIA;139;IMPERICIA EN EL MANEJO
1693;3693;12/04/2023 18:12;DANOS;CHOQUE;OBJETO;-74,0930906;4,555357882;4;;;OBJETO FIJO POSTE LUZ CODENSA N 2210211 PRESENTA DAÑOS EN SU BASE LA SEÑORA BLANCA VALERO CC 52366752 QUIEN LLAMA AL 123 Y POSTERIOR HACE PRESENCIA AL LUGAR MANIFIESTA QEU EL VEHICULO QEU OCASIONA LOS DAÑOS ES DE PLACA WDR281 VEHICULO SE DIO A LA FUGA SE DESCONOCE EL PARADERO DEL VEHICULO Y CONDUCTO;139;IMPERICIA EN EL MANEJO
1694;3694;12/04/2023 17:49;HERIDOS;ATROPELLO;;-74,10401938;4,497054713;5;;1;EL SEÑOR ALEXANDER CADENA ME MANIFIESTA DE MANERA VERBAL LLAMARSE DE ESA MANERA NO SUMINISTRA DIRECCION CEDULA CELULAR APARENTEMENTE TIENE 40 AÑOS DE EDAD MANIFIESTA QUE UNA MOTOCICLETA LO ATROPELLA Y SE VA DEL LUGAR EL PEATON TAMPOCO SUMINISTRA POSIBLES RUTAS;157;OTRA HIPÓTESIS (CONDUCTOR)
1695;3695;12/04/2023 17:45;HERIDOS;CAIDA;;-74,09953473;4,636672266;16;;1;SE DEJA CONSTANCIA QUE LA SEÑORA SIACHOQUE EN CALIDAD DE PASAJERA DEL VEHICULO DE PLACAS WPM872 NO DESEA INTERPONER QUERELLA INCIDENTE SEA PUESTO A DISPOSICION DE LA FISCALIA;119;FRENAR BRUSCAMENTE
1696;3696;12/04/2023 16:15;HERIDOS;CHOQUE;VEHICULO;-74,15704934;4,596131197;19;;1;LA FECHA DE NACIMEINTO VICTIMA 06 11 2018 VEHICULO N1 SIN MARCO COLOR BALNCO SIN MAS DATOS Y ITEM 8 2 VEHICULO N2 MARCO RC20182901 BOCICLETA COLOR ROJA;157;OTRA HIPÓTESIS (CONDUCTOR)
1697;3697;12/04/2023 16:01;HERIDOS;CHOQUE;VEHICULO;-74,11076831;4,68808362;10;;1;SE CORRIJE CASILLA6 4 TRAMO DE VIA  SE CORRIJE NOMBRE CONDUCTOR VEH 1 CASILLA 8 1 MILTON ANTONIO ALVARADO GOMEZ ;121;NO MANTENER DISTANCIA DE SEGURIDAD
1698;3698;12/04/2023 15:30;HERIDOS;CHOQUE;VEHICULO;-74,06534938;4,604540162;3;;2;SE ACLARA PLACA DEL VEHICULO N 2 LHT456 Y TIPO DE CARROCERIA SEDAN;121;NO MANTENER DISTANCIA DE SEGURIDAD
1699;3699;12/04/2023 14:20;HERIDOS;CAIDA;;-74,12951039;4,708409635;10;;2;CORRIJO CASILLA N 82 LICENCIADE TRANSITO N 10017741484 EL VHEICULO FUE MOVIDO DE SU POSICION FINAL ;143;PONER EN MARCHA UN VEHICULO SIN PRECAUCIONES
1700;3700;12/04/2023 12:00;HERIDOS;ATROPELLO;;-74,17193694;4,626013216;8;;3;SE NOTIFICA ORDEN DE COMPARENDO 39514788 AL CONDUCTOR DE LA MOTOCICLETA;139;IMPERICIA EN EL MANEJO
1701;3701;12/04/2023 11:50;HERIDOS;CHOQUE;VEHICULO;-74,12658576;4,566848771;6;;2;CORRIJO CASILLA 8 3 EL VEHICULO ES MOTOCICLETA CORRIJO CASILLA 8 1 EL DIA Y FECHA NACIMIENTO ES 27 MARZO 94;123;NO RESPETAR PRELACION DE INTERSECCIONES O GIROS
1702;3702;12/04/2023 9:41;HERIDOS;CHOQUE;VEHICULO;-74,10523128;4,687787436;8;;1;DEJO CONSTANCIA QUE EL SEÑOR SE CAÑON CC 80148691 ADE DEL MENOR DE EDAD NO MANIFIESTA DENUNCIAR NI QUERELLAR EN CONTRA DEL SEÑOR CONUCOR DEL VEHICULO 1 NUMEOR DE MARCO GW19769YB30530;106;ADELANTAR INVADIENDO CARRIL DEL MISMO SENTIDO EN ZIGZAG
1703;3703;12/04/2023 8:30;HERIDOS;CHOQUE;VEHICULO;-74,07498849;4,664852339;12;;1;SE DEJA CONSTANCIA QUE LA PERSONA LESIONADA MANIFIESTA NO SER SU DESEO INTERPONER QUERELLA EN EL LUGAR DE LOS HECHOS;102;ADELANTAR POR LA DERECHA
1704;3704;12/04/2023 8:25;HERIDOS;CHOQUE;VEHICULO;-74,06982926;4,651678075;12;;1;INICIALMENTE SE IBA A CONOCER EL EVENTO CON HERIDOS PERO EL CONDUTOR DE LA MOTO DESISTE DE QUE EL PROCEDIMIENTO POR FISCALIA Y A US VEZ INTERPONER QUERELLA;121;NO MANTENER DISTANCIA DE SEGURIDAD
1705;3705;12/04/2023 8:25;HERIDOS;CHOQUE;OBJETO;-74,08905776;4,559721643;4;;3;VEHICULO TIPO BUS CHOCACPNTRA VIVIENDA UBICADA EN LA CARRERA 5 ESTE N 31 10 SUR BARRIO SANTA INES DERRUMBANDO UN MURO DEL INMUEBLE DE PROPIEDAD DEL SEÑOR JORGE PORRAS MARTINEZ CON CC 19124215 CON N DE CEL 3115363925 NOTIFICO LA HIPOTESIS 157;157;OTRA HIPÓTESIS (CONDUCTOR)
1706;3706;12/04/2023 8:20;HERIDOS;CHOQUE;VEHICULO;-74,18228053;4,596979723;7;;2;EL CONDUCTOR DEL VEHICULO N 1 DE NACIONALIDAD VENEZOLANA TIENE PASAPORTE N 140206672;103;ADELANTAR CERRANDO
1707;3707;12/04/2023 7:30;HERIDOS;ATROPELLO;;-74,10689739;4,579184485;18;;1;SE ACLARA HIPOTESIS SIENDO 157 NO SE DIAGRAMA EL VEHICULO YA QUE FUE MOVIDO DE SU POSICION FINAL;157;OTRA HIPÓTESIS (CONDUCTOR)
1708;3708;12/04/2023 6:33;HERIDOS;CHOQUE;VEHICULO;-74,12131695;4,621111389;16;;3;SE LE REALIZA ORDEN DE COMPARENDO N 39511746 POR SOAT VENCIDO VH1;157;OTRA HIPÓTESIS (CONDUCTOR)
1709;3709;12/04/2023 6:20;HERIDOS;CHOQUE;VEHICULO;-74,13633195;4,631405587;8;;1;LICENCIA DE CONDUCCION DEL VEHICULO N 2 VENCE 17 06 2033;132;NO RESPETAR PRELACION
1710;3710;12/04/2023 5:46;HERIDOS;CHOQUE;VEHICULO;-74,1332796;4,662455577;9;;2;CORRIJO HOSPÍTAL CLINICA SIENDO MEDICAL KENNEDY CONDUCTOR VH 2 ;93;TRANSITAR DISTANTE DE LA ACERA U ORILLA DE LA CALZADA
1711;3711;12/04/2023 5:35;HERIDOS;CHOQUE;VEHICULO;-74,08481332;4,553601304;4;;2;CORRIJO CASILLA  NUMERO 8 2 LA CANTIDAD DE PASAJEROS SON 2 Y LA CASILLA 8 8 NOMBRE DEL CONDUCTOR ES AYDEE ASTRID CRUZ SANCHEZ CC 1019124788;301;AUSENCIA TOTAL O PARCIAL DE SEÑALES
1712;3712;4/12/2023;HERIDOS;CHOQUE;VEHICULO;-74,13775352;4,630649;8;;2;CONDUCTOR DEL VEHICULO 2 PRESENTA LICENCIA DE CONDUCCION DE MENOR DE EDAD INGRESANDO AL RUNT POR TARJETA DE IDENTIDAD POR LO TANTO SE REALIZA ORDEN DE COMPARENDO N 39514110 POR LA INFRACCION H13 NO HACER LA RENOVACION CON LA CEDULA PARA EL INGRESO AL RUNT;122;GIRAR BRUSCAMENTE
1713;3713;12/03/2023 19:20;HERIDOS;CHOQUE;VEHICULO;-74,09244833;4,550335251;4;;2;RESOLUCION 01670 Y 03922 DE 2016 Y CIRCULAR 001 DEL 25 05 2017 CONDUCTOR DE LA MOTOCICLETA NO REQUIERE QUE EL CASO SEA CONOCIDO POR FISCALIA APORTA LA PLACA DEL VEHICULO QUE APARENTEMENTE OCASIONO EL ACCIDENTE DE TRANSITO EL RETIRO LA MOTOCICLETA DEL LUGAR DE LOS HECHOS;112;DESOBEDECER SEÑALES O NORMAS DE TRANSITO
1714;3714;12/03/2023 18:30;HERIDOS;CHOQUE;VEHICULO;-74,15383605;4,596433312;7;;1;NO SE RADICA EN FISCALIA YA QUE EL LESINADO MANIFIESTA SU DESEO DE NO INSTAURAR DENUNCIA EN CONCORDANCIA A LA RESOLUCION 0670 Y 3922 DE 2016 Y CIRCULAR 002 DEL 25 05 2017;98;TRANSITAR ENTRE VEHICULOS
1715;3715;12/03/2023 17:57;HERIDOS;ATROPELLO;;-74,12281156;4,740746183;11;;2;SE REALIZA COMPARENDO N 39513805 INFRACCION D01;139;IMPERICIA EN EL MANEJO
1716;3716;12/03/2023 17:42;HERIDOS;CHOQUE;VEHICULO;-74,14478946;4,611799196;8;;1;DEJO CONSTANCIA EN EL MOMENTO LA SEÑORA LESIONADO NO DESEA INTERPONER QUERELLA RESOLUCION 01670 Y 03922 2016 CIRCULAR 001 DEL 25 05 2017;104;ADELANTAR INVADIENDO CARRIL DE SENTIDO CONTRARIO
1717;3717;12/03/2023 15:30;HERIDOS;CHOQUE;VEHICULO;-74,12211771;4,653951395;9;;1;SEGUN MANIFESTADO POR LA VICTIMA EL VHEICULO EN FUGA AL PARECER ES DE PLACAS KXY857 SINIESTRO VIAL CONOCIDO COMO HOSPITALARIO DESDE HOY 03 12 2023 A LAS 15 30 FECHA OCURRENCIA DE LOS HECHOS DESDE 02 12 2023 23 00 HORAS APROXIMADAMENTE VHEICULOS IMPLICADOS NO SON APORTADOS COMO ELEMENTOS MATERIAL PRO;157;OTRA HIPÓTESIS (CONDUCTOR)
1718;3718;12/03/2023 15:04;HERIDOS;CAIDA;;-74,09485965;4,610308098;16;;1;CORRIJO DIRECCION DE LA VICTIMA CARRERA 35  N 1 19 SE DEJA CONSTANCIA QUE EL VEHICULO NO SE ENCONTRABA EN MOVIMIENTO AL MOMENTO DE LACAIDA DEL SEÑOR GUILLERMO QUINTIO DE IGUAL MANERA MANIFIESTA EL SEÑOR GUILLERMO QUE AL MOMENTO DE SENTARSE EN LA SILLA LE DA UN MAREO POSTERIORMENTE CAE A SU PROPIA AL;506;OTRA HIPÓTESIS (PASAJERO O ACOMPAÑANTE)
1719;3719;12/03/2023 13:33;HERIDOS;CHOQUE;VEHICULO;-74,07303584;4,598040134;17;;2;SE RETIFICA QUE NI EL VH1 NI EL VH2 NO SE INMOVILIZAN POR PATIOS DE FISCALIA YA QUE LOS LESIONADOS SE NIEGAN A INTERPONER QUERELLA;112;DESOBEDECER SEÑALES O NORMAS DE TRANSITO
1720;3720;12/03/2023 10:36;HERIDOS;CHOQUE;VEHICULO;-74,16078687;4,611987316;8;;3;EL VEHICULO N 2 NO SE DIBUJA YA QUE SE VA A LA FUGA Y ES INTERCEPTADO EN LA SIGUIENTE DIRECCION  CARRERA 74 N 42 C SUR SE REALIZA EL COMPARENDO N 39513402 INFRACCION B 02;139;IMPERICIA EN EL MANEJO
1721;3721;12/03/2023 9:55;HERIDOS;ATROPELLO;;-74,20027242;4,628195252;7;;2;FECHA OCURRENCIA 03 12 23 ;157;OTRA HIPÓTESIS (CONDUCTOR)
1722;3722;12/03/2023 9:40;HERIDOS;ATROPELLO;;-74,07207305;4,578308621;4;;1;CIUDADANO VENEZOLANO EN CONDICION DE HABITANTE DE CALLE REFIERE QUE UN VEHICULO COLOR AZUL LE ARROLLA ADEMAS NO DESEA INTERPONER QUERELLA NI FIRMAR NINGUN DOCUMENTO HIPOTESIS 157 CONDUCTOR QUE SE DA A LA FUGA Y POR DETERMINAR QUIEN SE PASA EL SEMAFORO EN ROJO PEATON 411 DETERMINAR QUIEN SE PASO DEL ;157;OTRA HIPÓTESIS (CONDUCTOR)
1723;3723;12/03/2023 9:38;HERIDOS;CHOQUE;VEHICULO;-74,12248639;4,575250202;18;;2;HIPOTESIS DE ACCIDENTALIDAD VEHICULO N 1   N 121 NO MANTENER DISTANCIA DE SEGURIDAD  N 139 IMPERICIA EN EL MANEJO SE REALIZA ORDEN DE COMPARENDO NACIONAL AL TRANSITO N 39513372 INFRACCION D01;139;IMPERICIA EN EL MANEJO
1724;3724;12/03/2023 7:30;HERIDOS;CHOQUE;VEHICULO;-74,15779767;4,636380862;8;;2;NO SE DIAGRAMAN LOS VEHICULOS YA QUE FUERON MOVIDOS DEL LUGAR;157;OTRA HIPÓTESIS (CONDUCTOR)
1725;3725;12/03/2023 6:36;HERIDOS;CHOQUE;VEHICULO;-74,07250343;4,651122013;12;;1;CORRIJO NUMERO DE POLIZA CONTRACTUAL 2000343792 RESOLUCION 3027 ART 4 SE EVIDENCIA OMISION DE LA LUZ ROJA VH1 SE NOTIFICA ORDEN DE COMPARENDO POR INFRACCION D04 Y C35;142;SEMAFORO EN ROJO