CODIGO_ACCIDENTE;FORMULARIO;FECHA;GRAVEDAD;CLASE;CHOQUE;LONGITUD;LATITUD;CODIGO_LOCALIDAD;TOTAL_MUERTOS;TOTAL_HERIDOS;TEXTO_OBSERVACIONES;CODIGO_CAUSA;DESCRIPCION
1726;3726;12/03/2023 6:20;HERIDOS;CHOQUE;VEHICULO;-74,10273998;4,62738446;16;;3;CORRIJO CASILLA 8 1 APELLIDOS Y NOMBRES DEL CONDUCTOR LOS CUALES SON RODRIGUEZ TRUJILLO MIGUEL ARTURO CC 1019087900;157;OTRA HIPÓTESIS (CONDUCTOR)
1727;3727;12/02/2023 23:07;HERIDOS;CHOQUE;VEHICULO;-74,17279527;4,615864101;8;;1;NO SE DIAGRAMAN LOS VEHICULOS YA QEU FUERON MOVIDOS DE SU POSICION FINAL NO SE RADICA INFORME ANTE LA FISCALIA GENERAL DE LA NACION YA QUE LA PERSONA LESIOANDA NO DESEA INTERPONER QUERELLA RESOLUCIONES 01670 Y 03922 DEL 2016 Y LA CIRCULAR N 001 DEL 25052017;157;OTRA HIPÓTESIS (CONDUCTOR)
1728;3728;12/02/2023 22:41;DANOS;CHOQUE;VEHICULO;-74,1618861;4,604088472;7;;;SE CORRIJE DIRECCION DEL CONDUCTOR VH 1 CALLE 42 G SUR  N 72 F SE LE REALIZA LA ORDEN DE COMPARENDO AL CONDUCTOR N 1 POR LA INFRACCION F POSITIVO PARA EMBRIAGUEZ N 39513195 COMPARENO POR LA REVISON N 39512467 Y COMPARENDO POR SOAT 39513192;121;NO MANTENER DISTANCIA DE SEGURIDAD
1729;3729;12/02/2023 22:00;DANOS;CHOQUE;OBJETO;-74,077397;4,570511253;4;;;DESPRENDIMIENTO DE LA BASE DEL POSTE DE ALUMBRADO PÚBLICO N 2197141;157;OTRA HIPÓTESIS (CONDUCTOR)
1730;3730;12/02/2023 21:20;HERIDOS;ATROPELLO;;-74,1093543;4,587806946;18;;1;EL POSIBLE IMPACTO DEL VEHICULO CON EL PEATON FUE POR EL CARRIL IZQUIERDO DE LA CARRERA 26;157;OTRA HIPÓTESIS (CONDUCTOR)
1731;3731;12/02/2023 21:20;HERIDOS;VOLVAMIENTO;;-74,07240687;4,592536555;17;;1;SE ACLARA CASILLA N 8 2 DOCUMENTO NIT SE DEJA CONSTANCIA QUE EL EVENTO SE CONOCE A ESA HORA YA QUE FUE CONOCIDO POR RECONOCIMIENTO SE CORRIGE FECHA DE LEVANTAMIENTO 03 12 2023;157;OTRA HIPÓTESIS (CONDUCTOR)
1732;3732;12/02/2023 20:40;HERIDOS;CHOQUE;VEHICULO;-74,14412891;4,560724301;19;;1;ES DE NOTAR QUE EL VEHICULO DE PLACAS WHK740 NO SE ENCUENTRA EN MOVIMIENTO ESTA ESTACIONADO APAGADO Y AL MOMENTO DE ABRIR LA PUERTA EL JOVEN  JUNIOR SE OCASIONA EL ACCIDENTE ES DE ANOTAR QUE LA VICITMA NO DESEA FIRMAR LA QUERELLA O DENUNCIA COMPARENDO SOAT ;157;OTRA HIPÓTESIS (CONDUCTOR)
1733;3733;12/02/2023 19:30;HERIDOS;CHOQUE;VEHICULO;-74,07950424;4,632309452;13;;2;CORRIJO PLACA DEL VEHICULO 1 SIENDO CORRECTO BXM48C SE DEJA CONSTANCIA QUE LAS PERSONAS LESIONADAS NO DESEAN INERPONER QUERELLA EN EL LUGAR DE LOS HECHOS SE REALIZAN LOS COMPARENDOS N 39512383 POR D02 Y COMPARENDO N 39512270 POR C35 AL CONDUCTOR VEHICULO 2;98;TRANSITAR ENTRE VEHICULOS
1734;3734;12/02/2023 19:03;HERIDOS;CHOQUE;VEHICULO;-74,08516882;4,600652213;14;;5;SE REALIZA COMPARENDO AL VEHICULO N 2 POR INFRACCION  D01 D02 C35 N 39512377 D01 PARA CONDUCTOR  DE LA MOTOCICLETA SE DEJA CLARO QUE LA CLASE DE ACCIDENTE EMPIEZA CON UN CHOQUE VEHICULO Y MOTOCICLETA Y LUEGO TERMINA ATROPELLANDO AUNOS PEATONES;139;IMPERICIA EN EL MANEJO
1735;3735;12/02/2023 18:56;HERIDOS;CHOQUE;VEHICULO;-74,12616367;4,617896461;16;;1;CORRIJO NOMBRE CARLOS FRANCISCO PULIDO ROJAS CC 19309361 EDAD FECHA DE NACIMIENTO 11 10 1954  CRA 59 N 46 30;127;TRANSITAR EN CONTRAVIA
1736;3736;12/02/2023 18:02;HERIDOS;ATROPELLO;;-74,1442118;4,561960754;19;;1;NO SE RADICA EN FISCALIA YA QUE LA LESIONADA MANIFESTO SU DESEO DE NO INSTAURAR DENUNCIA EN CONCORDANCIA RESOLUCION 01670 Y 03922 DEL 2016 Y CIRCULAR 001 DE 25 05 2017 AL LLEGAR AL SITIPO NO HABIA CONDUCTOR V1 RESPONSABLE ANGELA SAMA CC 1013606000;143;PONER EN MARCHA UN VEHICULO SIN PRECAUCIONES
1737;3737;12/02/2023 18:00;HERIDOS;CHOQUE;VEHICULO;-74,09224424;4,546278062;4;;2;HIPOTESIS DE ACCIDENTALIDAD VEHICULO N 1 112 DESOBEDECER SEÑALEZ O NORMAS DE TRANSITO SR01 CORRIJO CASILLA 17 CROQUIS TABLA DE MEDIDAS 5 INICIO HUELLA 1 6 FINAL HUELLA 1 CORRIJO CASILLA N  8 7 LUGAR IMPACTO ES LATERAL VHEICULO 1 IGUAL VEHICULO 2 LUGAR IMPACTO ES FRONTAL ;112;DESOBEDECER SEÑALES O NORMAS DE TRANSITO
1738;3738;12/02/2023 15:50;HERIDOS;CHOQUE;VEHICULO;-74,11551165;4,682910166;10;;2;SE CORRIJE CASILLA 8 2 PLACA DEL VH 1 SIENDO LA VERDADERA ZDI95F SE CORRIJE LA CASILLA 8 3 DEL VEH 2 YA QUE NO ES UN M INDUSTRIAL SOLO CAMION SE LE REALIZA ORDNE DE COMPARENDO AL CONDUCTOR DEL VH 1 YA QUE POR FECHA DE MATRICULA TENIA QUE HABER REALIZADO LA REV TENOMECANICA ;103;ADELANTAR CERRANDO
1739;3739;12/02/2023 15:30;HERIDOS;CHOQUE;VEHICULO;-74,09022987;4,682500433;10;;3;ACLARO SEXO CONDUCTOR V1 FEMENINO ANEXO VEHICULO N 2254;121;NO MANTENER DISTANCIA DE SEGURIDAD
1740;3740;12/02/2023 14:46;HERIDOS;CHOQUE;VEHICULO;-74,02819847;4,74083282;1;;2;POR MANIFESTACION DE FAMILAIRES DE MOTOCICLOISTA SE DEJA REGISTRO DE ACOMPAÑANTE DEL CONDUCTOR DEL AUTOMOVIL SEÑOR GUTIERREZ GUTIERREZ IVAN DARIO CC 1010180982 CEL 3144625224 RESI CALLE 59 N 19 71 ;112;DESOBEDECER SEÑALES O NORMAS DE TRANSITO
1741;3741;12/02/2023 14:23;HERIDOS;CHOQUE;VEHICULO;-74,13584916;4,566650317;6;;3;HIPOTESIS DE ACCIDENTALIDAD VEHICULO N 1  NUMERO 112 DESOBEDECER SEÑALES O NORMAS DE TRANSITO SR 01 CORRIJO CASILLA N  8 2 VEHICULO 1 TON 1650;112;DESOBEDECER SEÑALES O NORMAS DE TRANSITO
1742;3742;12/02/2023 13:10;HERIDOS;CHOQUE;VEHICULO;-74,0756805;4,635954449;13;;1;SE REALIZA ORDEN DE COMPARENDO N 39512477 INFRACCION D04 AL CONDUCTOR DEL VEHICULO N1;112;DESOBEDECER SEÑALES O NORMAS DE TRANSITO
1743;3743;12/02/2023 12:20;HERIDOS;ATROPELLO;;-74,14653556;4,67765306;9;;1;SE DEJA ACLARACION QUE SE UBICA LOS INVOLUCRADOS DEL ACCIDENTE EN LA CLINICA COLOMBIA YA QEU SE TRASLADARON PROPIOS MEDIOS Y MANIFIESTAN NO ESTAR SEGUROS DE LA DIRECCION DEL ACCIDENTE ;157;OTRA HIPÓTESIS (CONDUCTOR)
1744;3744;12/02/2023 11:04;HERIDOS;CHOQUE;VEHICULO;-74,07132252;4,59694907;17;;3;AL CONDUCTOR SE LE REALIZA TRES ORDENES DE COMPARENDO 39508237 CBV910 D04 39508228 D 12 Y 1015397923 LEY 33;112;DESOBEDECER SEÑALES O NORMAS DE TRANSITO
1745;3745;12/02/2023 10:30;HERIDOS;CHOQUE;VEHICULO;-74,18865013;4,598200374;7;;3;CORRIJO CASILLA 8 2 VEHICULO 1 N REVISION TECNOMECANICA 167664356 SE DEJA COMO ANOTACION QUE EL EVENTO SUCEDIO SEGUN AFECTADOS A LAS 6 30 HORAS SIENDO INICIALMENTE CHOQUE SIMPLE A LAS 10 30 LA OCUPANTE YA SOLICITA VALORACION MEDICA ;157;OTRA HIPÓTESIS (CONDUCTOR)
1746;3746;12/02/2023 9:40;HERIDOS;CHOQUE;VEHICULO;-74,07933306;4,634770961;13;;4;CORRIJO DIRECCION DEL CONDUCTOR DEL VEHICULO N 2 CALLE 42 G N 90 C 05 SUR CON NUMERO DE TELEFONO 3003626405 ANEXO 01 INFORME DE VICTIAS N 00872;121;NO MANTENER DISTANCIA DE SEGURIDAD
1747;3747;12/02/2023 9:32;DANOS;CHOQUE;VEHICULO;-74,02746278;4,738313235;1;;;SE REALIZA AL CONDUCTOR DEL VEHICULO 1 COMPARENDO POR NO RESPETA SEÑALIZACION EXISTINDO EL PARE 39507574;112;DESOBEDECER SEÑALES O NORMAS DE TRANSITO
1748;3748;12/02/2023 9:05;HERIDOS;CHOQUE;VEHICULO;-74,06476525;4,665269378;12;;1;EL CONDUCTOR DEL VEHICULO N 2 SALIA DEL PARQUEADERO DE SU LUGAR DE RESIDENCIA NO EXISTE HUELLA DE FRENADO;134;REVERSO IMPRUDENTE
1749;3749;12/02/2023 7:40;HERIDOS;CHOQUE;VEHICULO;-74,14297051;4,604409342;8;;2;SE REALIZA ORDEN DE COMPARENDO VH2 POR LA INFRACCIO C35 REVISION TECNICOMECANICA VENCIDA ;98;TRANSITAR ENTRE VEHICULOS
1750;3750;12/02/2023 7:20;HERIDOS;ATROPELLO;;-74,08994899;4,703000366;10;;1;ES DE ANOTAR QUE POR VOCES DE LA COMUNIDAD MANIFIESTAN LA PLACA DE LA MOTOCICLETA QUE SE DA A LA FUGA LA CUAL ES RCR59G DE TAL FORMA SE DEJA CONSTANCIA QUE EN LA NOMENCLATURA TV 73 A N 82 D 40 SE ENCUENTRA UNA CAMARA PARA FUTURA INVESTIGACIÓN ;157;OTRA HIPÓTESIS (CONDUCTOR)
1751;3751;12/02/2023 6:40;HERIDOS;ATROPELLO;;-74,12384408;4,599292582;16;;2;AL CONDUCTOR VH 1 SE LE REALIZA ORDEN DE COMPARENDO N 39511357 POR LA D01;139;IMPERICIA EN EL MANEJO
1752;3752;12/02/2023 6:22;HERIDOS;CHOQUE;VEHICULO;-74,09840015;4,741695486;11;;2;NO SE FIJAN LOS VEHICULOS YA QUE FUERON MOVIDOS DE SU POSICION FINAL;157;OTRA HIPÓTESIS (CONDUCTOR)
1753;3753;12/02/2023 5:25;MUERTOS;CHOQUE;OBJETO;-74,14828728;4,631969202;8;1;;ACLARO FECHA DE VENCIMIENTO DE LA LICENCIA DEL CONDUCTOR DEL V1 30 04 2024 ALTURA DE EVIDENCIA 1 0 52 CM Y FINALIZA ALTURA EVIDNEICA 2 0 85 CM ;157;OTRA HIPÓTESIS (CONDUCTOR)
1754;3754;12/02/2023 5:18;MUERTOS;CHOQUE;VEHICULO;-74,09787712;4,571977633;4;1;1;CONDUCTOR NUMERO 2 POR ESTABLECER DATOS YA QUE SE ENCUENTRA EN MAL ESTADO DE SALUD;157;OTRA HIPÓTESIS (CONDUCTOR)
1755;3755;12/02/2023 4:30;MUERTOS;CHOQUE;OBJETO;-74,06522562;4,639134978;2;1;;SE ACLARA CASILLA N 82 LICENCIA DE TRANSITO N 10025844279;157;OTRA HIPÓTESIS (CONDUCTOR)
1756;3756;12/02/2023 4:30;HERIDOS;CHOQUE;VEHICULO;-74,08919736;4,591918945;15;;1;SE ACLARA CASILLA 10 TOTAL HERIDOS 1 CONDUCTOR 1;157;OTRA HIPÓTESIS (CONDUCTOR)
1757;3757;12/02/2023 3:33;HERIDOS;CHOQUE;VEHICULO;-74,10308865;4,611549588;16;;1;SE CORRIGE CASILLA 7 3 SIENDO ESTA LA CORRECTA CALZADA UNA SE LE NOTIFICA COMPARENDO N 39509603 POR LA INFRACCION D04 YA QUE CONDUCTOR MANIFIESTA QUE SI SE CRUZA EL SEMAFORO EN ROJO OCASIONANDO EL ACCIDENTE VEHICULO N 1 MOTOCICLETA;142;SEMAFORO EN ROJO
1758;3758;12/02/2023 3:20;HERIDOS;CHOQUE;VEHICULO;-74,14568895;4,595029924;8;;7;SE CORRIJE CASILLA 3 1 LOCALIDAD PERTENECE A KENNEDY Y CASILLA 8 2 VH 2 SE DEJA A DISPOSICION URI DE KENNEDY ;121;NO MANTENER DISTANCIA DE SEGURIDAD
1759;3759;12/02/2023 3:15;HERIDOS;CHOQUE;OBJETO;-74,0794423;4,634541538;13;;2;SEXO DE LA VICTIMA MASCULINO;157;OTRA HIPÓTESIS (CONDUCTOR)
1760;3760;12/02/2023 1:50;HERIDOS;CHOQUE;OBJETO;-74,12648825;4,566686412;6;;1;SE DESCNOCE DINAMICA DEL ACCIDENGE YA QUE NO SE TIENE VERSION DE LO SUCEDIDO YA QUE EL CONDUCTOR SE ENCIENTRA INCONCIENTE EN REANIMAICON;157;OTRA HIPÓTESIS (CONDUCTOR)
1761;3761;2/12/2023;HERIDOS;CHOQUE;VEHICULO;-74,10262268;4,575731219;18;;1;EL CONDUCTOR NUMERO 1 NO REQUIERE TRASLADO MEDICO POR ESRE MOTIVO SE TRASLADA PARA MEDICINA LEGAL  O PRUEBA DE EMBRIAGUEZ HIPOTESIS PARA EL CONDUCTOR VEHICULO N 1 121 NO GUARDA DISTANCIA DE SEGURIDAD Y VEHICULO N 112 NO RESPETAR NORMAS DECRETO 077 DEL 2020 ORDEN DE COMPARENDO 39512197;121;NO MANTENER DISTANCIA DE SEGURIDAD
1762;3762;12/01/2023 22:37;HERIDOS;CHOQUE;VEHICULO;-74,13329911;4,615281333;8;;4;SE CORRIJE CASILLA 9 1 CONDICION DE LA VICTIMA ACOMPAÑANTE CONDICION VICTIMA 2 ACOMPAÑANTE SE CORRIJE CASILLA TOTAL VICTIMAS 2 ACOMPAÑANTES TRICIMOTOR VH 2 SE INMOVILIZA CON NUMERO ED SELLO F 329206;121;NO MANTENER DISTANCIA DE SEGURIDAD
1763;3763;12/01/2023 20:40;HERIDOS;CHOQUE;VEHICULO;-74,09413788;4,639931171;13;;1;HIPOTESIS 121 NO GUARDA DISTANCIA DE SEGURIDAD PARA EL CONDUCTOR DEL AUTOMOVIL ;121;NO MANTENER DISTANCIA DE SEGURIDAD
1764;3764;12/01/2023 20:20;HERIDOS;CHOQUE;VEHICULO;-74,14352265;4,669843815;9;;3;CASILLA 7 10 VISIBILIDAD VIA 2 VEHICULO QUE CEDE PASO CARRIL CENTRAL OCC  OR GENERA EFECTO CORTINA EN AMBOS CONDUCTORES ART 74 CNT ACLARO HIPOTESIS 112 PARA CONDUCTOR DE MOTICICLETA NO REDUCE VEL EN INTERSECCION 123 PARA CONDUCTOR AUTOMOVIL ;123;NO RESPETAR PRELACION DE INTERSECCIONES O GIROS
1765;3765;12/01/2023 20:20;HERIDOS;CHOQUE;OBJETO;-74,19443029;4,633137489;7;;1;NO SE DIAGRAMA EL VHEICULO N 1 YA QEU FUE MOVIDO DE SU POSICION FINAL;157;OTRA HIPÓTESIS (CONDUCTOR)
1766;3766;12/01/2023 20:00;HERIDOS;ATROPELLO;;-74,08055542;4,604143883;14;;1;SE CORRIGE CASILLA 8 NO ES CONDUCTOR ES PEATON MOTOCICLETA QUE SE DA A LA FUGA;157;OTRA HIPÓTESIS (CONDUCTOR)
1767;3767;12/01/2023 20:00;HERIDOS;CHOQUE;VEHICULO;-74,15848261;4,646594759;8;;1;NO SE DIAGRAMAN LOS VEHICULOS YA QUE FUERON MOVIDOS DEL PUNTO DE IMPACTO O POSICION FINAL;157;OTRA HIPÓTESIS (CONDUCTOR)
1768;3768;12/01/2023 19:50;HERIDOS;CAIDA;;-74,07981781;4,603523618;3;;1;NOVEDAD OCURRIDA EN LA CRA 14 CON CALLE 13 DILIGENCIAS REALIZADAS EN LA CRA 14 CON CALLE 6 ESTACION TECER MILENIO HIPOTESIS 157 NO ESTAR ATENTO A EL DESCENSO DE LOS OCUPANTES;157;OTRA HIPÓTESIS (CONDUCTOR)
1769;3769;12/01/2023 19:16;HERIDOS;CHOQUE;VEHICULO;-74,09797442;4,591798277;15;;3;SE CORRIJE CASILLA 3 DIRECCION CR 24 CON 7 SUR LOCALIDAD ANTONIO NARIÑO SE CORRIJE LICENCIA CONDUCCION VH 1 1007249439;157;OTRA HIPÓTESIS (CONDUCTOR)
1770;3770;12/01/2023 18:30;HERIDOS;CHOQUE;VEHICULO;-74,05694661;4,707450463;11;;2;MODELO VEHICULO N 2 ES 2022 VIGENCIA SOAT VEHICULO N2 2024 08 03;121;NO MANTENER DISTANCIA DE SEGURIDAD
1771;3771;12/01/2023 17:40;HERIDOS;CHOQUE;VEHICULO;-74,13250951;4,644402304;8;;3;SE DEJA CONSTANCIA QUE AL LLEGAR AL LUGAR DE LOS HECHOS VEHICULOS FUERON MOVIDOS DE SU POSICIN FINAL;103;ADELANTAR CERRANDO
1772;3772;12/01/2023 17:39;HERIDOS;CHOQUE;VEHICULO;-74,1551801;4,58043003;19;;2;SE DEJA CONSTANCIA QUE LA CONDUCTORA DE LA MOTOCICLETA DIANA ALEJANDRA PABON CC 1024591489 EN ALIDAD DE APRENDIZ CERTIFICA INSTRUCTOR 55820;103;ADELANTAR CERRANDO
1773;3773;12/01/2023 17:20;HERIDOS;CHOQUE;VEHICULO;-74,13006369;4,646155357;8;;1;NO SE DIAGRAMA EL VEHICULO  NUMERO 2 TENIENDO EN CUENTA QUE ES REMOVIDO DE SU POSICION FINAL SE CORRIJE LOCALIDAD KENNEDY EL LESIONADO ES EL MISMO CONDUCTOR Y NO COMO VICTIMAS ;98;TRANSITAR ENTRE VEHICULOS
1774;3774;12/01/2023 17:10;HERIDOS;CHOQUE;VEHICULO;-74,05359704;4,691695884;1;;2;CORRIJO CASILLA 9 VICTIMAS LA CUAL ES LA SEÑORITA LAURA ZULUAGA MALLARINO DE CC 1126644335 NO SE RADICA CASO EN FISCALIA COMO ACCIDENTE DE TRANSITO YA QUE LA PERSONA QUE RESULTAN LESIONADAS MANFIIESTAN NO INTERPONER QUERELLA EN EL MOENTO EL VEHICULO QUEDA EN CALIDAD DE APRENSION CON LA VIGILANCIA CU;127;TRANSITAR EN CONTRAVIA
1775;3775;12/01/2023 16:25;HERIDOS;CHOQUE;VEHICULO;-74,14072392;4,581887093;6;;1;NO SE RADICA ANTE FISCALIA YA QUE EL LESIONADO MANIFIESTA SU DESEO NO INSTAURAR DENUNCIA EN CNCORDANCIA RESOLUION 01670 Y 03922 DE 2016 CIRCULAR 001 DEL 25 05 2017;122;GIRAR BRUSCAMENTE
1776;3776;12/01/2023 15:40;HERIDOS;CHOQUE;VEHICULO;-74,04006601;4,668539567;2;;2;EL CASO NO SE PUEDE DEJAR A DISPOSICION DE LA FISCALIA YA QUE NINGUNO DE LOS DOS CONDUCTORES MANIFIESTAN INTERPONER QUERELLA DIRECCION VIA LA CALERA SENTIDO BOGOTA LA CALERA KM 5 5;157;OTRA HIPÓTESIS (CONDUCTOR)
1777;3777;12/01/2023 15:30;HERIDOS;VOLVAMIENTO;;-74,1190327;4,5310408;5;;2;RESPONSABLE MAYOR DE  EDAD DE PARENTEZCO ADULTA DE LOS MENORES EMILCE PEREZ SARATE 52289003 Y MAMA ANGIE FONSECA 53013942 MANIFIESTAN LIBRE Y VOLUNTARIAMENTE NO QUERELLAR RESOLUCION 01670 Y 03922 DEL 2016 CIRCULAR 001 DEL 25 05 2017;157;OTRA HIPÓTESIS (CONDUCTOR)
1778;3778;12/01/2023 15:04;HERIDOS;CHOQUE;VEHICULO;-74,07925723;4,60891215;14;;3;CONDUCTOR VH2 NO APORTA LA MOTOCICLETA MANIFESTANDO QUE UNO DE LOS COMPAÑEROS DE TRABAJO SE LA LLEVO NO DA DATOS  SIN EMBARGO PRESENTA LA LICENCIA DE TRANSITO DE LA MOTOCICLETA SE DESCONOCE EL PARADERO DE LA MOTOCICLETA CONDUCTOR N1 SE NOTIFICA COMPARENDO N 39510687 B02 FECHA NACIMIENTO 01 03 1967 ;112;DESOBEDECER SEÑALES O NORMAS DE TRANSITO
1779;3779;12/01/2023 14:12;HERIDOS;ATROPELLO;;-74,11682157;4,552368638;18;;1;ES DE ANOTAR QUE EL CONDUCOR DEL VEHICULO N1 SE NIEGA A TRAER EL VECULO NVOLICRADO MAS SIN EMBARGO SE ENTREGA LOS DOCUMENTOS TALES COMO CC LT LICENCIA DE CONDUCCION POR ESTE MOTIVO NO SE TRASLADA EL VEHICULO A PATIOS DE LA FISCALIA CONDUTOR RETIRA EL VEHICLO DESCONOCIENDO EL MOTIVO ALGUNO;157;OTRA HIPÓTESIS (CONDUCTOR)
1780;3780;12/01/2023 11:50;HERIDOS;CHOQUE;VEHICULO;-74,04538005;4,724029513;1;;1;SEGUN LO MANIFESTADO POR EL CONDUCTOR DEL VH 1 UNA TURBO POR ADELNATAR TRO BEICULO INVADE CARRIL COMTRARI COLISIONAND MEL VH 1 EN LA PARTE DELANTERA Y DANDOSE A LA FUGA EVDENCIA PLACA DEL VH WEP461 SE DEJA CONSTANCIA QUE EL LESIONADO NO DESEA INETRPONER QUERELLA ;157;OTRA HIPÓTESIS (CONDUCTOR)
1781;3781;12/01/2023 11:27;HERIDOS;ATROPELLO;;-74,04546602;4,759278691;1;;1;EL PEATON MANIFIESTA SER ATROPELLADO POR UN CICLOMOTOR AL LLEGAR AL LIUGAR DEL ACCIDENTE EL CICLOMOTOR NO SE ENCONTRABA AL PARECER EMPRENDE LA HUIDA ;157;OTRA HIPÓTESIS (CONDUCTOR)
1782;3782;12/01/2023 10:37;DANOS;INCENDIO;;-74,12791421;4,612439628;16;;;VEHICULOS INCINERADOS POR ESTABLECER QUE GENERA EL INCENDIO ;157;OTRA HIPÓTESIS (CONDUCTOR)
1783;3783;12/01/2023 10:00;HERIDOS;CHOQUE;VEHICULO;-74,08451997;4,607604425;14;;1;SE CORRIJE POSIBLE RUTA VH 2 CORRESPONDE AL VEHICULO 2;127;TRANSITAR EN CONTRAVIA
1784;3784;12/01/2023 9:10;HERIDOS;CHOQUE;VEHICULO;-74,1425064;4,580257954;6;;3;SE CORRIGE CASILLA N 11 HIPOTESIS DEL ACCIDENTE SIENDO LA CORRECTA 157 POR ESTABLECER QUIEN OMITE LA SEÑAL DEL SEMAFORO LUZ ROJA SE CORRIGE CASILLA N 3 LUGAR COORDENADAS GEOGRAFICAS SIENDO CALLE 56A SUR CON  CARRERA 33;157;OTRA HIPÓTESIS (CONDUCTOR)
1785;3785;12/01/2023 8:31;HERIDOS;CHOQUE;VEHICULO;-74,11856061;4,625160134;16;;3;SE REALIZA ORDEN DE COMPARENDO AL VHEICULO CLASE MOTOCICLETA PLACA KXC32G N 39510691 POR INFRACCION D12 N 39510391 INFRACCION C31 INFRACCION TRANSPORTE 1015398941;112;DESOBEDECER SEÑALES O NORMAS DE TRANSITO
1786;3786;12/01/2023 8:30;HERIDOS;ATROPELLO;;-74,11583451;4,661532063;9;;1;CORRIJO CASILLA N 9 FECHAD E NACIMIENTO 04 12 1969 CASO LLEGA COMO RECONOCIMIENTO CLINICA COLOMBIA NO SE CONOCE EL CASO POR FISCALIA YA QUE LA LESIONADA NO REALIZA QUERELLA ;157;OTRA HIPÓTESIS (CONDUCTOR)
1787;3787;12/01/2023 8:26;HERIDOS;CHOQUE;VEHICULO;-74,09466384;4,576945302;15;;1;SE CORRIGE CASILLA 3 LUGAR O COORDENADAS GEOGRAFICAS SIENDO LA CORRECTA CALLE 19 SUR CON CARRERA 10 BIS  VH3 OBJETO FIJO SE ENCONTRABA PARQUEADO VEHICULO DE PLACAS IMN 914 QUIEN SE HACE RESPONSABLE  DIANA MARCELA RODRIGUEZ FONTAL CC 52779890 SE NOTIFICA COMPARENDO C02 N 39507271;112;DESOBEDECER SEÑALES O NORMAS DE TRANSITO
1788;3788;12/01/2023 8:20;HERIDOS;CHOQUE;VEHICULO;-74,08824092;4,618360728;14;;2;157 POR ESTABLECER INVACION DE CARRIL SE CORRIJE PROPIETARIO DE LA MOTOCICLETA V1 MISMO CONDUCTOR ;157;OTRA HIPÓTESIS (CONDUCTOR)
1789;3789;12/01/2023 8:15;HERIDOS;CHOQUE;VEHICULO;-74,14000803;4,602370583;8;;2;CORRIJO CASILLA  9 CONDICION ACOMPAÑANTE CASILLA 10 02 ACOMPAÑANTES LESIONADOS DEL VH 2 ;157;OTRA HIPÓTESIS (CONDUCTOR)
1790;3790;12/01/2023 7:10;HERIDOS;CHOQUE;VEHICULO;-74,06503738;4,726556244;11;;2;NÚMERO DE SOAT VH 2 31078792 SEGUROS GENERALES SURAMERICANA CON FECHA DE VENCIMIENTO 13 12 2023 VEHICULOS MOVIDOS DE SU POSICION FINAL ;103;ADELANTAR CERRANDO
1791;3791;12/01/2023 7:00;HERIDOS;CHOQUE;VEHICULO;-74,18505964;4,632691516;7;;1;NO SE DIAGRAMAN LOS VEHICULOS YA QUE FUERON MOVIDOS DE SU POSICION FINAL CORRIJO FECHA 01 12 2023;142;SEMAFORO EN ROJO
1792;3792;12/01/2023 7:00;HERIDOS;CHOQUE;VEHICULO;-74,10920312;4,580998795;18;;2;CORRIJO CASILLA NUMERO 8 1 LA CEDULA DEL CONDUCTOR ES CC 1018439009 Y LA DIRECCION ES CALLE 28 CON CR 20;301;AUSENCIA TOTAL O PARCIAL DE SEÑALES
1793;3793;12/01/2023 6:50;HERIDOS;CHOQUE;VEHICULO;-74,05742673;4,686869491;12;;3;CORRIJO CASILLA 9 CLINICA DE ATENCION ALCALA LA SEÑORA NATALIA ANDREA OSORIO DURAN DE CC 1015443226 MANIFIESTA NO COLOCAR QUERELLA POR SUS LESIONES PARA NO RADICAR CASO A FISCALIA SE LE EXPLICO PROCEDIMIENTO ELLA MANIFESTO LLEGAR A UN ACUERDO CON LOS CONDUCTORES DE LOS MOTOCICLISTAS LAS OTRAS PARTES;103;ADELANTAR CERRANDO
1794;3794;12/01/2023 5:40;HERIDOS;CHOQUE;VEHICULO;-74,09178583;4,614089433;14;;2;SE CORRIGE ITEM CORRESPONDE A VEHICULO TIPO MOTOCICLETA;106;ADELANTAR INVADIENDO CARRIL DEL MISMO SENTIDO EN ZIGZAG
1795;3795;12/01/2023 5:32;HERIDOS;CHOQUE;VEHICULO;-74,077635;4,710116081;11;;2;CALLE 127 SE ENCUENTRA EN CONSTRUCCION UN TRAMO DE LA VIA TIENE DOS CALZADAS Y OTRO TRAMO ESTA EN CONTRA FLUJO;157;OTRA HIPÓTESIS (CONDUCTOR)
1796;3796;12/01/2023 2:25;HERIDOS;CHOQUE;VEHICULO;-74,15012521;4,562576933;19;;1;PRESENTA LICENCIA DE CONDUCCION CONDUCTOR VEHICULO 2  VENEZOLANA;302;AUSENCIA O DEFICIENCIA EN DEMARCACION