CODIGO_ACCIDENTE;FORMULARIO;FECHA;GRAVEDAD;CLASE;CHOQUE;LONGITUD;LATITUD;CODIGO_LOCALIDAD;TOTAL_MUERTOS;TOTAL_HERIDOS;TEXTO_OBSERVACIONES;CODIGO_CAUSA;DESCRIPCION
1797;3797;1/12/2023;HERIDOS;ATROPELLO;;-74,10350708;4,654027967;13;;3;PEATON SE ENCONTRABA EN VIA CON SU RESPECTIVA SEÑALIZACION REALIZANDO UN ENSAYO DE PRODUCTO TERMINADO MEDIANTE LA EMPRESA CONCRETO SU CARGO AUXILIAR DE TRAFICO CORRIJO DIRECCION DEL CONDUCTOR VEHICULO N 1 CARRERA 107 A BIS N 68 C 72;112;DESOBEDECER SEÑALES O NORMAS DE TRANSITO
1798;3798;1/12/2023;DANOS;CHOQUE;VEHICULO;-74,04715923;4,717798193;1;;;SE DEJA CONSTANCIA QUE EL VH DE PLACAS JNS993 ES INMOVILIZADO TENIENDO EN CUENTA QUE EL CONDUCTOR DEL VH ES REMITIDO A CENTRO MEDICO POR AMBULANCIA 6780 QUEDNADO EN ESTADO DE ABANDONO REALIZANDO COMPARENDO 39509029 POR INFRACCIN C02 DE IGUA FRMA EL CONDUCTOR DEL MISMO ES REMITIDO A LA CLINICA ALCALA;121;NO MANTENER DISTANCIA DE SEGURIDAD
1799;3799;11/30/2023 11:20 PM;HERIDOS;CHOQUE;VEHICULO;-74,08653138;4,687282506;10;;2;EL VEHICULO N1 Y N2 NO SE DIAGRAMAN YA QUE FUERON MOVIDOS DE SU POSICION FINAL;112;DESOBEDECER SEÑALES O NORMAS DE TRANSITO
1800;3800;11/30/2023 11:20 PM;DANOS;CHOQUE;VEHICULO;-74,16737584;4,616244284;8;;;SE DEJA CONSTANCIA QUE EL CONDUCTOR DEL VEHICULO N 2 SE DA A LA FUGA POR TAL MOTIVO SE REALIZA ORDEN DE COMPARENDO N 39508970 INFACCION C02 VEHICULO INMOVILIZADO POR ABANDONO EN PATIOS DE ALAMOS DE IGUAL MANERA SE DEJA CONSTANCIA QUE LOS DATOS DEL VEHICULO 2 SON OBTENIDOS DEL RUNT DE LA COMPARENDERA;157;OTRA HIPÓTESIS (CONDUCTOR)
1801;3801;11/30/2023 11:16 PM;HERIDOS;ATROPELLO;;-74,04389767;4,671439379;2;;2;SE CORRIJE LA PLACA DEL VEHICULO 1 CAF19E;157;OTRA HIPÓTESIS (CONDUCTOR)
1802;3802;11/30/2023 11:00 PM;HERIDOS;CHOQUE;VEHICULO;-74,16069178;4,58721474;19;;4;HIPOTESIS DE ACCIDENTALIDAD VEHICULO N1 NUMERO 112 DESOBEDECER SEÑALES O NORMAS DE TRANSITO SR 01 VEHICULO N2 NUMERO 157 ART 74 CNT  5 CORRIJO CASILLA N 3 LUGAR ES AVENIDA VILLAVICENCIO CON CALLE 68 SUR;157;OTRA HIPÓTESIS (CONDUCTOR)
1803;3803;11/30/2023 10:53 PM;HERIDOS;CHOQUE;VEHICULO;-74,09532634;4,709169303;10;;2;VERSION DE LOS CONDUCTORES NO COINCIDEN CONDUCTOR VH1 ES TRASLADADO A MEDICENTRO FONTIBON YA QUE MANIFIESTA PRESENTA UN DOLOR EN EL PECHO DEBIDO AL SINDROME DE LATIGAZO;157;OTRA HIPÓTESIS (CONDUCTOR)
1804;3804;11/30/2023 9:54 PM;HERIDOS;ATROPELLO;;-74,08463506;4,597091013;14;;2;SE CORRIJE INMOLIZADO NO SE INMOVILIZA EN ALAMOS CONSTANCIA POR LAS PARTES INVOLUCRADAS LESIONADOS NO INTERPONER QUERELLA AL CASO ANTE FISCALIA DEJANDOLO ENTERADO RESOLUCION 01670 Y 03922 DE 2016 Y LA CIRCULAR 001 DEL 25 05 2017;142;SEMAFORO EN ROJO
1805;3805;11/30/2023 8:50 PM;DANOS;CHOQUE;VEHICULO;-74,1856323;4,610496218;7;;;CHOQUE SOLO DAÑOS ENTRE PATRULLA DE LA POLICIA NACIONAL Y VEHICULO PARTICULAR LOS DOS EN MOVIMIENTO NO SE DIAGRAMAN LOS VEHICULOS YA QUE FUERON MOVIDOS DEL SITIO DE LA COLISION SE REALIZA ORDEN DE COMPARENDO INFRACCION F AL SEÑOR CONDUCTOR DEL VEHICULO PARTICULAR N COMPARENDO 39509492 GRADO 2 VEHICU;115;EMBRIAGUEZ O SUSTANCIAS ALUCINOGENAS
1806;3806;11/30/2023 8:10 PM;HERIDOS;CHOQUE;VEHICULO;-74,15282217;4,617174664;8;;2;SE CORRIJE CASILLA 7 3 CALZADAS VIA 1 DOS VIA 2 UNA CASILLA 7 2 UTILIZACION VIA 1 UN SENTIDO VIA 2 DOBLE SENTIDO ;121;NO MANTENER DISTANCIA DE SEGURIDAD
1807;3807;11/30/2023 5:50 PM;HERIDOS;VOLVAMIENTO;;-74,15319232;4,647042429;8;;2;SE CORRIGE CASILLA 4 FECHA Y HORA HORA OCURRENCIA 17 50 HORA LEVANTAMIENTO 18 50;157;OTRA HIPÓTESIS (CONDUCTOR)
1808;3808;11/30/2023 5:48 PM;HERIDOS;CHOQUE;VEHICULO;-74,18862341;4,617768774;7;;1;CONDUCTOR MANIFIESTA NO INTERPONER QUERELLA POR TAL MOTIVO NO SE RADICA ANTE FISALA SE NOTIFICA ORDEN DE COMPARENDO AL VH1 POR C35 D02 B0 Y LEY AL NO TENER TARJETA DE OPERACIN NO SE DIAGRAMA LOS VEHICULO YA QUE FUERON MOVIDOS;127;TRANSITAR EN CONTRAVIA
1809;3809;11/30/2023 3:11 PM;HERIDOS;CHOQUE;VEHICULO;-74,0825411;4,573496489;4;;2;VEHICULO MOVIDO DE POSICION FINAL ;157;OTRA HIPÓTESIS (CONDUCTOR)
1810;3810;11/30/2023 2:08 PM;HERIDOS;ATROPELLO;;-74,11388321;4,554843187;18;;2;NO SE DIAGRAMA EL VEHICULO EN EL INFORME PUES LA MOTOCICLETA FUE MOVIDA DE LA POSICION FINAL;157;OTRA HIPÓTESIS (CONDUCTOR)
1811;3811;11/30/2023 12:24 PM;HERIDOS;CHOQUE;VEHICULO;-74,13624478;4,71277538;10;;1;NO SE DIAGRAMA VEHICULO N2 YA QUE FUE MOVIDO DE SU POSICION FINAL HAGO CORRECION DE LA CASILLA 8 2 POLIZA N 150511550200100 ASEGURADORA SEGUROS COMERCIALES BOLIVAR ;112;DESOBEDECER SEÑALES O NORMAS DE TRANSITO
1812;3812;11/30/2023 9:40 AM;HERIDOS;CHOQUE;VEHICULO;-74,14045507;4,553726454;19;;1;SE DEJA CONSTAMNCIA QUE AL LUGAR HACE PRESENCIA LA MOVIL 9 DE PLACAS RHV751 E SER VIDA LA CUAL VALORA A LA SEÑORA YESICA BARRETO CONDUCTORA DE LA MOTOCICLETA LA CUAL DESISTE DE TRASLADO Y MANIFIESTA NO QUERELLAR RESOLUCION 16070 Y 03922 DE 2016 CIRCULAR 00 DEL 25 05 2017;121;NO MANTENER DISTANCIA DE SEGURIDAD
1813;3813;11/30/2023 9:07 AM;HERIDOS;CHOQUE;VEHICULO;-74,13821486;4,545221676;19;;2;HIPOTESIS DE ACCIDENTALIDAD VEHICULO 1 Y 2 NUMERO 157 VIA 302 AUSENCIA O DEFICIENCIA EN DEMARCACION;302;AUSENCIA O DEFICIENCIA EN DEMARCACION
1814;3814;11/30/2023 6:45 AM;HERIDOS;CHOQUE;VEHICULO;-74,19646708;4,607830704;7;;3;SE REALIZAN ORDEN DE COMPARENDO N 39507437 POR LA INFRACCION D12 AL CONDUCTOR DE LA MOTO Y D04 POR LA SEÑAL DE PARE N 39506844;112;DESOBEDECER SEÑALES O NORMAS DE TRANSITO
1815;3815;11/30/2023 4:55 AM;HERIDOS;OTRO;;-74,1392341;4,572509694;6;;1;NUMERO INTERNO DEL ARTICULADO E CUAL MANIFIESTA LA PERSONA LECCIONADA ES BUS VIU541 506 PARA PASAJERA NO CUMPLE CON LAS NORMAS DE SEGURIDAD DE TRANSMILENIO  UBICARSE DETRAS DE LA LINEA AMARILLA SE ACLARA LOCALIDAD TUNJUELITO ;157;OTRA HIPÓTESIS (CONDUCTOR)
1816;3816;11/29/2023 11:03 PM;DANOS;CHOQUE;VEHICULO;-74,12659151;4,567084792;18;;;SE REALIZA ORDEN DE COMPARENDO POR INFRACCION C14A CONDUCTOR VEHICULO N1  CON NUMERO 39506462 Y A CONDUCTOR DE VEHICULO N 2 SE REALIZA COMPARENDO N 39506503 YA QUE SE RETIRA DEL LUGAR DEJANDO ABANDONADO LA MOTOCICLETA;157;OTRA HIPÓTESIS (CONDUCTOR)
1817;3817;11/29/2023 8:00 PM;HERIDOS;VOLVAMIENTO;;-74,09783689;4,606261334;16;;1;NO SE RADICA EN FISCALIA YA QUE LA LESIONADA MANIFIESTA DE MANERA LIBRE Y EXPONTANEA SU DESEO DE NO INSTAURAR DENUNCIA EN CONCORDANCIA A LA RESOLUCION 01670 Y 03922 DEL 2016 Y CIRCULAR 001 EDL 25 05 2017 SE REALIZA INFORME YA QUE TIENE 3 MESES DE GESTACIÓN ;303;SUPERFICIE LISA
1818;3818;11/29/2023 7:30 PM;HERIDOS;CHOQUE;VEHICULO;-74,11526052;4,504144661;5;;2;ES DE ANOTAR QUE LOS SEÑORES INVOLUCRADOS EN EL ACCIDENTE DE TRANSITO DE FORMA VOLUNTARIA MANIFIESTAN NO REQUERIR NINGUN PROCEDIMIENTO DE TRANSITO EN LA FISCALIA POR TAL MOTIVO NO QUISIERON INTERPONER QUERELLA LA DIRECCION Y TELEFONO DEL VH2 CORRESPONDEN AL CONDUCTOR DEL VH1 Y VICEVERSA;112;DESOBEDECER SEÑALES O NORMAS DE TRANSITO
1819;3819;11/29/2023 7:22 PM;HERIDOS;CHOQUE;OBJETO;-74,08872978;4,469647739;5;;3;SE REALIZA ORDEN DE COMPARENDO VH 2 POR LAS INFRACCIONES D02 39506561 Y C35 39507697 EL MISMO VEHICULO AFECTA CERCA DE LA PLANTA DE RECICLAJE RESPONSABLE DEL PEDRIO SR JHON PANQUEVA CC 1024540800 ;201;FALLAS EN LAS LLANTAS
1820;3820;11/29/2023 7:00 PM;HERIDOS;CHOQUE;VEHICULO;-74,12649358;4,64908827;9;;2;COMPARENDO VH 1 NUMERO 39507445 D01;157;OTRA HIPÓTESIS (CONDUCTOR)
1821;3821;11/29/2023 5:40 PM;HERIDOS;CHOQUE;VEHICULO;-74,06606344;4,66477214;12;;2;NO SE DIAGRAMA EL VEICULO 2 YA QUE FUE MOVIDO DE SU POSICION FINAL ;142;SEMAFORO EN ROJO
1822;3822;11/29/2023 5:39 PM;MUERTOS;CHOQUE;VEHICULO;-74,11330519;4,583439582;18;1;;HIPOTESIS DE ACCIDENTALIDAD VEHICULO N 2 NUMERO 112 DESOBEDECER SEÑALES O NORMAS DE TRANSITO SR 01;112;DESOBEDECER SEÑALES O NORMAS DE TRANSITO
1823;3823;11/29/2023 4:22 PM;HERIDOS;CHOQUE;VEHICULO;-74,09348537;4,615637639;16;;1;SE CORRIJE CASILLA PROPIETARIO VH 1 NO ES EL MISMO CONDUCTOR ;121;NO MANTENER DISTANCIA DE SEGURIDAD
1824;3824;11/29/2023 1:00 PM;HERIDOS;ATROPELLO;;-74,09419713;4,553918073;4;;1;HIPOTESIS DE ACCIDENTALIDAD PEATON N 409 CRUZAR SIN OBSERVAR HIPOTESIS VEHICULO N 1  157 REDUCCION DE VELOCIDAD EN LAS ZONAS ESCOLARES;157;OTRA HIPÓTESIS (CONDUCTOR)
1825;3825;11/29/2023 12:57 PM;HERIDOS;CHOQUE;VEHICULO;-74,06288771;4,660911849;12;;3;ACLARO CASILLA N 10 TOTAL LESIONADOS SON 3 CONDUCTORES 2 Y UN ACOMPAÑANTE;112;DESOBEDECER SEÑALES O NORMAS DE TRANSITO
1826;3826;11/29/2023 11:30 AM;HERIDOS;CAIDA;;-74,04476134;4,763282531;1;;1;NO SE FIJA EL VHEICULO YA QUE FUE MOVIDO DE SU POSICION FINAL ;119;FRENAR BRUSCAMENTE
1827;3827;11/29/2023 11:00 AM;HERIDOS;CHOQUE;VEHICULO;-74,0747833;4,586925989;3;;4;RESTRICCION VEHICULO 2 CONDUCTOR LENTES;122;GIRAR BRUSCAMENTE
1828;3828;11/29/2023 10:05 AM;HERIDOS;CHOQUE;VEHICULO;-74,06255511;4,74131057;11;;2;LUGAR DE IMPACTO FRONTAL ;157;OTRA HIPÓTESIS (CONDUCTOR)
1829;3829;11/29/2023 9:56 AM;DANOS;CHOQUE;VEHICULO;-74,1050413;4,659206256;10;;;CORRIJO CASILLA 11 LA HIPOTESIS ES PARA EL VEHICULO N 2  123  145;145;ARRANCAR SIN PRECAUCION
1830;3830;11/29/2023 8:14 AM;HERIDOS;CHOQUE;VEHICULO;-74,1480237;4,609890663;8;;1;NO SE TOMAN MEDIDAS DE LA MOTOCICLETA YA QUE LA MOVIERON DE LA POSICION FINAL;103;ADELANTAR CERRANDO
1831;3831;11/29/2023 5:26 AM;HERIDOS;CHOQUE;VEHICULO;-74,16444955;4,614463725;8;;2;VEHICULO N2 REVISION TECNICO MECANICA FECHA VIGENCIA 25 11 2023;157;OTRA HIPÓTESIS (CONDUCTOR)
1832;3832;11/29/2023 5:20 AM;HERIDOS;CHOQUE;VEHICULO;-74,16661141;4,622247621;8;;2;SE CORRIJE LESIONES CONDUCTOR VH1 SOLO PRESENTA TRAUMA CODO DERECHO Y TRAUMA RODILLA DERECHA;121;NO MANTENER DISTANCIA DE SEGURIDAD
1833;3833;11/29/2023 3:51 AM;HERIDOS;CHOQUE;VEHICULO;-74,13544548;4,614146914;8;;2;EN EL LUGAR DE LOS HECHOS SE RELACIONA DAÑO SEMAFORO PEATONAL NUMERO CIRCULAR 001 NINGUNA PESONA DESEA QUERELLAR COMO CONTANCIA NINGUNA PERSONA DESEA INTERPONER DENUNCIA ANTE LA FISCALIA CORRIJO CASILLA 8 3 CLASE DE SERVICIO PARTICULAR;157;OTRA HIPÓTESIS (CONDUCTOR)
1834;3834;11/29/2023 2:00 AM;HERIDOS;CHOQUE;OBJETO;-74,08639459;4,738279346;11;;2;SE ANEXA 3 ORDENES DE COMPARENDOS 39505527 39505532 39505525 SE CORRIJE DIRECCION CLL 145 CR 94;139;IMPERICIA EN EL MANEJO
1835;3835;11/29/2023 1:00 AM;HERIDOS;ATROPELLO;;-74,11587574;4,661555512;9;;4;MOTOCICLETA VH 2 ATROPELLA A LOS PEATONES Y POSTERIORMENTE COLISIONA CON EL VH 1 RESPONBALE YEFERSON CAMILO RUEDA CARDENAS ;157;OTRA HIPÓTESIS (CONDUCTOR)
1836;3836;29/11/2023;HERIDOS;CHOQUE;VEHICULO;-74,10606591;4,598989253;16;;1;CONDUCTOR DEL VEHICUL 1 NO DESEA INTERPONER QUERELLA DANDO APLICABILIDAD A LA CIRCULAR;121;NO MANTENER DISTANCIA DE SEGURIDAD
1837;3837;11/28/2023 11:23 PM;HERIDOS;CHOQUE;VEHICULO;-74,0369883;4,69500144;1;;2;SE DEJA CONSTANCIA QUE EL VH 2 ES UNA PATINETA ELECTRICA;157;OTRA HIPÓTESIS (CONDUCTOR)
1838;3838;11/28/2023 10:08 PM;HERIDOS;CHOQUE;VEHICULO;-74,15414659;4,631457866;8;;3;CORRIJO CASILLA 8 2 VEHICULO N 2 PROPIETARIO ES EL MISMO CONDUCTOR;121;NO MANTENER DISTANCIA DE SEGURIDAD
1839;3839;11/28/2023 7:35 PM;HERIDOS;CHOQUE;VEHICULO;-74,12561324;4,52434604;5;;2;NO SE DIAGRAMA EL VEHICULO N 2 YA QUE FUE MOVIDO DE SU POSICION FINAL CORRIJO NOMBRE DEL PROPIETARIO DE LA MOTOCICLETA AVILA RAMON ALFONSO;103;ADELANTAR CERRANDO
1840;3840;11/28/2023 7:15 PM;HERIDOS;CHOQUE;VEHICULO;-74,18836681;4,627240338;7;;2;SE REALIZA CORRECION PUNTO NUMERO 8 2 PLACA MOTOCICLETA PUR05C NO SE DIAGRAMAN LAS MOTOCICLETAS YA QUE FUERON MOVIDAS DE LA POSICION FINAL SE DEJA CONSTANCIA QUE NO DESEARON  LOS CONDUCTORES INTERPONER QUERELLA A LA OTRA PARTE;112;DESOBEDECER SEÑALES O NORMAS DE TRANSITO
1841;3841;11/28/2023 6:58 PM;HERIDOS;CHOQUE;VEHICULO;-74,10485058;4,708263101;10;;5;CORRIJO CASILLA N 9 DOCUMENTO NUIP;105;ADELANTAR EN ZONA PROHIBIDA
1842;3842;11/28/2023 6:16 PM;HERIDOS;CHOQUE;VEHICULO;-74,10222141;4,602222486;16;;2;CONDUCTOR DEL VEHICULO N 1 PRESENTA LICENCIA DE CONDUCCION VENEZOLANA SIENDO LA CATEGORIA 5 EN SU PAIS EL CIUDADANO SE IDENTIFICA CON PERMISO DE PERMANENCIA N 3892962;121;NO MANTENER DISTANCIA DE SEGURIDAD
1843;3843;11/28/2023 6:04 PM;HERIDOS;CHOQUE;VEHICULO;-74,09378675;4,620505843;16;;2;CORRIJO CASILLA 8 2 VH 1 PLACA DEL VEHICULO HUG66D;112;DESOBEDECER SEÑALES O NORMAS DE TRANSITO
1844;3844;11/28/2023 5:43 PM;HERIDOS;CHOQUE;VEHICULO;-74,11406425;4,616479553;16;;3;NO SE UTILIZA ANEXO DE VICTIMAS;122;GIRAR BRUSCAMENTE
1845;3845;11/28/2023 5:05 PM;HERIDOS;CHOQUE;VEHICULO;-74,18882547;4,631217109;7;;1;SE CORRIGEN DATOS DEL CONDUCTOR NUMERO 2 LOS CUALES QUEDAN ASI VEGA GUETTE HECTOR MANUEL CEDULA 8801507 COLOMBIA 07 11 1983 LICENCIA DE CONDUCCION 8801507 BOGOTA SDM VENCIMIENTO CATEGORIA C2 12 09 2026 SE CORRIGE NUMERO DE LICENCIA DE TANSITO VH3 10017560268;121;NO MANTENER DISTANCIA DE SEGURIDAD
1846;3846;11/28/2023 2:27 PM;HERIDOS;CHOQUE;VEHICULO;-74,06850304;4,627984032;2;;1;LOS DOCUMENTOS SON VERIFICADOS VIRTUALES LA BICICLETA NO TIENE NUMERO DE MARCO ;157;OTRA HIPÓTESIS (CONDUCTOR)
1847;3847;11/28/2023 12:30 PM;HERIDOS;CHOQUE;OBJETO;-74,15160982;4,628947345;8;;1;LA CONDUCTORA DE VH2 MANIFIESTA NO INTERPONER QUERELLA POR TAL MOTIVO NO SE TRASLADAN A PATIOS FISCALIA DE IGUAL MANERA SE LE HACE SABER QUE TIENE 6 MESES PARA INTERPONERLO;157;OTRA HIPÓTESIS (CONDUCTOR)
1848;3848;11/28/2023 10:08 AM;DANOS;CHOQUE;VEHICULO;-74,13715271;4,69541846;9;;;EL VEHICULO NUMERO 1 NO SE DIAGRAMA PORQUE FUE MOVIDA DE SU POSICION FINAL SEGUN LA VERSION DE LOS PRESENTES SE ENCONTRABA ESTACIONADO E INICIA DESPLAZAMIENTO  ACLARO NACIONALIDAD CONDUCTOR VEHICULO 1 ES EXTRANJERO DE NACIONALIDAD SAUDI;143;PONER EN MARCHA UN VEHICULO SIN PRECAUCIONES
1849;3849;11/28/2023 8:28 AM;HERIDOS;CHOQUE;VEHICULO;-74,08788095;4,7139457;11;;1;EL LESIONADO NO DESEA INTERPONER QUERELLA Y NO DESEA PROCEDIMIENTO ANTE FISCALIA;157;OTRA HIPÓTESIS (CONDUCTOR)
1850;3850;11/28/2023 8:18 AM;HERIDOS;CHOQUE;OBJETO;-74,15479867;4,548111428;19;;3;EL VEHICULO CHOCA CONTRA LA VIVIENDA DE NOMENCLATURA CALLE 70D SUR N 20 53  SU PROPIETARIA LA SEÑORA FULGENCIA ALVAREZ PAVA DE CC 24710062 CEL 3123106301;202;FALLAS EN LOS FRENOS
1851;3851;11/28/2023 7:50 AM;HERIDOS;CHOQUE;VEHICULO;-74,16589526;4,621013807;8;;1;CONDUCTOR VEH 1 MANIFIESTA ARE LA PUERTA Y OCURRE EL EVENTO ;154;TRANSITAR CON LAS PUERTAS ABIERTAS
1852;3852;11/28/2023 7:10 AM;HERIDOS;CHOQUE;VEHICULO;-74,19154746;4,602445283;7;;2;CORRIJO CASILLA 8 2 VEHICULO 2 PLACA TOE78G;139;IMPERICIA EN EL MANEJO
1853;3853;11/28/2023 6:45 AM;HERIDOS;CHOQUE;VEHICULO;-74,11069942;4,621854619;16;;2;POLIZA DE LA MOTOCICLETA SOAT 85620161 DE LA COMPAÑIA MUNDIAL DE SEGUROS MATRICULADA EN FUNZA;121;NO MANTENER DISTANCIA DE SEGURIDAD
1854;3854;11/28/2023 6:36 AM;HERIDOS;VOLVAMIENTO;;-74,14548752;4,592912492;6;;1;157 CONDUCTOR DE LA MOTOCICLETA PIERDE EL CONTROL SUFRIENDO VOLCAMIENTO Y POSTERIORMENTE PASA EL SIPT Y LO APLASTA EL MIEMBRO SUPERIOR INTERIOR DERECHO CON LA LLANTA TRASERA CORRIJO CASILLA 8 1 CONDUCTOR VH1 SALE ILESO;304;SUPERFICIE HUMEDA
1855;3855;11/28/2023 6:25 AM;HERIDOS;CHOQUE;VEHICULO;-74,09264592;4,578261036;4;;2;SE CORRIGE LA CALZADA DE LA CARRERA 10 DE LA CUAL TIENE 2;157;OTRA HIPÓTESIS (CONDUCTOR)
1856;3856;11/27/2023 10:37 PM;HERIDOS;CHOQUE;VEHICULO;-74,03136907;4,760294172;1;;1;SEGN VIDEO POR LOS AFECTADOS EL CUAL FUE CONSEGUIDO DE UN LOCAL COMERCIAL FRUVER DEL LUGAR DE LOS HECHOS SE EVIDENCIA LA RESPONSABILIDAD DEL VH 1 ;103;ADELANTAR CERRANDO
1857;3857;11/27/2023 9:50 PM;HERIDOS;CHOQUE;VEHICULO;-74,14905754;4,69312722;9;;2;ACLARO CASILLA N 3 DIRECCION ES CALLE 24 CON CARRERA 120;122;GIRAR BRUSCAMENTE
1858;3858;11/27/2023 8:52 PM;HERIDOS;CHOQUE;VEHICULO;-74,11042016;4,544078191;18;;1;HIPOTESIS DE ACCIDENTALIDAD VEHICULO N 2  NUMERO 112 DESOBEDECER SEÑALES O NORMAS DE TRANSITO SR 01;157;OTRA HIPÓTESIS (CONDUCTOR)
1859;3859;11/27/2023 7:45 PM;HERIDOS;OTRO;;-74,07197771;4,711206244;11;;1;CORRIJO CASILLA N 8 2 FECHA VENCIMIENTO SOAT 22 02 2024 NO SE GRAFICA EL VEHICULO POR QUE FUE MOVIDO DEL EVENTO ;506;OTRA HIPÓTESIS (PASAJERO O ACOMPAÑANTE)
1860;3860;11/27/2023 6:55 PM;HERIDOS;CHOQUE;VEHICULO;-74,13775084;4,632223662;8;;3;ME PERMITO ACLARAR CASILLA 8 DIRECCION DE DOMICILIO CALLE 90 N 0708 SUR CIUDAD BOGOTA Y CODIGO DE TRANSITO BOGOTA 11001;103;ADELANTAR CERRANDO
1861;3861;11/27/2023 6:40 PM;HERIDOS;CHOQUE;VEHICULO;-74,12167903;4,55691222;18;;1;VEHICULO N 3 FUE MOVIDO DE SU POSICION FINAL;98;TRANSITAR ENTRE VEHICULOS
1862;3862;11/27/2023 6:35 PM;HERIDOS;CHOQUE;VEHICULO;-74,09587828;4,622452439;16;;2;NO SE DIAGRAMA EL VEHICULO N 2 YA QUE FUE MOVIDO DEL LUGAR DEL INCIDENTE;127;TRANSITAR EN CONTRAVIA
1863;3863;11/27/2023 6:20 PM;HERIDOS;ATROPELLO;;-74,08340124;4,604716023;14;;5;HIPOTESIS 098 PARA EL MOTOCICLISTA POR TRANSITAR EN MEDIO DE LOS VEHICULOS CUANDO LOS VEHICULOS DIERON PASO A LOS PEATONES MENOR TRASLADADA A LA CLINICA SNATA CLARA NAHOMI SANDOVAL ;98;TRANSITAR ENTRE VEHICULOS
1864;3864;11/27/2023 5:53 PM;HERIDOS;ATROPELLO;;-74,08488182;4,737712661;11;;1;SEGUN PEATON MOTOCICLETA QUE TRANSITO POR LA VIA EXCLUSIVA DE TRANSMILENIO LO OMITE Y SE DA A LA FUGA ;157;OTRA HIPÓTESIS (CONDUCTOR)
1865;3865;11/27/2023 5:09 PM;HERIDOS;CHOQUE;VEHICULO;-74,06767277;4,674075247;12;;3;CIRCULAR 001 SE LE DA A CONOCER A LAS PERSONAS QUE TIENEN 6 MESES PARA INTERPONER QUERELLA YA QUE EN EL MOMENTO DEL CHOQUE DECIDE NO INTERPONERLA;103;ADELANTAR CERRANDO
1866;3866;11/27/2023 4:20 PM;HERIDOS;CHOQUE;VEHICULO;-74,13751596;4,634660355;8;;1;SE CORRIGE PLACA DEL VEHICULO N 2 BKN494;98;TRANSITAR ENTRE VEHICULOS
1867;3867;11/27/2023 3:25 PM;HERIDOS;CHOQUE;VEHICULO;-74,11913363;4,601299216;16;;1;LA SEÑORA CLARA PASAJERA DEL VH2 NO REALIZA QUERELLA MANIFIESTA QUE ELLA NO DESEA EN EL MOMENTO LLEVAR EL CASO MEDIANTE FISCALIA SE LE EXPLICA QUE DE IGUAL MANERA TIENE 6 MESES PARA QUERELLAR;121;NO MANTENER DISTANCIA DE SEGURIDAD
1868;3868;11/27/2023 2:52 PM;HERIDOS;CHOQUE;VEHICULO;-74,03585834;4,692166948;1;;2;HIPOTESIS 157 VEHICULO N 2 ARTICULO 55 LEY 769 DE 2002;157;OTRA HIPÓTESIS (CONDUCTOR)
1869;3869;11/27/2023 12:29 PM;HERIDOS;CHOQUE;VEHICULO;-74,06868664;4,626205706;3;;4;NO SE DIAGRAMAN LOS VEHICULOS POR QUE FUERON MOVIDOS DE LA POSICION FINAL ;103;ADELANTAR CERRANDO
1870;3870;11/27/2023 11:20 AM;DANOS;CHOQUE;OBJETO;-74,06485108;4,648854986;13;;;CONDUCTOR MANIFIESTA QUE HABIA MOTOCICLETAS A UN COSTADO DE LA VIA Y PIERDE LA VISIBILIDAD DE LA PARTE TRASERA DEL VEHICULO CORRIJO CASILLA N 8 2  NUMERO DE POLIZA SOAT 438004142033000;157;OTRA HIPÓTESIS (CONDUCTOR)
1871;3871;11/27/2023 11:00 AM;HERIDOS;CAIDA;;-74,17201338;4,607672965;8;;1;NO SE INMOBILIZA EL BUS YA QUE LA PASAJERA NO DESEA FIRMAR QUERELLA;157;OTRA HIPÓTESIS (CONDUCTOR)
1872;3872;11/27/2023 10:11 AM;HERIDOS;ATROPELLO;;-74,09104554;4,753921813;11;;2;NO SE DIAFRAMA VEICULO YA QUE FUERON MOVIDOS DEL LUGAR DE LOS HEHCOS SE ANEXA ORDEN DE COMPARENDO N 3950158191 CONDUCOR DEL VEHICULO 1;139;IMPERICIA EN EL MANEJO
1873;3873;11/27/2023 8:36 AM;HERIDOS;CHOQUE;VEHICULO;-74,11162555;4,627577785;16;;2;HIPOTESIS DE ACCIDENTALIDAD VEHICULO N2 NUMERO 098 TRANSITAR ENTRE VEHICULOS;98;TRANSITAR ENTRE VEHICULOS
1874;3874;11/27/2023 8:25 AM;HERIDOS;CAIDA;;-74,08672076;4,598485345;14;;2;VICTIMA TIENE LA CEDULA COLOMBIANA PERO ES DE NACIONALIDAD VENEZOLANA;122;GIRAR BRUSCAMENTE
1875;3875;11/27/2023 8:08 AM;HERIDOS;CHOQUE;VEHICULO;-74,13759259;4,634685446;8;;1;SE REALIZA EN METROS Y CENTIMETROS NO A ESCALA NO SE DIAGRAMA EL VEHICULO N 2 BICICLETA YA QUE FUE MOVIDA DE SU POSICION FINAL;157;OTRA HIPÓTESIS (CONDUCTOR)
1876;3876;11/27/2023 8:05 AM;HERIDOS;CHOQUE;VEHICULO;-74,11825715;4,688621359;10;;1;HIPOTESIS PARA VEHICULO 1  122 Y PARA VEHICULO 2  098 CORRIJO CASILLA 3 1 LOCALIDAD ES ENGATIVA;122;GIRAR BRUSCAMENTE
1877;3877;11/27/2023 7:44 AM;HERIDOS;ATROPELLO;;-74,05276505;4,680565962;2;;2;EL EVENTO NO SE RADICA EN FISCALIA YA QUE EL ACOMPAÑANTE MANIFIESTA NO QUERER QUERELLAR RESOLUCION 1670 Y 3922 DE 2016 Y LAS CORDIALES N 001 DEL 24 05 2017;308;OTRA HIPÓTESIS (VÍA)