CODIGO_ACCIDENTE;FORMULARIO;FECHA;GRAVEDAD;CLASE;CHOQUE;LONGITUD;LATITUD;CODIGO_LOCALIDAD;TOTAL_MUERTOS;TOTAL_HERIDOS;TEXTO_OBSERVACIONES;CODIGO_CAUSA;DESCRIPCION
2034;4034;11/20/2023 1:49 PM;MUERTOS;OTRO;;-74,17384182;4,676662754;9;1;;LA ZONA ES UN PARQUEADERO ABIERTA AL PUBLICO ;157;OTRA HIPÓTESIS (CONDUCTOR)
2035;4035;11/20/2023 1:30 PM;DANOS;CHOQUE;OBJETO;-74,19781802;4,611007457;7;;;CONDUCTOR PONE EN MARCHA EL VEHICULO 1 Y LE PEGA AL POSTE DE ETB SIN NUMERACION EL CUAL CAE SOBRE LA VIVIENDA DE NOMENCLATURA CALLE 73 A N 81 25 3 PISO EL NOMBRE DE LA SEÑORA IRENE PLAZAS CC51694943 DE BOGOTA DONDE LE CAUSA DAÑOS ;145;ARRANCAR SIN PRECAUCION
2036;4036;11/20/2023 1:00 PM;HERIDOS;CHOQUE;VEHICULO;-74,04209887;4,759390226;1;;1;SE CORRIJE NACIONALIDAD CONDUCTOR N 2 SIENDO ESTA VENEZUELA SE ACLARA QUE LOS DOS VEHICULOS SON BICITAXI ;121;NO MANTENER DISTANCIA DE SEGURIDAD
2037;4037;11/20/2023 12:00 PM;HERIDOS;CHOQUE;VEHICULO;-74,08335296;4,606608895;14;;1;HIPOTESIS 139 PARA EL VH 1 MOTOCICLETA YA QUE AL VERIFICARSE EN EL RUNT ESTE NO TIENE LICENICA DE CONDUCCION DE MOTICICLETA ADEMAS TRANSITA CON 2 BULTOS DE CEMENTO EN LA MOTICICLETA QUE LE HACEN PERDER EL CONTORL IMPACTANDO EL VH 2 COMPARENDO 39452611 INFRACCION D01;139;IMPERICIA EN EL MANEJO
2038;4038;11/20/2023 10:05 AM;HERIDOS;CHOQUE;VEHICULO;-74,08840654;4,609839417;14;;3;SE ACLARA DIRECCION DEL VEHICULO 1 CARRERA 17 C BIS N 71 34 SUR ;122;GIRAR BRUSCAMENTE
2039;4039;11/20/2023 8:58 AM;HERIDOS;CHOQUE;VEHICULO;-74,05465869;4,753579676;11;;2;CORRIJE DATOS DEL PROPIETARIO DEL VEHICULO 1 CON NUMERO DE LICENCIA DE TRANSITO 10017516317 PROPIETARIO CAÑON BELTRAN CARLOS ANDRES CEDULA 80234892;157;OTRA HIPÓTESIS (CONDUCTOR)
2040;4040;11/20/2023 8:40 AM;HERIDOS;CHOQUE;VEHICULO;-74,09458665;4,575806621;4;;1;SE RESPONSABILIZA DEL VEHICULO N3 EL SEÑOR MILTON FABIAN SUAREZ DE CC 80739033 12 DE JULIO 1983 SE LE NOTIFICA ORDEN DE COMPARENDO N39453064 INFRACCION C02 TELEFONO 3223202185 DIRECCION CARRERA 71 N 58 A 60 SUR PERDORMO ;157;OTRA HIPÓTESIS (CONDUCTOR)
2041;4041;11/20/2023 8:30 AM;HERIDOS;CHOQUE;VEHICULO;-74,06868402;4,61658977;3;;2;SE REALIZA ORDEN DE COMPARENDO AL CONDUCTOR DEL VEHICULO 3  N DEL COMPARENDO 39452065 INFRACCION D01 SEÑAL SOBRE LA CALLE 30 ANEXO ;112;DESOBEDECER SEÑALES O NORMAS DE TRANSITO
2042;4042;11/20/2023 8:00 AM;HERIDOS;CHOQUE;VEHICULO;-74,06058341;4,719329302;11;;2;NO SE FIJAN LOS VEHICULOS YA QUE FUERON MOVIDOS DEL LUGAR DE LOS HECHOS ;157;OTRA HIPÓTESIS (CONDUCTOR)
2043;4043;11/20/2023 7:43 AM;HERIDOS;CHOQUE;VEHICULO;-74,19189928;4,625850134;7;;3;CORRIJO NUMERO DE POLIZA SOAT VH 2 N 14289403245410 EXPIDE SEGUROS DEL ESTADO F VENCIMIENTO 02 12 23 CORRIJO DIRECCION DEL EVENTO CLL 60 SUR N 88 C ;121;NO MANTENER DISTANCIA DE SEGURIDAD
2044;4044;11/20/2023 7:00 AM;HERIDOS;CAIDA;;-74,11189703;4,666440292;9;;1;EL BUS TRANSITA POR LA AV BOYACA AL COJER LA CLL 26 LA PASAJERA SE CAE DONDE SE BAJA EN LA CALLE 26 CR 68 C DIRECCION DE LA PASAJERA CLL 128 B  8985 TORRE 4 APT 502;145;ARRANCAR SIN PRECAUCION
2045;4045;11/20/2023 6:30 AM;HERIDOS;OTRO;;-74,08110527;4,600785892;3;;1;SE ACLARA ITEM 8 2 POLIZA SOAT DE VH 1 SIENDO EL NÚMERO CORRECTO 7008004221142000 CON VIGENCIA HASTA 2024 10 19 NO SE DIAGRAMA EL VEHICULO YA QUE FUE MOVIDO DEL LUGAR DE LOS HECHOS ;308;OTRA HIPÓTESIS (VÍA)
2046;4046;11/20/2023 5:45 AM;HERIDOS;CHOQUE;VEHICULO;-74,14316771;4,631309937;8;;1;AL MOMENTO DE CONOCER EL CASO LOS VEHICULOS YA SE HABIAN MOVIDO SE CORRIJE LA CASILLA 4 FECHA Y HORA DE OCURRENCIA LA CUAL FUE 0545 Y LA HORA DE LEVANTAMIENTO 0546 SE CORRIJE CASILLA 72  LA VIA ES DOBLE SENTIDO SE ANEXA CON  POR TECNICOMECANICA ANEXO A OBSERVACIONES SE RELACIONA COMPARENDO N39451156;106;ADELANTAR INVADIENDO CARRIL DEL MISMO SENTIDO EN ZIGZAG
2047;4047;11/20/2023 4:30 AM;DANOS;CHOQUE;VEHICULO;-74,06096244;4,664055748;2;;;ACLARO QUE LA MOTOCICLETA UNIFORMADA TRANSITA CON PERMISO EN LA CALZADA DE TRANSMILENIO YA QUE TRABAJA EN TRANSMILENIO ACLARO HIPOTESIS 142 PARA EL VHEICULO  N 2  OMITE LA SEÑAL DEL SEMAFORO EN ROJO SE EVIDENCIA EN VIDEO ;142;SEMAFORO EN ROJO
2048;4048;20/11/2023;DANOS;CHOQUE;VEHICULO;-74,12274329;4,669275191;9;;;CONDUCTOR VEHICULO 2 POSITIVO PARA PRUEBA DE ALCOHOLEMIA GRADO 3 NOTIFICADO ORDEN DE COMPARENDO 39452540 NO SE DIAGRAMA EL VEHICULO 2 YA QUE FUE MOVIDO DE SU POSICION FINAL ACALRO NOMBRE CONDUCTOR VH1 LUIS ALBERTO DIMATE RAMOS ;115;EMBRIAGUEZ O SUSTANCIAS ALUCINOGENAS
2049;4049;11/19/2023 10:40 PM;HERIDOS;CHOQUE;VEHICULO;-74,06507699;4,647150552;2;;2;NO SE DIAGRAMA EL VEHICULO 2 YA QUEN FUE MOVIDO DE SU POSICION FINAL Y SE REALIZA ORDEN DE COMPARENDO AL CONDUCTOR DEL VH1 YA QUE SE VERIFICA EN EL RUNT NO TIENE LICENCIA DE CONDUCCION N39330797 INFRACCION D01  ;139;IMPERICIA EN EL MANEJO
2050;4050;11/19/2023 10:40 PM;HERIDOS;CHOQUE;OBJETO;-74,10072295;4,649282727;13;;1;CORRIJO CASILLA 7 10 LITERAL B DISMINUIDA POR MALETINES PLASTICOS VIALES TENIENDO ENCUENTA LAS RESOLUCIONES  01670 Y 03922 DE 2016 Y LA CIRCULAR 001 DEL 25 05 2017 SE SOLICITA QUERELLA PARA INICIAR PROCEDIMIENTO POR FISCALIA EOL CONDUCTOR MANIFIESTA NO INTERPONER QUERELLA SE LE INFORMA QUE TIENE 6 M;308;OTRA HIPÓTESIS (VÍA)
2051;4051;11/19/2023 9:00 PM;HERIDOS;CHOQUE;VEHICULO;-74,09765688;4,637812633;13;;8;CORRIJE HORA DE OCURRENCIA Y HORA DE LEVANTAMIENTO 21 00 Y LEVANTAMIENTO 21 15;121;NO MANTENER DISTANCIA DE SEGURIDAD
2052;4052;11/19/2023 8:37 PM;HERIDOS;CHOQUE;VEHICULO;-74,08693371;4,625643693;13;;1;HIPOTESIS 121 PARA EL CONDUCTOR DE LA MOTOCICLETA NO GUARDA DISTANCIA DE SEGURIDAD ;121;NO MANTENER DISTANCIA DE SEGURIDAD
2053;4053;11/19/2023 8:36 PM;HERIDOS;CHOQUE;OBJETO;-74,11912859;4,628255163;16;;3;SE ACLARA CLASE DE ACCIDENTE ATROPELLO POSTERIORMENTE VH1 CHOCA AL VEHICULO 2 QUE SE ENCUENTRA ESTACIONADO BARADO EN LA VIA Y ESTE VH2 SALE PROYECTADO AL PEATON 2 CONDUCTOR DEL TAXI  FUERA DEL MISMO ;157;OTRA HIPÓTESIS (CONDUCTOR)
2054;4054;11/19/2023 7:05 PM;HERIDOS;ATROPELLO;;-74,17913241;4,578881472;19;;1;SE CORRIJE DIRECCION PEATON CARRERA 31 N 54  09  SUR DOCUMENTO DE LA VICTIMA NUIP 1074534045;115;EMBRIAGUEZ O SUSTANCIAS ALUCINOGENAS
2055;4055;11/19/2023 6:49 PM;HERIDOS;ATROPELLO;;-74,06077413;4,687655423;12;;2;CORRIJO FECHA NACIMIENTO JOSE EFRAIN CHOCONTA ES 19041971 CASILLA 9 VICTIMAS ;157;OTRA HIPÓTESIS (CONDUCTOR)
2056;4056;11/19/2023 4:09 PM;HERIDOS;CHOQUE;VEHICULO;-74,17159617;4,637082525;8;;1;AL LUGAR LLEGA LA HERMANA DE JUAN VERGARA LA SEÑORITA ADRIANA VERGARA QUIEN MANIFIESTA QUE SU HERMANO NO DESEA QUERELLAR YA QUE EL SEÑOR ES SORDO Y ELLA NOS PERMITE SER SU TRADUCTORA INTERPRETE NOTA RUBEN BONILLA 1006004569 TESTIGO DE LOS HECHOS ;157;OTRA HIPÓTESIS (CONDUCTOR)
2057;4057;11/19/2023 3:28 PM;HERIDOS;CHOQUE;VEHICULO;-74,04761657;4,74954376;11;;2;NO SE FIJAN LOS VEHICULOS YA QUE FUERON MOVIDOS DE SU POSICION FINAL ;157;OTRA HIPÓTESIS (CONDUCTOR)
2058;4058;11/19/2023 12:00 PM;HERIDOS;CHOQUE;VEHICULO;-74,11119429;4,666640791;9;;1;SE DEJA CONSTANCIA QUE EL VEHICULO 2 DE POSIBLE PLACA SXM720 TIPO AUTOMOVIL SERVICIO PUBLICO TAXI SE DA A LA FUGA DEL LUGAR ;122;GIRAR BRUSCAMENTE
2059;4059;11/19/2023 11:04 AM;HERIDOS;CHOQUE;VEHICULO;-74,1679552;4,619853511;8;;1;SE DEJA CONSTANCIA EL CONDUCTOR N 1 LESIONADO NO DESEA INTERPONER QUERELLA SE LE EXPLICA EL PROCEDIMIENTO DE IGUAL FORMA AL SEÑOR PADRE QUIENES DE MANERA VOLUNTARIA NO DESEAN INTERPONER QUERELLA O LLEVAR CASO A FISCALIA ;121;NO MANTENER DISTANCIA DE SEGURIDAD
2060;4060;11/19/2023 10:46 AM;HERIDOS;CHOQUE;VEHICULO;-74,09245347;4,690724451;10;;1;ACLARO LA CASILLA 7 2 UTILIZACION VIA 1 DOBLE SENTIDO 7 9 TRANSITO SEMAFORO OPERANDO SE CORRIJE CASILLA 8 3 CLASE DE VEHICULO  V N 1 YA QUE ES CAMIONETA 6 4 DISEÑO INTERSECCION ACLARO LUGAR DE IMPACTO VH 2 COSTADO LETRAL DERECHO DE LA LLANTA ACLARO DIRECCION CV 2 CR 81 J N 57 D 02 SUR ;142;SEMAFORO EN ROJO
2061;4061;11/19/2023 8:10 AM;HERIDOS;CHOQUE;VEHICULO;-74,10046128;4,582386766;15;;4;SE REALIZA COMPARENDO N 39451297 POR LA D01 VEHICULO 2 SIN HABER OBTENIDO LA LOCENCIA DE CONDUCCION ;139;IMPERICIA EN EL MANEJO
2062;4062;11/19/2023 7:51 AM;HERIDOS;CHOQUE;OBJETO;-74,08288387;4,625465302;13;;1;SE REALIZA 1 COMPARENDO POR LA D02 PORTA EL SOAT VENCIDO COMPARENDO N 110010000000 39451346;157;OTRA HIPÓTESIS (CONDUCTOR)
2063;4063;11/19/2023 7:18 AM;HERIDOS;CHOQUE;VEHICULO;-74,11315767;4,710607459;10;;1;LA VICTIMA ME MANIFIESTA QUE ES UN VEHICULO COLOR GRIS AUTOMOVIL LO COLISIONA Y SE DA A LA FUGA SIN DATOS ;157;OTRA HIPÓTESIS (CONDUCTOR)
2064;4064;11/19/2023 6:40 AM;DANOS;CHOQUE;OBJETO;-74,15333179;4,678341803;9;;;VOLQUETA COLISIONA CONTRA REJA Y PARED DEL CONJUNTO RESIDENCIAL MONTECARLO PORTERIA 1 COSTADO FRONTAL GENERANDO LOS DAÑOS DEL MISMO CR 111  A N 16 H 02 HACE PRESENCIA LA SEÑORA DIANA BERMUDEZ CC 53030465 EN REPRESENTACION DEL CONJUNTO RESIDENCIAL  EL ACOMPAÑANTE ANABEL CAREÑO CC 1030665875 DESISTE D;115;EMBRIAGUEZ O SUSTANCIAS ALUCINOGENAS
2065;4065;11/19/2023 6:30 AM;HERIDOS;CHOQUE;VEHICULO;-74,15434904;4,624092982;8;;1;NO SE DIAGRAMAN LOS VEHICULOS YA QUE FUERON MOVIDOS DEL PUNTO DE IMPACTO O POSICION FINAL ;132;NO RESPETAR PRELACION
2066;4066;11/19/2023 5:21 AM;DANOS;CHOQUE;VEHICULO;-74,14578138;4,675353078;9;;;AL VH 1 SE LE REALIZA ORDEN DE COMPARENDO  N 39452137 INFRACCION C02 VEHICULO EN ESTADO DE ABANDONO ;112;DESOBEDECER SEÑALES O NORMAS DE TRANSITO
2067;4067;11/19/2023 3:30 AM;HERIDOS;CHOQUE;VEHICULO;-74,15369687;4,596402418;7;;2;AACIDENTE DE TRANSITO OCURRIO APROXIMADAMENTE A LAS 3 30 AM NO SE DETERMINA QUIEN CRUZA EL SEMAFORO EN ROJO ;157;OTRA HIPÓTESIS (CONDUCTOR)
2068;4068;11/19/2023 3:14 AM;HERIDOS;VOLVAMIENTO;;-74,12506131;4,562691902;18;;1;SE REALIZA COMPARENDO N 39444130 INFRACCION C02 TRANSCURRIDOS 60 MINUTOS NADIE HACE PRESENCIA A EL LUGAR DEL ACCIDENTE PARA HACERSE RESPONSABLE DE LA MOTOCICLETA ;157;OTRA HIPÓTESIS (CONDUCTOR)
2069;4069;11/19/2023 1:44 AM;HERIDOS;CHOQUE;OBJETO;-74,09510162;4,687438005;10;;1;SE DEJA CONSTANCIA QUE EL CONDUCTOR AL MOMENTO DEL CHOQUE NO PRESENTA DOCUMENTACION POR ENDE ES INMOVILIZADA EN PATIOS ALAMOS YA QUE TAMPOCO FUE POSIBLE UBICAR CAMILLAS ;114;EMBRIAGUEZ APARENTE
2070;4070;11/19/2023 1:00 AM;HERIDOS;CHOQUE;VEHICULO;-74,09838406;4,741647371;11;;3;CORRIJO CASILLA N 8 1 NOMBRE CONDUCTOR N 1 SEBASTIAN GARCIA ACUÑA ;121;NO MANTENER DISTANCIA DE SEGURIDAD
2071;4071;11/18/2023 11:50 PM;DANOS;CHOQUE;VEHICULO;-74,0999612;4,621286503;16;;;SE DEJA CONSTANCIA QUE EL CONDUCTOR DEL VH1 SE LE BRINDARON LOS PRIMEROS AUXILIOS Y LA ATENCION REQUERIDA POR LA AMBULANCIA NO NECESITANDO AL CENTRO ASISTENCIAL SE TRASLADAN CONDUCTORES A LA ESTACION E30 PARA LA PRUEBA DE EMBRIAGUEZ CONDUCTOR N 1 SE NEGO A REALIZAR LA PRUEBA ;121;NO MANTENER DISTANCIA DE SEGURIDAD
2072;4072;11/18/2023 11:45 PM;DANOS;CHOQUE;VEHICULO;-74,09993974;4,621329278;16;;;SE DEJA CONSTANCIA QUE A LOS CONDUCTORES POR PARTE DE LA AMBULANCIA SE LES PRESTA LA ATENCION DE PRIMEROS AUXILIOS RESULTANDO ILESOS  SE TRSLADAN LOS CONDUCTORES A LA ESTACION RESULTANDO POSITIVO GRADO III PARA EL CONDUCTOR VH1 COMPARENDO N 39450967;121;NO MANTENER DISTANCIA DE SEGURIDAD
2073;4073;11/18/2023 11:40 PM;HERIDOS;CHOQUE;VEHICULO;-74,16123222;4,588631724;19;;1;HIPOTESIS DE ACCIDENTALIDAD VEHICULO 1 N122 GIRAR BRUSCAMENTE ;122;GIRAR BRUSCAMENTE
2074;4074;11/18/2023 10:53 PM;DANOS;CHOQUE;VEHICULO;-74,14791492;4,648586461;8;;;SE LE NOTIFICA ORDEN DE COMPARENDO 39451426AL CONDUCTOR 1 QUIEN SE PRESENTA COMO CONDUCTOR DEL VEHICULO BDI290 RESULTADO DE LA PRUEBA ART 5 ;121;NO MANTENER DISTANCIA DE SEGURIDAD
2075;4075;11/18/2023 9:31 PM;HERIDOS;CHOQUE;VEHICULO;-74,05645757;4,68960273;1;;2;DEJO CONSTANCIA QUE LA SEÑORA LUZ DARY GRANADOS SICHACA CC 1015403384 QUIEN ES LA MADRE DE LA SRTA LAURA CAMILA ROJAS GRANADOS CON TI 1033104914 ACOMPAÑANTE PASAJERO LLEGAR A UN ACUERDO CON EL SEÑOR JUAN MANUEL SABOGAL ARDILA CON CC 1001282102 Y Y MANIFIESTAN NO QUERELLAR NINGUNA DE LAS PARTES Y DE;102;ADELANTAR POR LA DERECHA
2076;4076;11/18/2023 9:00 PM;HERIDOS;CHOQUE;VEHICULO;-74,15504841;4,623321025;8;;2;SE CORRIJE CASILLA 4 HORA DE OCURRENCIA 21 00 SE REALIZA ORDEN DE COMPARENDO N 39383837 POR LA INFRACCION D02 AL VEHICULO 2;121;NO MANTENER DISTANCIA DE SEGURIDAD
2077;4077;11/18/2023 8:50 PM;HERIDOS;ATROPELLO;;-74,11605579;4,545982365;18;;2;HIPOTESIS DE ACCIDENTALIDAD VEHICULO N 1 114 EMBRIAGUEZ APARENTE CORRIJO CASILLA 8 2 REV TEC 169682532;114;EMBRIAGUEZ APARENTE
2078;4078;11/18/2023 8:45 PM;HERIDOS;CHOQUE;VEHICULO;-74,11735801;4,675671199;9;;3;CORRIJO CASILLA N 3 1 LOCALIDAD ES FONTIBON ;121;NO MANTENER DISTANCIA DE SEGURIDAD
2079;4079;11/18/2023 8:10 PM;HERIDOS;CHOQUE;VEHICULO;-74,06019716;4,646849984;2;;3;VEHICULO 2 TIENE LA REVISION TECNOMECANICA VENCIDA DESDE EL 20 08 2023 SE REALIZA COMPARENDO POR INFRACCION C35 ;122;GIRAR BRUSCAMENTE
2080;4080;11/18/2023 6:07 PM;HERIDOS;CHOQUE;VEHICULO;-74,18878494;4,631260329;7;;3;NO SE DIAGRAMAN LOS VEHICULOS YA QUE FUERON MOVIDOS DEL PUNTO DE IMPACTO O POSICION FINAL ;103;ADELANTAR CERRANDO
2081;4081;11/18/2023 5:00 PM;HERIDOS;ATROPELLO;;-74,11604938;4,514511843;5;;1;NO SE DIAGRAMA LA BICICLETA YA QUE FUE MOVIDA DE SU POSICION FINAL 411 NO HACER USO DE LOS PASOS PEATONALES SEMAFORO SE ENCUENTRA APROXIMADAMENTE UNOS  METROS DEL ACCIDENTE ;411;OTRA HIPÓTESIS (PEATÓN)
2082;4082;11/18/2023 4:35 PM;HERIDOS;CHOQUE;VEHICULO;-74,16858283;4,619259995;8;;2;NO SE DIAGRAMA EL VHEICULO N 2 YA QUE FUE MOVIDO DEL PUNTO DE IMPACTO O POSICION FINAL ;121;NO MANTENER DISTANCIA DE SEGURIDAD
2083;4083;11/18/2023 3:20 PM;HERIDOS;CHOQUE;VEHICULO;-74,13142351;4,689398372;9;;1;CORRECION NUMERO DE POLIZA SOAT VH 2 86649473  608096710 ASEGURDORA MUNDIAL SEGUROS ;122;GIRAR BRUSCAMENTE
2084;4084;11/18/2023 1:35 PM;HERIDOS;CHOQUE;VEHICULO;-74,09379957;4,62051832;16;;5;ANEXOS DE VICTIMAS 0142  HIPOTESIS PARA LA VIA 301 AUSENCIA DE SEÑALIZACION VERTICAL ;301;AUSENCIA TOTAL O PARCIAL DE SEÑALES
2085;4085;11/18/2023 1:30 PM;HERIDOS;CHOQUE;VEHICULO;-74,05968038;4,707958657;11;;1;SE LE NOTIFICA ORDEN DE COMPARENDO AL VEHICULO 1 POR INFRACCION C35  N 39439512;121;NO MANTENER DISTANCIA DE SEGURIDAD
2086;4086;11/18/2023 12:30 PM;MUERTOS;CHOQUE;OBJETO;-74,06826525;4,710921406;11;1;;CORRIJE CASILLA 5 1 CHOQUE CON OBJETO FIJO SARDINEL DEL SEPARADOR LA HIPOTESIS 116 EXCESO DE VELOCIDAD ES PARA EL CONDUCTOR DEL VEHICULO MOTOCICLETA DE PLACA QKP40F;116;EXCESO DE VELOCIDAD
2087;4087;11/18/2023 10:37 AM;HERIDOS;CHOQUE;VEHICULO;-74,15606631;4,569143532;19;;1;NO SE RADICA EN FISCALIA YA QUE LA LESIONADA MANIFIESTA SU DECEO DE NO ISNTAURAR DENUNCIA EN CONCORDANCIA RESOLUCION 01670 Y 03922 DEL 2016 Y CIRCULAR 001 DEL 25 05 2017 SE DEJA CONSTANCIA QUE LOS VEHICULOS NO FUERON INMOVILIZADOS ;122;GIRAR BRUSCAMENTE
2088;4088;11/18/2023 9:07 AM;DANOS;CHOQUE;OBJETO;-74,13938803;4,679474379;9;;;DAÑOS POSTE DE TELEFONIA MOVISTAR ROTO DE LA CAJA DE REPARTICION COLFR CT 1 90 CT 2 90 03 CABLES ROTOS DESDE LA CARRERA 102 CALLE 22 I HASTA LA CARRERA 102 CALLE 22 K ;157;OTRA HIPÓTESIS (CONDUCTOR)
2089;4089;11/18/2023 7:14 AM;HERIDOS;CHOQUE;VEHICULO;-74,08373383;4,540256462;4;;1;HIPOTESIS DE ACCIDENTALIDAD VEHICULO N 1 N 101 ADELANTAR EN CURVA O EN PENDIENTE VEHICULO N 2 N 127 TRANSITAR EN CONTRAVIA ;127;TRANSITAR EN CONTRAVIA
2090;4090;11/18/2023 6:30 AM;HERIDOS;CHOQUE;VEHICULO;-74,10784153;4,626152236;16;;1;DE FORMA EXPONTANEA Y VOLUNTARIO LAS PARTES INVOLUCRADAS MANIFIESTAN EL NO PONER QUERELLA CIRCULAR 001 DEL 25 05 17 ;123;NO RESPETAR PRELACION DE INTERSECCIONES O GIROS
2091;4091;11/18/2023 5:00 AM;DANOS;CHOQUE;OBJETO;-74,05293671;4,713088137;1;;;OBJETO FIJO POSTE DE ALUMBRADO PÚBLICO N 703570;201;FALLAS EN LAS LLANTAS
2092;4092;11/18/2023 4:50 AM;HERIDOS;VOLVAMIENTO;;-74,18134243;4,622158052;7;;1;CLASE DE ACCIDENTE VOLCAMIENTO MOTOCICLETA QUEDA EN PATIOS DE ALAMOS YA QUE NINGUNA PERSONA RESPONSABLE HACE PRESENCIA EN EL LUGAR DEL ACCIDENTE PARA HACERSE CARGO DE ESTE VEHICULO INFORMACION DATOS SUMINISTRADOS POR LA AMBULANCIA QUE TRSLADA AL CONDUCTOR H6192 YA QUE EN EL LUGAR SOLO SE ENCUENTRA  ;157;OTRA HIPÓTESIS (CONDUCTOR)
2093;4093;11/18/2023 4:50 AM;DANOS;CHOQUE;VEHICULO;-74,03997628;4,668394485;2;;;SE REALIZA COMPARENDO POR LA F N 39449586 POSITIVO GRADO II POR LA D 01  N 39450933 POR LA D02 39451166  AL CONDUCTOR DEL VHEICULO N 1 ;139;IMPERICIA EN EL MANEJO
2094;4094;11/18/2023 4:36 AM;HERIDOS;VOLVAMIENTO;;-74,07729653;4,642420119;13;;1;AL LLEGAR AL LIGAR DE LOS HECHOS CONDUCTOR LESIONADO YA HABIA SIDO TRASLADADO PARA LA CLINICA SANTA JULIANA  AL LLEGAR AL LUGAR NO SE UBICA YA QUE HABIA SOLICITADO SALIDA VOLUNTARIA POR TAL MOTIVO NO SE INICIA PROCESO POR FISCALIA Y MOTO ES INMOVILIZADA POR ABANDONO EN PATIOS DE ALAMOS YA QUE NO SE ;157;OTRA HIPÓTESIS (CONDUCTOR)
2095;4095;11/17/2023 11:20 PM;HERIDOS;CHOQUE;VEHICULO;-74,15385394;4,574511376;19;;3;FECHA NACIMIENTO CONDUCTOR N 2    10 07 1967;103;ADELANTAR CERRANDO
2096;4096;11/17/2023 11:20 PM;HERIDOS;CHOQUE;VEHICULO;-74,09770273;4,626831556;16;;2;EL VEHICULO 2 NO SE DIAGRAMA POR QUE NO SE ENCONTRABA EN EL LUGAR DE LOS HECHOS SE DESCONOCE LA UBICACION TENIENDO EN CUENTA LO ANTERIOR NO SE INMOVILIZA LA MOTOCICLETA DE PLACAS ZCP49F Y TAMPOCO ES POSIBLE PONERLA A DISPOSICION DE LA FISCALIA ;157;OTRA HIPÓTESIS (CONDUCTOR)
2097;4097;11/17/2023 11:00 PM;HERIDOS;CHOQUE;VEHICULO;-74,09785986;4,572010359;4;;2;FECHA VENCIMIENTO LICENCIA VH1 03 01 2032  CORRIJO CC CONDUCTOR VEHICULO N 2 CC 1000227129;157;OTRA HIPÓTESIS (CONDUCTOR)
2098;4098;11/17/2023 9:00 PM;HERIDOS;CHOQUE;OBJETO;-74,08085314;4,627328562;13;;1;CONDUCTOR DE VEHICULO 1 NO ESTA ATENTO A LA ACCION DEL VEHICULO QUE TRANSITA ADELANTE EL CUAL CAMBIA DE CALZADA Y NO SE DA CUENTA QUE SE ENCUENTRA EL SEPARADOR DE LA CALZADAS COLISIONANDO CON EL SEPARADOR PERDIENDO EL CONTROL Y OCASIONANDOSE LAS LESIONES AUTOLESIONES ORDEN DE COMPARENDO N 39440672 I;157;OTRA HIPÓTESIS (CONDUCTOR)
2099;4099;11/17/2023 8:50 PM;HERIDOS;CHOQUE;VEHICULO;-74,08768309;4,574892523;4;;2;PLACA VEHICULO N 2   LKE74G;122;GIRAR BRUSCAMENTE
2100;4100;11/17/2023 8:50 PM;HERIDOS;CHOQUE;VEHICULO;-74,18828902;4,616966131;7;;1;VEHICULO 2 TRACCION HUMANA CARRETILLA MADERA VEHICULO ES LLEVADO POR EL SÑEOR ISMAEL ATENCIO VASQUEZ CC 85438734 SE HACE CARGO ;157;OTRA HIPÓTESIS (CONDUCTOR)
2101;4101;11/17/2023 6:30 PM;HERIDOS;CHOQUE;VEHICULO;-74,10757331;4,580396983;18;;1;HIPOTESIS DE ACCIDENTALIDAD VEHICULO N 2 N 1287 TRANSITAR EN CONTRAVIA VEHICULO N 1 157 SE OCRRIJE EN EL BOSQUEJO TOPOGRAFICO TRAYECTORIA VEHICULO N 2 Y PPI ;157;OTRA HIPÓTESIS (CONDUCTOR)
2102;4102;11/17/2023 5:30 PM;HERIDOS;CHOQUE;VEHICULO;-74,10637501;4,676784914;10;;1;EL LESIONADO NO DESEA QUERELLAR POR TANTO NO SE PUDO CONTINUAR CON LAS DILIGENCIAS JUDICIALES SE LEVANTA INFORME POR GRAVEDAD DE LESIONADOS ;103;ADELANTAR CERRANDO
2103;4103;11/17/2023 4:30 PM;HERIDOS;CAIDA;;-74,10557013;4,615915953;16;;2;AV CALLE 6 CON CARRERA 41;145;ARRANCAR SIN PRECAUCION
2104;4104;11/17/2023 4:27 PM;HERIDOS;ATROPELLO;;-74,11862788;4,600778763;16;;3;VICTIMA 2 TARJETA DE IDENTIDAD ;411;OTRA HIPÓTESIS (PEATÓN)
2105;4105;11/17/2023 3:51 PM;HERIDOS;CHOQUE;VEHICULO;-74,07679722;4,675206637;12;;1;SE DEJA CONSTANCIA QUE AL LUGAR DEL SINIESTRO LLEGA EL CUADRANTE 11 CAI EL CUAL SE TOMA DATOS DEL CONDUCTOR DEL VH2 MANIFESTANDO QUE SON EL SEÑOR JUAN ANDRES ZAMBRADO CC 1031642813 CPLACA DE LA MOTOCICLETA OEG61D A LO CUAL LO DEJAN IR DEL LUGAR DE LOS HECHOS SE DEJA LA CONSTANCIA ;157;OTRA HIPÓTESIS (CONDUCTOR)