CODIGO_ACCIDENTE;FORMULARIO;FECHA;GRAVEDAD;CLASE;CHOQUE;LONGITUD;LATITUD;CODIGO_LOCALIDAD;TOTAL_MUERTOS;TOTAL_HERIDOS;TEXTO_OBSERVACIONES;CODIGO_CAUSA;DESCRIPCION
2106;4106;11/17/2023 3:18 PM;DANOS;CHOQUE;VEHICULO;-74,18174175;4,636295312;7;;;157 POR ESTABLECER DINAMICA DEL ACCIDENTE TRANSITO NO SE NO SE TIENE CERTEZA DEL LUGAR DEL SINIESTRO  NO SE TRASLADAN CLINICA NO HACEN QUERELLA CONDUCTOR PLACA HJY394;157;OTRA HIPÓTESIS (CONDUCTOR)
2107;4107;11/17/2023 2:05 PM;HERIDOS;ATROPELLO;;-74,11596297;4,752602533;11;;1;PEATON INVOLUCRADO EN EL HECHO ESTA INDOCUMENTADO MANIFIESTA TENER 75 AÑOS CON CEDULA CC 41392788 DE NOMBRE MYRIAM GALLO ROJAS HIPOTESIS PEATON 409 JUNTO A LA LEY 769  2002 ARTICULO 59;122;GIRAR BRUSCAMENTE
2108;4108;11/17/2023 12:30 PM;HERIDOS;CHOQUE;VEHICULO;-74,06596152;4,68383803;12;;2;EL CASO NO SE CONOCE POR FISCALIA YA QUE LOS LESIONADOS MANIFIESTAN NO INTERPONER QUERELLA ;157;OTRA HIPÓTESIS (CONDUCTOR)
2109;4109;11/17/2023 12:10 PM;HERIDOS;ATROPELLO;;-74,13924751;4,586487515;6;;3;SE DEJA CONSTANCIA QUE LOS PADRES DE LOS MENORES NO DESEAN COLOCAR QUERELLA Y LLEGAN A UN ACUERDO CON EL CONDUCTOR DEL VEHICULO Y FIRMAN DESESTIMIENTO DE AMBULANCIA DOCUMENTO VICTIMA 1 TI ;134;REVERSO IMPRUDENTE
2110;4110;11/17/2023 11:35 AM;HERIDOS;CHOQUE;VEHICULO;-74,10450725;4,751033205;11;;2;CORRIJE LA CASILLA 8 1 CATEGORIA LICENCIA DE CONDUCCION DEL VEHICULO 1 ES LA C2;157;OTRA HIPÓTESIS (CONDUCTOR)
2111;4111;11/17/2023 11:21 AM;MUERTOS;ATROPELLO;;-74,17611984;4,613362236;8;1;;SE NOTIFICA ORDEN DE COMPARENDO CONDUCTOR VH POR INFRACCION C 26 N 39447344;157;OTRA HIPÓTESIS (CONDUCTOR)
2112;4112;11/17/2023 10:55 AM;HERIDOS;CHOQUE;VEHICULO;-74,06817643;4,618689649;3;;3;SE CORRIJE LA CEDULA DEL CONDUCTOR N2 1018425889 ;506;OTRA HIPÓTESIS (PASAJERO O ACOMPAÑANTE)
2113;4113;11/17/2023 9:10 AM;HERIDOS;CHOQUE;VEHICULO;-74,07916335;4,684073276;12;;2;LOS VEHICULOS FUERON MOVIDOS EN LA POSICION FINAL DEL CHOQUE SE REALIZA COMPARENDO A CONDUCTORES N 1 39438515  INFRACCION B02;103;ADELANTAR CERRANDO
2114;4114;11/17/2023 7:34 AM;MUERTOS;ATROPELLO;;-74,10936532;4,601855318;16;1;2;CRRIJE CASILLA 9 CIUDAD BOGOTA TELEFONO  3213686178 CARRIJE CASILLA 2 GRAVEDAD DEL ACCIDENTE SIENDO CORRECTO CON MUERTOS ;157;OTRA HIPÓTESIS (CONDUCTOR)
2115;4115;11/17/2023 6:45 AM;MUERTOS;CHOQUE;VEHICULO;-74,08331946;4,77229517;11;1;;NO SE FIJAN LOS VEHICULOS YA QUE FUERON MOVIDOS DEL LUGAR DE LOS HECHOS CASO COMO RECONOCIMIENTO HOSPITALARIO EN LA CLINICA CORPOS NOTA LA BICICLETA NO SE ENCUENTRA EN EL LUGAR DE LOS HECHIOS NN SEXO MASCULINO ;157;OTRA HIPÓTESIS (CONDUCTOR)
2116;4116;11/17/2023 5:52 AM;HERIDOS;CHOQUE;OBJETO;-74,11062413;4,544198989;18;;2;VEHICULO 2 OBJETO FIJO AL LLEGAR A LUGAR DEL ACCIDENTE YA NO SE ENCONTRABA SU UBICACION  VEHICULO 1 CHOCA CON EL VEHICULO 2 Y POSTERIORMENTE ATROPELLA AL PEATON ;157;OTRA HIPÓTESIS (CONDUCTOR)
2117;4117;11/17/2023 3:07 AM;DANOS;CHOQUE;OBJETO;-74,15894883;4,638041548;8;;;MANIFIESTA EL SR CRISTIAN QUE TRANSITABA SOBRE LA CR 86 AL MOMENTO DE LLEGAR A LA OBRA  SE ENCUENTRA LA CARRERA 86 CERRADA CON MATERIALES Y LOS SEÑORES JOSE  OSCAR Y AISLONT GESTORES DE TRAFICO HACEN DESVIOS Y AL MOMENTO DE PASAR EL TRACTOAMION LE CAUSA DAÑOS AL TECHO DE LA ESTACION DE TRANSMILENIO ;157;OTRA HIPÓTESIS (CONDUCTOR)
2118;4118;11/16/2023 9:50 PM;HERIDOS;CHOQUE;VEHICULO;-74,1023094;4,567285401;18;;2;SE CORRIGE CASILLA 5 MODALIDA DEL ACCIDENTE CHOQUE;102;ADELANTAR POR LA DERECHA
2119;4119;11/16/2023 9:40 PM;HERIDOS;CHOQUE;VEHICULO;-74,1240318;4,685519652;10;;3;CORRIJO CASILLA N 8 1 CEDULA CONDUCTOR VEHCICULO N2 79057041;114;EMBRIAGUEZ APARENTE
2120;4120;11/16/2023 9:12 PM;HERIDOS;ATROPELLO;;-74,08863691;4,617848387;16;;2;DEJO CONSTANCIA QUE EL PROPIETARIO DEL VHEICULO N 1 NO ES EL MISMO CONDUCTOR SE LE REALIZA LA QUERELLA A LA ESPOSA DEL CONDUCYOR DE LA MOTICICLETA YA QUE EL CONDUCTOR Y EL PEATON SE ENCUENTRAN INCONSIENTES SE REALIZA AL CONDUCTOR DE LA MOTO COMPARENOD N 39449119 POR LA INFRACCION C35 Y COMAPRENDO N ;139;IMPERICIA EN EL MANEJO
2121;4121;11/16/2023 8:01 PM;HERIDOS;ATROPELLO;;-74,10234102;4,49678772;5;;4;EL VEHICULO 1 FUE MOVIDO DE SU POSICION FINAL ;157;OTRA HIPÓTESIS (CONDUCTOR)
2122;4122;11/16/2023 7:40 PM;MUERTOS;CHOQUE;OBJETO;-74,13585366;4,6593603;9;2;;NO SE HALLARON DOCUMENTOS DEL VEHICULO NI DE SU CONDUCTOR Y PLATAFORMAS DIGITALES RUNT NO SE ENCUENTRA EN FUNCIONAMIENTO  NOTA DEJO COMO OBSERVACION LA INFORMACION VH1 MOTOCICLETA CONSULTADA EN LA PLATAFORMA RUNT DE PLACAS ROS93G;157;OTRA HIPÓTESIS (CONDUCTOR)
2123;4123;11/16/2023 7:29 PM;HERIDOS;CHOQUE;VEHICULO;-74,1574536;4,645348833;8;;3;CORRECION CASILLA VH2 SOAT 3308005492814000;122;GIRAR BRUSCAMENTE
2124;4124;11/16/2023 6:30 PM;HERIDOS;VOLVAMIENTO;;-74,13242059;4,611532125;8;;1;SE HACE CARGO DE LA MOTICICLETA DEL SEÑOR LUIS FERNANDO NARVAEZ  CC 4775835;306;HUECOS
2125;4125;11/16/2023 6:15 PM;HERIDOS;CHOQUE;VEHICULO;-74,15243206;4,635636013;8;;1;CORRIJO CASILLA 4 FECHA Y HORA 16 11 2023  18 15 HORAS Y FECHA Y HORA DE LEVANTAMIENTO 16 11 2023  18 40 HORAS;142;SEMAFORO EN ROJO
2126;4126;11/16/2023 4:00 PM;HERIDOS;CHOQUE;VEHICULO;-74,04381958;4,73675543;1;;1;NO SE CONOCE EL CASO POR FISCALIA YA QUE EL SEÑOR LESIONADO NO COLOCA QUERELLA EN CONTRA DE LA SEÑORA CONDUCTORA DEL VEHICULO Y LLEGA UN ACUERDO POR 6400000 POR INCAPACIDAD Y DAÑOS MATERIALES;112;DESOBEDECER SEÑALES O NORMAS DE TRANSITO
2127;4127;11/16/2023 3:40 PM;HERIDOS;CHOQUE;VEHICULO;-74,1314545;4,610925172;8;;1;CONDUCTOR DEL VEHICULO N2 MANIFIESTA NO PONER DEMANDA NI QUERELLA SE HACE CARGO DE LA BICICLETA LA SEÑORA SONIA MARCELA LOPEZ PIÑEROS CON CC 1022359285;157;OTRA HIPÓTESIS (CONDUCTOR)
2128;4128;11/16/2023 3:40 PM;HERIDOS;CHOQUE;VEHICULO;-74,15347318;4,681057456;9;;2;VEHICULO 1 SALE DE LA CARRERA 113 A LA CALLE 17 SIN OBSERVAR LA PRELACION DE LA VIA;132;NO RESPETAR PRELACION
2129;4129;11/16/2023 3:20 PM;HERIDOS;CHOQUE;VEHICULO;-74,11911813;4,601298325;16;;3;SE ACLARA CONDUCTOR VH1 NO POSEE LICENCIA DE CONDUCCION ;157;OTRA HIPÓTESIS (CONDUCTOR)
2130;4130;11/16/2023 3:05 PM;HERIDOS;CHOQUE;VEHICULO;-74,16046111;4,590134027;19;;2;CORRIJO CASILLA 8 1 LA CATEGORIA DE LA LICENCIA DE CONDUCCION CATEGORIA C2;157;OTRA HIPÓTESIS (CONDUCTOR)
2131;4131;11/16/2023 2:30 PM;HERIDOS;VOLVAMIENTO;;-74,15781555;4,646296256;8;;2;SE DEJA CONSTANCIA QUE LA ACOMPAÑANTE MANIFIESTA NO DESEAR QUERELLAR NI DENUNCIAR SE LE EXPLICA EL DEBIDO PROCEDIMIENTO POR LO CUAL SE DEJA INFORME DE TRANSITO COMO SOPORTE ;157;OTRA HIPÓTESIS (CONDUCTOR)
2132;4132;11/16/2023 2:20 PM;DANOS;CHOQUE;OBJETO;-74,16299987;4,568627413;19;;;VEHICULO 1 COLICIONA CON EL POSTE DE NUMERO 206367 AL PARECER DE LA LUZ CON ALUMBRADO ELECTRICO 2228264 AL MOMENTO DEL IMPACTO EL POSTE SE DESPRENDE Y CAE SOBRE LAS VIVIEMNDAS DE NOMENCLATURA TV 40 N 72 D 42 SUR Y TV 40 N 72 D 46 SUR ACACIONANDOLES DAÑOS EXTRUCTURALES A LAS VIVIENDAD COMO TEJADOS Y ;308;OTRA HIPÓTESIS (VÍA)
2133;4133;11/16/2023 1:10 PM;HERIDOS;CHOQUE;VEHICULO;-74,11631195;4,59884488;16;;4;SE ACLARA LA PLACA DEL VEHICULO N 2 QUE CORRESPONDE A TKV88E;122;GIRAR BRUSCAMENTE
2134;4134;11/16/2023 12:10 PM;HERIDOS;CHOQUE;VEHICULO;-74,19243448;4,621939551;7;;2;CEDULA IDENTIFICACION CONDUCTOR VH2 CE 1042467381 ELIGIO JOSE PEDROZO ACONCHA ANEXO COMPARENDO D01 39443919 Y COMPARENDO C35 39448772;139;IMPERICIA EN EL MANEJO
2135;4135;11/16/2023 12:00 PM;HERIDOS;ATROPELLO;;-74,1412839;4,713348767;10;;2;CALLE 64 CON CARRERA 120  34;157;OTRA HIPÓTESIS (CONDUCTOR)
2136;4136;11/16/2023 11:25 AM;HERIDOS;CAIDA;;-74,06885234;4,603604419;3;;1;SE DEJA CONSTANCIA QUE EL CONDUCTOR MANIFIESTA QUE EL ACCIDENTE OCURRIO EN LA CARRERA 3 ESTE CON 5 A SE ENTREGA  A LA MOVIL CENTRO PT DIANA FLORES ;506;OTRA HIPÓTESIS (PASAJERO O ACOMPAÑANTE)
2137;4137;11/16/2023 8:50 AM;HERIDOS;CHOQUE;VEHICULO;-74,13199691;4,663982914;9;;1;SE CORRIJE CASILLA 8 Y ES PERMISO  FERNANDO ANTONIO MORA SANCHEZ CONDUCTOR VH2  Y PASAPORTE 134064439;157;OTRA HIPÓTESIS (CONDUCTOR)
2138;4138;11/16/2023 8:00 AM;HERIDOS;CHOQUE;VEHICULO;-74,14683251;4,682671905;9;;1;CORRIJE CASILLA 7 5 VIA 1 MATERIAL CONCRETO ;103;ADELANTAR CERRANDO
2139;4139;11/16/2023 6:40 AM;HERIDOS;ATROPELLO;;-74,10021095;4,74613805;11;;2;VICTIMA MENOR DE EDAD PERMISO DE PERMANENCIA VENEZOLANA ;157;OTRA HIPÓTESIS (CONDUCTOR)
2140;4140;11/16/2023 6:30 AM;HERIDOS;CHOQUE;VEHICULO;-74,19157413;4,625991234;7;;2;ACLARA CASILLA 8 2 INMOVILIZADO EN PATIOS DE FISCALIA ACLARA CASILLA 8 1 DOCUMENTO T I ;142;SEMAFORO EN ROJO
2141;4141;11/16/2023 5:45 AM;HERIDOS;CHOQUE;VEHICULO;-74,14745096;4,648650199;8;;2;VEHICULO NO SE DIAGRAMAN EN EL CROQUIS YA QUE FUERON MOVIDOS DEL LUGAR DE LOS HECHOS CORRIJO CASILLA Y FECHA Y HORA DE OCURRENCIA Y LEVANTAMIENTO SIENDO LA CORRECTA 16 11 2023;123;NO RESPETAR PRELACION DE INTERSECCIONES O GIROS
2142;4142;11/16/2023 3:38 AM;DANOS;CHOQUE;VEHICULO;-74,14550392;4,592906849;6;;;AL SEÑOR CONDUCTOR VEHICULO 1 SE LE NOTIFICA ORDEN DE COMPARENDO N 39446717 INFRACCION F GRADO 2 REALZANDO PRUEBA DE EMBRIAGUEZ EN LA CALLE 11 N 36  62  ESTACION TRANSITO CONDUCTOR VH2 SE LE REALIZA PRUEBA DE LA MISMA FORMA ARROJANDO NEGATIVO ;121;NO MANTENER DISTANCIA DE SEGURIDAD
2143;4143;11/16/2023 3:31 AM;HERIDOS;CHOQUE;OBJETO;-74,08336637;4,624288826;16;;1;SE HACE CARGO DE LA MOTOCICLETA EL SEÑOR BERDUGO ROMERO EDWIN OSWALDO CON CC 79362769;157;OTRA HIPÓTESIS (CONDUCTOR)
2144;4144;11/16/2023 3:12 AM;HERIDOS;CHOQUE;VEHICULO;-74,15398625;4,58839113;6;;3;HIPOTESIS PARA EL VEHICULO N 2 N 127 TRANSITAR EN CONTRAVIA ;127;TRANSITAR EN CONTRAVIA
2145;4145;11/16/2023 2:35 AM;HERIDOS;CHOQUE;OBJETO;-74,07504884;4,732339821;11;;1;SE PRESENTA LA SEÑORA NARDA PAOLA HERNANDEZ PIZA CC 528301002 DE BOGOTA TELEFONO 3206800377 QUIEN MANIFIESTA SER LA COORDINADORA SUPERVISORA DE SERVICIOS GENERALES HERRERA QUIEN PRESTA EL SERVICIO DE VIGILANCIA PARA LA  CONSTRUCTORA BUEN VIVIR ;157;OTRA HIPÓTESIS (CONDUCTOR)
2146;4146;11/16/2023 1:00 AM;DANOS;CHOQUE;OBJETO;-74,12272064;4,743137431;11;;;CONDUCTOR DEL VEHICULO 1 MANIFIESTA IR PASANDO CUANDO EL POSTE CAE SOBRE EL VEHICULO YA QUE EL VEHICULO QUE IBA TRANSITANDO ADELANTE DE EL CHOCA CON EL POSTE O CUERDAS DE EL MISMO Y SE DA A LA FUGA ;157;OTRA HIPÓTESIS (CONDUCTOR)
2147;4147;16/11/2023;HERIDOS;CHOQUE;VEHICULO;-74,0785375;4,623156161;13;;2;SE CORRIJE QUE POR ERROR INVOLUNTARIO EL NUMERO DE LA RTM VH1 163398136 ES DE ACLARAR EL VEHICULO 2 TIENE UN CHOQUE SIMPLE CON EL VEHICULO DE PLACAS WHR855 CUANDO ESTAN APLICANDO LEY 2251 LA MOTOCICLETA IMPACTA CON LA PARTE POSTERIOR DEL VEHICULO 2 DONDE SALE LESIONADO EL CONDUCTOR DEL VEHICULO 1 ;157;OTRA HIPÓTESIS (CONDUCTOR)
2148;4148;11/15/2023 11:55 PM;HERIDOS;VOLVAMIENTO;;-74,08872155;4,659751026;13;;2;SE ACLARA DIRECCION CALLE 63 CON CARRERA 60 ANEXO 4389;157;OTRA HIPÓTESIS (CONDUCTOR)
2149;4149;11/15/2023 11:05 PM;HERIDOS;ATROPELLO;;-74,18287275;4,603155262;7;;3;SE REALIZA ORDEN DE COMPARENDO PARA EL SEÑOR JERSON IVAN BULLA POR NO TENER LICENCIA DE CONDUCCION PARA ESTE TIPO DE VEHICULO N39398071;157;OTRA HIPÓTESIS (CONDUCTOR)
2150;4150;11/15/2023 10:50 PM;HERIDOS;CHOQUE;VEHICULO;-74,12571041;4,629478026;8;;2;VEHICULO 2 NO SE DIAGRAMA YA QUE FUE MOVIDO DEL LUGAR DEL ACCIDENTE SE CORRIJE CASILLA 7 3 VIA EN REPARACION ;121;NO MANTENER DISTANCIA DE SEGURIDAD
2151;4151;11/15/2023 9:05 PM;HERIDOS;CHOQUE;VEHICULO;-74,13668023;4,542555018;19;;3;LOS VEHICULOS LOS MOVIERON DE SU POSICION FINAL;122;GIRAR BRUSCAMENTE
2152;4152;11/15/2023 7:40 PM;HERIDOS;VOLVAMIENTO;;-74,09835112;4,646105246;13;;1;SE DEJA CONSTANCIA QUE EL ACCIDENTE SE CONOCE  COMO AUTOLESIONES  YA QUE EN EL LUGAR EXISTE UN REDUCTOR DE VELOCIDAD Y EL SECTOR NO TIENE LUZ POR ENDE EL CONDUCTOR NO LO VE Y PIERDE EL CONTROL DE SU MOTOCICLETA CAUSANDOSE LESIONES DE CONSIDERACION SE HACE RESPONSABLE LA SEÑORA GIMA NUÑEZ CC 52711611;308;OTRA HIPÓTESIS (VÍA)
2153;4153;11/15/2023 4:14 PM;DANOS;CHOQUE;OBJETO;-74,06583299;4,625959096;2;;;SE NOTIFICO ORDEN DE COMPARENDO NUMERO 39447067 INMOVILIZADO ALAMOS ;203;FALLAS EN LA DIRECCION
2154;4154;11/15/2023 3:37 PM;HERIDOS;CHOQUE;VEHICULO;-74,09924207;4,604702953;14;;2;RESOLUCION 01670 Y 03922 DEL 2016 Y LA CIRCULAR N001 DEL 25 05 2017 SE EXPLICA EL PROCEDIMIENTO DE TRANSITO Y NINGUNO DE LOS DOS LESIONADOS QUISO INTERPONER QUERELLA EN EL MOMENTO SE SOLICITA C A D LA VERIFICACION DE LA CAMARA QUE HAY EN EL LUGAR PERO MANIFIESTA EL SEÑOR NO PERMITE VERIFICAR;103;ADELANTAR CERRANDO
2155;4155;11/15/2023 12:56 PM;HERIDOS;CHOQUE;SEMOVIENTE;-74,16060729;4,548398265;19;;2;RESOLUCIONES 01670  03922 DE 2016 1 CIRCULAR N 001 DE 25 05 2017 LESIONADOS MANIFIESTAN LIBRE Y ESPONTANEAMENTE NO QUERELLAR ;157;OTRA HIPÓTESIS (CONDUCTOR)
2156;4156;11/15/2023 9:36 AM;HERIDOS;CAIDA;;-74,1090968;4,589273422;15;;1;SE CORRIJE CASILLA 8 2 DATOS DEL PROPIETARIO SIENDO EL CORRECTO USME ZE SAS NIT 901446504 SE CORRIJE CASILLA 8 2 SEGURO CONTRACTUAL Y EXTRACTUAL N 10004916869 02 SEGUROS BOLIVAR FECHA VENCIMIENTO 07 07 2024 ;506;OTRA HIPÓTESIS (PASAJERO O ACOMPAÑANTE)
2157;4157;11/15/2023 8:00 AM;HERIDOS;ATROPELLO;;-74,1915938;4,642819343;7;;2;ACLARA SOAT 8107193900;127;TRANSITAR EN CONTRAVIA
2158;4158;11/15/2023 7:25 AM;HERIDOS;CHOQUE;VEHICULO;-74,08740521;4,675373658;12;;1;EL CONDUCTOR DE LA BICICLETA VEHICULO 2 MANIFIESTA VOLUNTARIAMENTE NO GENERAR QUERELLA POR SUS LESIONES PARA QUE NO SE CONOZCA EL CASO POR FISCALIA SE CORRIJE CASILLA 8 1  CONDUCTOR VEHICULO 1 NO FUE TRASLADADO A CENTRO MEDICO Y NO PRESENTA LESIONES ;102;ADELANTAR POR LA DERECHA
2159;4159;11/15/2023 7:10 AM;DANOS;CHOQUE;VEHICULO;-74,08558634;4,569374364;4;;;HIPOTESIS 157 PARA AMBOS CONDUCTORES POR ESTABLECER QUIEN HACE OMISION A LA LUZ ROJA DEL SEMAFORO EN EL MOMENTO DEL ACCIDENTE SE REALIZA TAMIZAJE PARA AMBOS CONDUCTORES ARROJANDO NEGATIVO PARA LOS DOS SE NOTIFICAN ORDENES DE COMPARENDO A CONDUCTORES;157;OTRA HIPÓTESIS (CONDUCTOR)
2160;4160;11/15/2023 6:15 AM;HERIDOS;CHOQUE;VEHICULO;-74,08167536;4,643345667;13;;1;ACLARO LA PLACA DEL VEHICULO 1 IEO43G VEHICULO MOTOCICLISTA;103;ADELANTAR CERRANDO
2161;4161;11/14/2023 10:10 PM;HERIDOS;CHOQUE;OBJETO;-74,09026799;4,549613187;4;;1;VEHICULO N1 NO SE ENCUENTRA EN EL LUGAR DEL ACCIDENTE NI EL CONDUCTOR;157;OTRA HIPÓTESIS (CONDUCTOR)
2162;4162;11/14/2023 9:20 PM;HERIDOS;CHOQUE;VEHICULO;-74,11976712;4,642899142;9;;2;EL CONDUTOR DEL VEHICULO 1 MANIFIESTA QUE OTRO VEHICULO LO COLICIONA PERO SE DA A LA FIGA Y NO TIENE PLACAS EL MISMO LA HIPOTESIS SERIA PARA EL VEHICULO 2 EN FUGA ;157;OTRA HIPÓTESIS (CONDUCTOR)
2163;4163;11/14/2023 7:59 PM;HERIDOS;CHOQUE;VEHICULO;-74,08352372;4,60670826;14;;2;CORRIJO FECHA DEL INFORME ES 14 11 2023;142;SEMAFORO EN ROJO
2164;4164;11/14/2023 7:40 PM;HERIDOS;ATROPELLO;;-74,19544531;4,624479979;7;;1;SE REALIZA CORRECION DEL PUNTO 8 1 JOSE ARNULFO VELASQUEZ FLOREZ CC 80363624 CORRECION PUNTO 2 CON HERIDOS SE DEJA CONSTANCIA DE QUE LOS ACTORES VIALES ANTES RELACIONADOS NO DESEAN PROCEDIMIENTO DE TRANSITO NI QUERELLAR;127;TRANSITAR EN CONTRAVIA
2165;4165;11/14/2023 5:15 PM;HERIDOS;CHOQUE;VEHICULO;-74,1987863;4,606432441;7;;1;HIPOTESIS 121 PARA EL CONDUCTOR DE LA BICICLETA;121;NO MANTENER DISTANCIA DE SEGURIDAD
2166;4166;11/14/2023 4:07 PM;HERIDOS;CHOQUE;VEHICULO;-74,11381749;4,593513754;15;;1;CORRIJO COORDENADA GEOGRAFICAS CORRECTA AV CR 30 CLL 28 SUR CORRIJO CASILLA 8 DIRECCION DEL DOMICILIO DG 54 B BIS SIR N 01 05 PALERMO SUR ;112;DESOBEDECER SEÑALES O NORMAS DE TRANSITO
2167;4167;11/14/2023 4:00 PM;MUERTOS;CHOQUE;VEHICULO;-74,15514497;4,631696993;8;1;;SE ACLARA QUE LA CASILLA 9 DE VICTIMAS NO ERA NECESARIO TENIENDO EN CUENTA QUE EL LECCIONADO ES EL MISMO CODNUCTOR DEL VEHICULO N 2 ;127;TRANSITAR EN CONTRAVIA
2168;4168;11/14/2023 3:21 PM;HERIDOS;OTRO;;-74,15451733;4,622858513;8;;2;MENOR VA EN COMPAÑIA DE LA BAUELA MIRYAM MEDINA CC 35335531 NO SE DIAGRAMA VEHICULO YA QUE NO SE ENCUENTRA EN POSICION FINAL UYA QUE PARO EN EL PORTAL BANDERAS CORRIJO CASILLA 5 CLASE DE ACCIDENTE APRISIONAMIENTO ;157;OTRA HIPÓTESIS (CONDUCTOR)
2169;4169;11/14/2023 1:50 PM;HERIDOS;ATROPELLO;;-74,08912507;4,583251835;3;;1;VICTIMA NN SEXO MASCULINO ;157;OTRA HIPÓTESIS (CONDUCTOR)
2170;4170;11/14/2023 12:53 PM;HERIDOS;ATROPELLO;;-74,0843868;4,605358271;14;;2;SE DEJA CLARIDAD QUE POR EQUIVOCACION SE DILIGENCIA DATOS EN CASILLA N 8 LA CUAL NO CORRESPONDE LOS DATOS YA QUE ES PEATON POR ENDE SE DILIGENCIA EN LA CASILLA N 9;142;SEMAFORO EN ROJO
2171;4171;11/14/2023 12:50 PM;HERIDOS;CHOQUE;VEHICULO;-74,17303918;4,573614217;19;;4;NO SE NOTIFICAN ORDENES DE COMPARENDO YA QUE EL CONDUCTOR DEL VEHICLO N 2 SE DA A AL FUGA ACLARO GRAVEDAD DEL ACCIDENTE NO ES SOLO DAÑOS SI NO CON HERIDOS;157;OTRA HIPÓTESIS (CONDUCTOR)
2172;4172;11/14/2023 11:50 AM;MUERTOS;CAIDA;;-74,12028587;4,527527559;5;1;;SE CORRIJE MEDIDA NUMERO 1 DEL PUNTO DE REFERENCIA A 3 27 CORRIJO MEDIDA NUMERO 2 PUNTO DE REFERENCIA A 5 28 ;157;OTRA HIPÓTESIS (CONDUCTOR)
2173;4173;11/14/2023 10:45 AM;DANOS;CHOQUE;OBJETO;-74,10282776;4,67314828;10;;;ES DE ANOTAR QUE DEVIDO A LA CAIDA DE LOS DOS POSTES DE MOVISTAR SIN N SALE AFECTADA UNA MOTOCICLETA DE PLACAS OMY22D CON MULTIPLES DAÑOS PROPIETARIO FRANKIL VIVAS CC 11804424 DE IGUAL LA VIVIENDA DE NOMENCLATURA CRA 71 A N 63 50  LA VENTANA ROTA PROPIETARIA AMANDA MEDRANO CC 39525583 SALE AFECTADAS;157;OTRA HIPÓTESIS (CONDUCTOR)
2174;4174;11/14/2023 10:38 AM;HERIDOS;CHOQUE;VEHICULO;-74,11693362;4,674063661;9;;2;ACLARO HIPOTEIS PARA EL VEHICULO N1 HIPOTESIS 122 GIRAR SIN OBSERVAR;122;GIRAR BRUSCAMENTE
2175;4175;11/14/2023 10:30 AM;HERIDOS;CHOQUE;VEHICULO;-74,10073904;4,586931336;15;;1; SE ACLARA QUE POR ERROR INVOLUNTARIO LA CC DE CONDUCTOR 1 ES 1013686647 SE DEJA COBSTANCIA QUE EL VEHICULO SE ENCUENTRA DETENIDO DEJANDO AS U TRUPULANTE ;157;OTRA HIPÓTESIS (CONDUCTOR)
2176;4176;11/14/2023 10:30 AM;HERIDOS;CHOQUE;VEHICULO;-74,11391581;4,549007479;18;;2;EL VEHICULO 2 FUE MOVIDO DE SU POSICION FINAL LUEGO DEL ACCIDENTE DE TRANSITO POR ESE MOTIVO NO FUE GRAFICADO ;139;IMPERICIA EN EL MANEJO
2177;4177;11/14/2023 10:30 AM;DANOS;CHOQUE;VEHICULO;-74,12670942;4,593645519;16;;;PROPIETARIO DEL VEHICULO 2 LIMPIEZA METROPOLITANA NIT 830123461 Y LICENCIA DE TRANSITO 10030154652;121;NO MANTENER DISTANCIA DE SEGURIDAD
2178;4178;11/14/2023 10:00 AM;HERIDOS;CHOQUE;VEHICULO;-74,06857834;4,660656261;12;;2;CORRIJE CASILLA 1 CARACTERISTICAS DE LA VIA 7 4 CARRILES D0S ;121;NO MANTENER DISTANCIA DE SEGURIDAD
2179;4179;11/14/2023 8:45 AM;HERIDOS;CHOQUE;VEHICULO;-74,11071149;4,621846747;16;;2;SE ACLARA CLASE DE VEHICULO N2 AUTOMOVIL;122;GIRAR BRUSCAMENTE
2180;4180;11/14/2023 5:55 AM;HERIDOS;CHOQUE;VEHICULO;-74,1113784;4,635168104;16;;1;NO SE CORRIGE N 17 CROQUIS LA POSICION DE LA MOTOCICLETA SIENDO LA CORRECTA LA YA ESTABECIDA;132;NO RESPETAR PRELACION
2181;4181;11/14/2023 5:50 AM;HERIDOS;ATROPELLO;;-74,07629131;4,608776164;3;;1;CONDUCTOR DEL VEHICULO 1 EN FUGA POR ESTABLECER QUIEN SE PASA EL SEMAFORO EN ROJO Y EL CIUDADANO VENEZOLANO NO APORTA DOCUMENTO FISICO Y SE PRESENTA CON EL NOMBRE DE VASQUEZ ANTONIO SE ENTREGAN DILIGENCIAS A MOVIL CENREO DE TURNO YEIMY GUTIERREZ;142;SEMAFORO EN ROJO
2182;4182;11/13/2023 10:30 PM;HERIDOS;CHOQUE;VEHICULO;-74,17970685;4,603845336;7;;2;CORRIJO CASILLA 4 FECHA Y HORA SIENDO LA CORRECTA 13 11 2023 Y HORA SIENDO LA CORRECTA 22 30 LA OCURRENCIA Y 23 32 HORA DE LEVANTAMIENTO;123;NO RESPETAR PRELACION DE INTERSECCIONES O GIROS
2183;4183;11/13/2023 10:20 PM;MUERTOS;OTRO;;-74,10522859;4,697096345;10;1;;NO PRESENTAN EL VEHICULO;157;OTRA HIPÓTESIS (CONDUCTOR)
2184;4184;11/13/2023 10:01 PM;MUERTOS;CHOQUE;VEHICULO;-74,07432196;4,678299031;12;1;2;SE CORRIJE 22 01 OCURRENCIA Y LEVANTAMIENTO 22 15 SE ACLARA Y SE CORRIJE HIPOTESIS PARA EL VH 2 SIENDO LA 142;142;SEMAFORO EN ROJO