CODIGO_ACCIDENTE;FORMULARIO;FECHA;GRAVEDAD;CLASE;CHOQUE;LONGITUD;LATITUD;CODIGO_LOCALIDAD;TOTAL_MUERTOS;TOTAL_HERIDOS;TEXTO_OBSERVACIONES;CODIGO_CAUSA;DESCRIPCION
2185;4185;11/13/2023 7:03 PM;HERIDOS;CHOQUE;VEHICULO;-74,13040429;4,707445257;10;;3;CORRIJE PLACA DEL VH 2 ES VDW769 CORRIJO RTM DEL VH2 ES 163096572;104;ADELANTAR INVADIENDO CARRIL DE SENTIDO CONTRARIO
2186;4186;11/13/2023 6:00 PM;HERIDOS;CHOQUE;VEHICULO;-74,17247025;4,607342932;8;;3;SE NOTIFICA COMPARENDO AL CONDUCTOR DEL VH1 INFRACCION D01 COMPARENDO N 39440774 SE DEJA CONSTANCIA QUE EL CONDUCTOR DEL VH2 FUE TRASLADADO A LA CLINICA MEDICAL PRESENTANDO TX EN TORAX SINDROME DE LATIGAZO;139;IMPERICIA EN EL MANEJO
2187;4187;11/13/2023 5:57 PM;HERIDOS;CHOQUE;VEHICULO;-74,02925906;4,706107942;1;;3;SE CORRIGE VH2 157 ARTICULO 74 DEL CODIGO NACIONAL DE TRANSITO VH1 112 OMITIR SEÑAL DE PARE;157;OTRA HIPÓTESIS (CONDUCTOR)
2188;4188;11/13/2023 5:30 PM;HERIDOS;CHOQUE;OBJETO;-74,08561138;4,572760046;4;;1;CHOQUE CON OBJETO FIJO INMUEBLE PORTON PRINCIPAL BOBLADO DEL CENTRO SAN CRISTOBAL SE INGRESA AL RUNT CON EL 08 CHASIS 96JB37PFNT048067;139;IMPERICIA EN EL MANEJO
2189;4189;11/13/2023 4:05 PM;HERIDOS;CHOQUE;VEHICULO;-74,07561654;4,60573478;14;;1;NO SE DIAGRAMA LOS VEHICULOS YA QUE FUERON MOVIDOS DE SU POSICION FINAL ;112;DESOBEDECER SEÑALES O NORMAS DE TRANSITO
2190;4190;11/13/2023 4:00 PM;HERIDOS;CHOQUE;VEHICULO;-74,10842874;4,673815749;10;;1;VEHICULO 2 ES DE TRACCION HUMANA CARROZA DE RECICLAJE NO TIENE NUMEROS DE IDENTIFICACION HECHA DE MADERA DE 1 EJE ;121;NO MANTENER DISTANCIA DE SEGURIDAD
2191;4191;11/13/2023 3:45 PM;DANOS;CHOQUE;VEHICULO;-74,07850889;4,599133626;3;;;CONDUCTOR VEH 2 NO PRESENTA LICENCIA DE CONDUCCION SE REALIZA COMPARENDO 39439605 POR LA INFRACCION B1 SE REALIZA PRUEBA DE ALCOHOLEMIA AL CONDUCTOR  VEH N 2 EL CUAL SE NIEGA A REALIZARLA SE REALIZA COMPARENDO N 39439945 INFRACCION F ;115;EMBRIAGUEZ O SUSTANCIAS ALUCINOGENAS
2192;4192;11/13/2023 2:33 PM;HERIDOS;ATROPELLO;;-74,10961061;4,627392429;16;;1;SE CORRIJE CASILLA 51 ERROR HUMANO SE MARCA CONDUCTOR DEL VEHICULO PLACA KIU532 SE RETIRA DEL  LUGAR SIN PRESENTAR DOCUMENTOS ;157;OTRA HIPÓTESIS (CONDUCTOR)
2193;4193;11/13/2023 2:00 PM;HERIDOS;CHOQUE;VEHICULO;-74,06618116;4,736701227;11;;1;ES DE ANOTAR QUE LA AV BOYACA SE ENCUENTRA CON CICLORUTA ACTIVA POR ENDE EL CARRIL NORTE SUR SE ENCUENTRA EN CONTRA FLUJO COMO SE PLASMA EN EL CROQUIS;157;OTRA HIPÓTESIS (CONDUCTOR)
2194;4194;11/13/2023 12:51 PM;HERIDOS;CHOQUE;VEHICULO;-74,05950276;4,699577959;11;;3;HIPOTESIS VEHICULO 2 N 112;112;DESOBEDECER SEÑALES O NORMAS DE TRANSITO
2195;4195;11/13/2023 12:35 PM;HERIDOS;CHOQUE;VEHICULO;-74,09841101;4,586599509;15;;1;8 9 LUGAR DE IMPACTO PARTE LATERAL IZQUIERDA SE REALIZA ORDEN DE COMPARENDO AL CONDUCTOR DEL VH1 YA QUE NO TIENE LICENCIA NUNCA LA HA OBTENIDO 39440587;157;OTRA HIPÓTESIS (CONDUCTOR)
2196;4196;11/13/2023 9:08 AM;HERIDOS;CHOQUE;VEHICULO;-74,07491353;4,724476505;11;;1;NO SE FIJA LA BICICLETA YA QUE FUE MOVIDA DE SU POSICION FINAL ;157;OTRA HIPÓTESIS (CONDUCTOR)
2197;4197;11/13/2023 8:55 AM;HERIDOS;CHOQUE;VEHICULO;-74,12488575;4,726113495;10;;1;NO SE DIAGRAMAN LOS VEHICULOS YA QUE SE MOVIERON AL MOMENTO DEL EVENTO Y LA HIPOTESIS ES PARA EL VEHICULO 2 LA CICLA YA QUE OBSTRUYE EL PASO DEL VEHICULO 1 EL EVENTO NO SE CONOCE POR FISCALIA YA QUE EL CONDUTOR MANIFIESTA NO DESEARLO;103;ADELANTAR CERRANDO
2198;4198;11/13/2023 8:20 AM;DANOS;CHOQUE;OBJETO;-74,09083096;4,558451387;4;;;CHOCA COBTRA POSTE DE ETB 28023 GENERA DAÑOS FISICOS AL POSTE SE DESCONOCE ALGUN TIPO DE DESCONEXION POR VERSION DEL CONDUTOR SE SUELTA LA CAJA DE LA DIRECCION;157;OTRA HIPÓTESIS (CONDUCTOR)
2199;4199;11/13/2023 5:57 AM;HERIDOS;CHOQUE;VEHICULO;-74,11447135;4,614473083;16;;1;CAMARA 8500;132;NO RESPETAR PRELACION
2200;4200;11/13/2023 5:57 AM;HERIDOS;CHOQUE;VEHICULO;-74,0900567;4,582270602;15;;2;HIPOTESIS DE ACCIDENTALIDAD  VEHICULO 2 N 142 PASAR CUANDO EL SEMAFORO ESTA EN ROJO;142;SEMAFORO EN ROJO
2201;4201;11/12/2023 23:59;HERIDOS;ATROPELLO;;-74,09097312;4,513181135;5;;3;SE CORRIJE HIPOTESIS DE LA CASILLA N 11 POR 139;139;IMPERICIA EN EL MANEJO
2202;4202;11/12/2023 23:50;HERIDOS;CHOQUE;VEHICULO;-74,16108219;4,588546795;19;;2;SE CORRIJE CASILLA 8 1 GRAVEDAD HERIDO VH1;121;NO MANTENER DISTANCIA DE SEGURIDAD
2203;4203;11/12/2023 23:30;HERIDOS;CHOQUE;VEHICULO;-74,07320959;4,616154128;3;;3;ACLARA FECHA DE OCURRENCIA 12 11 2023 23 30 PROPIETARIO VH2 PEDRO JESUS BENITEZ POR VERSION DE LOS DOS CONDUCTORES UN 3 VEHICULO DE PLACAS QER765 QUE SE RETIRA DEL LUGAR DESCONOCIENDO ;122;GIRAR BRUSCAMENTE
2204;4204;11/12/2023 20:08;HERIDOS;ATROPELLO;;-74,10202114;4,509870849;5;;1;NO SE RELACIONA CONDUCTOR YA QUE SE RETIRO DEL LUGAR DE LOS HECHOS AL IGUAL QUE EL VEHICULO DE PLACAS OTA85G;157;OTRA HIPÓTESIS (CONDUCTOR)
2205;4205;11/12/2023 19:20;HERIDOS;CHOQUE;VEHICULO;-74,11406999;4,616484718;16;;2;CONDUCTOR DEL VEHICULO 2 COMUNIDAD MANFIESTA SE DA A LA FUGA DEL LUGAR DE LOS HECHOS ;112;DESOBEDECER SEÑALES O NORMAS DE TRANSITO
2206;4206;11/12/2023 18:00;HERIDOS;CHOQUE;VEHICULO;-74,1659495;4,621062227;8;;2;NO SE TOMAN MEDIDAS YA QUE NO SE ENCONTRABAN LOS VEHICULOS EN POSICION FINAL YA ORILLADOS A UN LADO DE LA VIA CORRIJO CASILLA 8 1 CONDUCTOR N1 PERMISO POR PROTECCION TEMPORAL N 4777669;157;OTRA HIPÓTESIS (CONDUCTOR)
2207;4207;11/12/2023 17:21;HERIDOS;ATROPELLO;;-74,07072795;4,608046664;3;;1;SE CORRIJE EL NUMERO DE SOAT DEL VH1 84298692606109610 VIGENTE EL 15 11 2023 SE REALIZA ORDEN DE COMPARENDO POR LA INFRACCION C14 AL CONDUCTOR DEL VH1 PÓR TRANSITAR POR LA CICLORUTA  N 11001000000039255085;97;TRANSITAR POR VIAS PROHIBIDAS
2208;4208;11/12/2023 17:10;HERIDOS;CHOQUE;VEHICULO;-74,14859233;4,610718121;8;;2;SE REALIZA ORDEN DE COMPARENDO CONDUCTOR VEHICULO 2 POR INFRACCION C31 N 39440743 SE CORRIJE PLACA VH 2 XOO50D;112;DESOBEDECER SEÑALES O NORMAS DE TRANSITO
2209;4209;11/12/2023 16:40;HERIDOS;CHOQUE;VEHICULO;-74,18976573;4,605437137;7;;3;CASILLA 3 DIRECCION CALLE 68A SUR CON CRA 79 C;143;PONER EN MARCHA UN VEHICULO SIN PRECAUCIONES
2210;4210;11/12/2023 15:30;HERIDOS;CHOQUE;VEHICULO;-74,09538038;4,748354527;11;;1;EXISTE SEÑAL SR02 EN LA CICLORUTA ;112;DESOBEDECER SEÑALES O NORMAS DE TRANSITO
2211;4211;11/12/2023 15:20;HERIDOS;OTRO;;-74,14032576;4,553708184;19;;2;PEATONES FUERON GOLPEADOS CON LOS TAPA DEL COTALIZADOR PARTE LATERAL DEL VEHICULO AL MOMENTO DE SALIR EXPULSADA ;217;OTRA HIPÓTESIS (VEHÍCULO)
2212;4212;11/12/2023 15:15;HERIDOS;CHOQUE;VEHICULO;-74,08670572;4,737814237;11;;3;SE CORRIJE ILUMINACION YA QUE EL ACCIDENTE FUE DE DIA CONDUCTOR DEL VEHICULO 1 JHONY JAVIER RODRIGUEZ ;157;OTRA HIPÓTESIS (CONDUCTOR)
2213;4213;11/12/2023 14:06;HERIDOS;VOLVAMIENTO;;-74,02371837;4,671733928;2;;1;SE DEJA CONSTANCIA QUE SE LE ENTREGA COPIAS Y DOCUMENTOS AL SEÑOR CONDUTOR TAMBIEN SE DEJA CONSTANCIA QUE NO SE DIAGRAMA MOTOCICLETA YA QUE EK AMIGO HABIA GUARDADO EN SU RESIDENCIA ;157;OTRA HIPÓTESIS (CONDUCTOR)
2214;4214;11/12/2023 13:00;HERIDOS;CHOQUE;VEHICULO;-74,05576911;4,70725205;11;;2;NOTA EL VEHICULO CHOCA CONTRA LA REJAS DE LA IGLESIA DE JESUCRISTO DE LOS SANTOS DE LOS ULTIMOS DIAS COMO RESPONSABLE EL SEÑOR CARLOS DANIEL GOMEZ ALDANA CC 12131223;121;NO MANTENER DISTANCIA DE SEGURIDAD
2215;4215;11/12/2023 10:00;DANOS;CHOQUE;VEHICULO;-74,05575303;4,707268688;11;;;CORRIJO LA CASILLA 88 MATERIALES DEL VEHICULO ESPEJO IZQUIERDO RAYADO SE DEJA CONSTANCIA QUE POR AUSENCIA LEGITIMA DE QUERELLANTE NO SE CONOCE EL CASO POR FISCALIA;157;OTRA HIPÓTESIS (CONDUCTOR)
2216;4216;11/12/2023 9:30;DANOS;CHOQUE;OBJETO;-74,07456604;4,728036172;11;;;ONBDUCTOR PIERDE EL CONTROL DEL VEHICULO COLISIONANDO CONTRA EL SEMAFORO UBICADO EN LA CALLE 136 CON AVENIDA SUBA ;157;OTRA HIPÓTESIS (CONDUCTOR)
2217;4217;11/12/2023 6:43;HERIDOS;CHOQUE;VEHICULO;-74,11787836;4,704918975;10;;3;ANEXO VH 3 ;121;NO MANTENER DISTANCIA DE SEGURIDAD
2218;4218;11/12/2023 6:31;HERIDOS;ATROPELLO;;-74,16866598;4,638535645;8;;2;EL CROQUIS NO SE REALIZA A ESCALA ES DE ANOTAR QUE EL CONDUCTOR DEL VEHICULO EMPRENDE LA HUIDA DEL LUGAR DE LOS HECHOS DESCONOCIENDO SU PARADERO SE ANEXA FORMATO PRIMER RESPONSABLE POR PARTE DE LA UNDAD DE VIGILANCIA ;157;OTRA HIPÓTESIS (CONDUCTOR)
2219;4219;11/12/2023 5:34;DANOS;CHOQUE;OBJETO;-74,1152495;4,613667317;16;;;SE NOTIFICA ORDEN DE COMPARENDO N 39336556 PR D02 N 39336557 POR C35 Y  COMPARENDO INFRACCION F N 39440579 SE DEJA CONSTANCIA CONSECUTIVO QUEDA 2023 DEBIDO  A QUE NO HABIA SISTEMA SE CONOCE EL EVENTO COMO SOLO DAÑOS DEBIDO A QUE INSISTE HACER TRASLADO POSTE CODENSA N 3607211 SE ANEXA DOCUMENTACION;115;EMBRIAGUEZ O SUSTANCIAS ALUCINOGENAS
2220;4220;11/12/2023 4:45;MUERTOS;CHOQUE;VEHICULO;-74,11829142;4,688692638;10;1;;ES DE ANOTAR QUE NO SE PUDO REALIZAR LA PRUEBA DE ALCOHOLEMIA AL CONDUCTOR N 2 YA QUE CUANDO LLEGAMOS A LA CLINICA ESTABAN LOS MEDICOS TRATANDO DE SALVAR LA VIDA DEL SEÑOR Y FACELLIO EN EL CENTRO MEDICO  ;142;SEMAFORO EN ROJO
2221;4221;11/12/2023 1:55;HERIDOS;CHOQUE;VEHICULO;-74,10690276;4,607817336;16;;1;INICIALMENTE EL ACCIDENTE DE TRANSITO SE HIBA A REALIZAR CON LESIONADO PERO EL LESIONADO NO QUISO QUERELLAR POR LAS LESIONES DE IGUAL FORMA SE LE INDICA QUE TIENE 6 MESES PARA INTERPONERLA SE DEJA CONSTANCIA QUE AL LLEGAR AL LUGAR DE LOS HECHOS LA BICICLETA DONDE SE TRASLADABA YA NO ESTABA EN VIA DE;121;NO MANTENER DISTANCIA DE SEGURIDAD
2222;4222;11/11/2023 21:42;HERIDOS;CHOQUE;VEHICULO;-74,16823951;4,613838123;8;;3;NO SE DIAGRAMA EL VH 2 YA QUE FUE CORRIDO DE SU POSICION FINAL NO ES POSIBLE DILIGENCIAR EL SOAT VH 2 Y LICENCIA DE CONDUCTOR VH 2 YA QUE LA PLATAFORMA DEL RUNT NO ESTABA FUNCIONANDO ;103;ADELANTAR CERRANDO
2223;4223;11/11/2023 21:20;HERIDOS;CHOQUE;OBJETO;-74,09524588;4,604683941;14;;2;CONDUCTOR VH 1 MANIFIESTA TRANSITAR POR LA CALLE 6 CON CR 27 AL ORIENTE Y UN HABITANTE DE CALLE SE PEGO AL ESPEJO EL CUAL PIERDE EL CONTROL DE VEHICULO Y CHOCA CONTRA UN ESTABLECIMIENTO OXXO OCASIONANDO DAÑOS TALES COMO PUERTA PRINCIPAL ENTRADA MUEBLE AGUA ESTRUCTURA METALICA Y CONCRETO VICTIMAS SE ;145;ARRANCAR SIN PRECAUCION
2224;4224;11/11/2023 21:00;HERIDOS;CHOQUE;VEHICULO;-74,06361727;4,661412953;12;;2;CORRIJE LOCALIDAD BARRIOS UNIDOS GRAVEDAD CON HERIDOS DIRECCION  DE LOS HECHOS CALLE 72 A CARRERA 20 B DISEÑO INTERSECCION CONDUCTOR KEVIN ALBERTO CANDIA TRUJILLO CC 1193107900 COLOMBIA FECHA DE NACIMIENTO 23 02 2000 DEL VH1  VEHICULO DE PLACAS FSZ64G ;112;DESOBEDECER SEÑALES O NORMAS DE TRANSITO
2225;4225;11/11/2023 20:45;HERIDOS;VOLVAMIENTO;;-74,15050685;4,562490646;19;;3;SE CORRIGE CASILLA N 5 CLASE DE ACCIDENTE PRIMERAMENTE OCURRE VOLCAMIENTO DE LA MOTOCICLETA Y LUEGO ATROPELLO DE PEATONES SE REALIZO ORDEN DE COMAPRENDO AL CONDUCTOR VEHICULO N1 POR INFRACCION B 01 COMPARENDO N 39439650 SE DEJA CONSTANCIA DE LA FALLA DEL SISTEMA DEL RUNT;139;IMPERICIA EN EL MANEJO
2226;4226;11/11/2023 20:40;HERIDOS;CHOQUE;VEHICULO;-74,17225593;4,616285906;8;;1;SE CORRIJE APELLIDOS Y NOMBRE DEL CONDUCTOR 2 SIENDO WILLIAM GUILLERMO RINCON NUMERO DE POLIZA SOAT VH 1 86219661;157;OTRA HIPÓTESIS (CONDUCTOR)
2227;4227;11/11/2023 20:30;DANOS;CHOQUE;VEHICULO;-74,10308329;4,601224356;14;;;CORRIJO TIPO DE DOCUMENTO DEL CONDCUTOR DEL VEHICULO 2 SIENDO CORRECTO CEDULA DE IDENTIDAD VENEZOLANA CASILLA 3 SIENDO CORRECTO CARRERA 30 CON CALLE 1 G 26;157;OTRA HIPÓTESIS (CONDUCTOR)
2228;4228;11/11/2023 19:45;HERIDOS;CHOQUE;VEHICULO;-74,06515359;4,75077328;11;;1;NO ES POSIBLE ESTABLECER LA LICENCIA DE TRANSITO MODELO MATRICULA Y PROPIETARIO DE LA MOTOCICLETA YA QUE EL CONDUCTOR NO PRESENTA NINGUNA DOCUMENTACION Y LA PLATAFORMA RUNT SE ENCUENTRA INHABILITADA TOMO EN PAGINA COMO EN LA COMPARENDERA;142;SEMAFORO EN ROJO
2229;4229;11/11/2023 18:30;HERIDOS;OTRO;;-74,12668137;4,649341542;9;;1;CASO CONOCIDO EN LA TV 5 O N 48 D SUR CASO OCURRIDO AV BOYACA CALLE 17 SECTOR  FONTIBON CORRIJO TIPO DE ACCIDENTE APRISIONAMIENTO ;157;OTRA HIPÓTESIS (CONDUCTOR)
2230;4230;11/11/2023 18:20;HERIDOS;CHOQUE;VEHICULO;-74,15661482;4,611669897;8;;2;NO SE DIAGRAMA EL VH 2 YA QUE FUE MOVIDO DE SU POSICION FINAL SE CORRIJE CASILLA 7 4 CARRILES UNO ;157;OTRA HIPÓTESIS (CONDUCTOR)
2231;4231;11/11/2023 18:10;HERIDOS;ATROPELLO;;-74,19590829;4,620841219;7;;2;CONDUCTOR DEL VH1 MOTOCICLISTA JNE83G HUYE DEL LUGAR DE LOS HECHOS Y DEJA LA MOTOCICLETA EN EL LUGAR DE LOS HECHOS LA SEGUNDA PERSONA LESIONA ES MAIRA ALEJANDRA VARGAS TABERA CO CC 1023908471 TRAUMA EN PIE DERECHO CLINICA MEDICAL PROHINKO;157;OTRA HIPÓTESIS (CONDUCTOR)
2232;4232;11/11/2023 17:29;HERIDOS;CHOQUE;VEHICULO;-74,1065487;4,649640367;13;;2;CORRIJE VIA CURVA CORRIJE VICTIMA ES CONDUCTOR ;112;DESOBEDECER SEÑALES O NORMAS DE TRANSITO
2233;4233;11/11/2023 17:11;MUERTOS;ATROPELLO;;-74,15455122;4,547603519;19;1;1;NO SE DIAGRAMA MOTOCICLETA YA QUE FUE MOVIDA DEL LUGAR DE LOS HEHCOS POR CIUDADANIA PRESENTANDO CONGESTION VIAL SEGUN PRIMER RESPONSABLE SE ENTREGA DILIGENIAS A MOVIL PRIMER TURNO;157;OTRA HIPÓTESIS (CONDUCTOR)
2234;4234;11/11/2023 16:45;HERIDOS;CHOQUE;OBJETO;-74,15100642;4,544846479;19;;2;ES DE ANOTAR QUE EL INMUEBLE TIENE DAÑO EN LA PUERTA GARAJE EN LA FACHADA Y CONTADOR PRESENTANDOSE EL SEÑOR JULIO CESAR HERRERA MENDIVELSO DE CC 79504718 COMO RESPONSABLE DE LA RESIDENCIA;202;FALLAS EN LOS FRENOS
2235;4235;11/11/2023 16:30;HERIDOS;OTRO;;-74,08111898;4,627172903;13;;1;SE DEJA CONSTANCIA QUE NO SE DIAGRAMA LA POSICION FINAL YA QUE FUE MOVIDO DE SU POSICION FINAL LLAMAN A TRANSITO DESPUES QUE OCURRE EL ACCIDENTE ;506;OTRA HIPÓTESIS (PASAJERO O ACOMPAÑANTE)
2236;4236;11/11/2023 16:08;HERIDOS;CHOQUE;VEHICULO;-74,11118491;4,560992306;18;;2;ANEXO 1 CONDUCTORES VEHICULOS PROPIETARIOS SE LE ENTREGA CASO A LA MOVIL 15 CENTRO LEIDY HOYOS ;103;ADELANTAR CERRANDO
2237;4237;11/11/2023 15:50;HERIDOS;CHOQUE;VEHICULO;-74,12858573;4,586647932;6;;1;HIPOTESIS DE ACCIDENTALIDAD VEHICULO N 1 122 GIRAR BRUSCAMENTE ;122;GIRAR BRUSCAMENTE
2238;4238;11/11/2023 14:50;HERIDOS;CAIDA;;-74,19973556;4,607133711;7;;1;PASAJERO MANIFIESTA NO INTERPOER QUERELLA POR LAS LESIONES QUE PRESENTA;119;FRENAR BRUSCAMENTE
2239;4239;11/11/2023 14:48;HERIDOS;CHOQUE;VEHICULO;-74,09505374;4,687300612;10;;1;EL CONDUCTOR DEL CH 1 NO DESEA QUERELLAR DE MANERA VOLUNTARIA CIRULAR 001 DE LA FISCALIA POR LO QUE NO CONOCE CASO SIN QUERELLA DE IGUAL MANERA AL HACER VERIFICAION EN EL RUNT EL VEHICULO 1 PRESENTA REVISION VENCIDA ;102;ADELANTAR POR LA DERECHA
2240;4240;11/11/2023 14:14;HERIDOS;CHOQUE;VEHICULO;-74,08631948;4,677224374;12;;1;CARACTERISTICAS DEL LUGAR AREA URBANA ;121;NO MANTENER DISTANCIA DE SEGURIDAD
2241;4241;11/11/2023 11:49;HERIDOS;CAIDA;;-74,18314723;4,603873854;7;;2;506 PARA LOS DOS PASAJEROS NO SUJETARSE A LOS ELEMENTOS DE SEGURIDAD DE BUS ;506;OTRA HIPÓTESIS (PASAJERO O ACOMPAÑANTE)
2242;4242;11/11/2023 11:29;HERIDOS;CHOQUE;VEHICULO;-74,04813287;4,725999281;1;;2;SE CORRIJE CONDUCTOR N 2 SE TRASLADA PARA LA CLINICA ALCALA CON POLITRAMATISMOS ;112;DESOBEDECER SEÑALES O NORMAS DE TRANSITO
2243;4243;11/11/2023 11:12;HERIDOS;VOLVAMIENTO;;-74,07583741;4,651710155;12;;1;CONDUCTOR MANIFIESTA CAERSE DE LA MOTOCICLETA SOLO NINGUN VEHICULO LO TOCA NO SE DIAGRAMA MOTOCICLETA YA QUE FUE MOVIDA DE SU POSICION FINAL ;121;NO MANTENER DISTANCIA DE SEGURIDAD
2244;4244;11/11/2023 9:25;HERIDOS;CHOQUE;VEHICULO;-74,04980434;4,689473226;1;;2;NO SE FIJAN LAS MOTOCICLETAS YA QUE FUERON MOVIDOS DE SU POSICION FINAL;112;DESOBEDECER SEÑALES O NORMAS DE TRANSITO
2245;4245;11/11/2023 7:51;HERIDOS;CHOQUE;VEHICULO;-74,14097754;4,595486863;6;;3;CORRIJO CIUDAD DONDE RECIDE LA VICTIMA N 1 ES SOACHA FECHA NACIMIENTO VICTIMA  N 1 23 03 2004;122;GIRAR BRUSCAMENTE
2246;4246;11/11/2023 7:40;HERIDOS;CHOQUE;VEHICULO;-74,06519393;4,671002902;12;;3;CORRIJO CASILLA 82 LINEA VH1 XTZ125 SE REALIZO ORDEN DE COMPARENDO AL CONDUCTOR N 2 POR INFRACCION D12 N DE COMPARENDO 39439348;157;OTRA HIPÓTESIS (CONDUCTOR)
2247;4247;11/11/2023 7:01;DANOS;CHOQUE;OBJETO;-74,12673233;4,57607369;18;;;VH HOCA ON POSTE DE LUZ 2023197 AFECTANDO LA BASE DEL POSTE AL LLEGAR AL LUGAR HACE PRESENIA EL SR FERNANDO CRIOLLO CC 79303141 MANIFIESTA QUE EL NO CONDUCE EL VH SI NO SU PADRE Y EL ES EL PROPIETARIO DEL VH SE LE HACE ENTREGA DEL MISMO;157;OTRA HIPÓTESIS (CONDUCTOR)
2248;4248;11/11/2023 6:30;HERIDOS;CHOQUE;VEHICULO;-74,08290576;4,592384524;3;;1;LA CONDUCTORA DEL VEHICULO 1 MANIFIESTA HABER CHOCADO CON UN SITP Y UN FURGON SE DESCONOCEN LOS VEHIULOS YA QUE EMPRENDEN LA HUIDA ;157;OTRA HIPÓTESIS (CONDUCTOR)
2249;4249;11/11/2023 6:09;HERIDOS;CHOQUE;VEHICULO;-74,09651388;4,594284663;14;;1;CAMARA 8024;157;OTRA HIPÓTESIS (CONDUCTOR)
2250;4250;11/11/2023 1:50;HERIDOS;CHOQUE;VEHICULO;-74,03999237;4,669348856;2;;2;VEHICULO N 2 FUE DEJADO EN ESTADO DE ABANDONO SIN OCUPANTES APROXIMADAMENTE A 500 METROS DEL LUGAR DE LOS HECHOS SE INGRESA  MATRICULA EN EL RUNT Y EL SISTEMA ESTA SIN SERVICIO ;104;ADELANTAR INVADIENDO CARRIL DE SENTIDO CONTRARIO
2251;4251;11/11/2023 1:00;HERIDOS;CHOQUE;VEHICULO;-74,11959914;4,619742115;16;;2;CORRIJO FECHA EXPEDICION DE LICENCIA DEL CONDUCTOR N 2 SIENDO 10 03 2023  HIPOTESIS 308 PARA LA VIA AUSENCIA DE ILUMINACION ARTIFICIAL Y DE DISPOSITIVOS SEMAFORICOS;308;OTRA HIPÓTESIS (VÍA)
2252;4252;11/11/2023;HERIDOS;CHOQUE;VEHICULO;-74,04578594;4,690526474;1;;2;LICENCIA DE TRANSITO CONSULTADA EN EL RUNT ES 10029598025 SE LE NOTIFICA ORDEN DE COMPARENDO POR C35 N 39438817 D02 N 39438814 CIRCULAR 001 DEL 25 05 2017 RESOLUCION 01670 03922 DEL 2016;122;GIRAR BRUSCAMENTE
2253;4253;11/10/2023 21:48;HERIDOS;CHOQUE;VEHICULO;-74,08105163;4,595155339;3;;1;SE CORRIJE A DISPOSICION DE QUE ENTIDAD QUEDARON LOS VEHICULOS PUENTE ARANDA ;121;NO MANTENER DISTANCIA DE SEGURIDAD
2254;4254;11/10/2023 21:45;HERIDOS;CHOQUE;VEHICULO;-74,11184696;4,646368435;13;;2;NO SE INTERPONE QUERELLA LOS LESIONADOS SE CORRIJE CARACTERISTICAS DE LA VIA CASILLA 7 VIA 1 73 CALZADAS UNA NO SE ESTABLECEN DAÑOS DE LA MOTOCICLETA YA QUE CUANDO  SE LLEGA AL LUGAR SE LA HABIAN LLEVADO DEL MISMO Y EL VEHICULO 1 SE DA A LA FUGA ;103;ADELANTAR CERRANDO
2255;4255;11/10/2023 21:40;HERIDOS;OTRO;;-74,14315577;4,675229216;9;;1;CORRIJO CASILLA 8 ELLA ES VICTIMA PASAJERA DEL BUS;157;OTRA HIPÓTESIS (CONDUCTOR)
2256;4256;11/10/2023 20:30;DANOS;CHOQUE;VEHICULO;-74,06664012;4,630868223;2;;;LAS SEÑORITAS MENSIONADAS COMO TESTIGO FUERON VALORADAS POR LAS AMBULANCIAS N 6804 RKV143 Y N 6958 CWF909 LAS CUALES DESISTEN DE TRASLADO EN AMBULANCIA A LAS CUALES VOLUNTARIAMENTE DESISTEN DE CONOCER EL CASO POR FISCALIA EN PRESENCIA DE AMBOS CONDUCTORES COMO TESTIGOS ;306;HUECOS
2257;4257;11/10/2023 20:30;HERIDOS;CHOQUE;VEHICULO;-74,16218463;4,595188263;19;;3;ES DE ANOTAR QUE NO SE TIENEN DATOS DEL CICLISTA YA QUE NO ES POSIBLE HABLAR CON EL Y LA AMBULANCIA SOLO PROPORCIONA NOMBRE Y CEDULA POR SU ESTADO DE SALUD ACLARO CEDULA CONDUCTOR N2 93083370 SE CORRIGE DISEÑO DE LA VIA TRAMO DE VIA AL CONDUCTOR DE LA MOTOCICLETA SE LE NOTIFICA LA ORDEN DE COMPAREND;157;OTRA HIPÓTESIS (CONDUCTOR)
2258;4258;11/10/2023 20:20;HERIDOS;CHOQUE;VEHICULO;-74,14305267;4,716884875;10;;2;CORRIJO CASILLA 3 CALLE 64 CON CRA 126;104;ADELANTAR INVADIENDO CARRIL DE SENTIDO CONTRARIO
2259;4259;11/10/2023 19:00;DANOS;CHOQUE;OBJETO;-74,11338968;4,56049411;18;;;ANEXO VEHICULOS 00918 VIVIENDA AFECTADA CLL 48 B SUR N 9 11  BARRIO SARAZOTA PROPIETARIO EMILIA BARRERA DE MOLINA CC 41394359 Y HEIDY DEL PILAR MOLINA BARRERA CC 52459882 CEL 3107731562 3108799106 PRESENTANDO DAÑOS EN LA PUERTA PRINCIPAL DE LA VIVIENDA MODULO DEL GAS Y ANDEN E INTERNOS POR ESTABLER ;115;EMBRIAGUEZ O SUSTANCIAS ALUCINOGENAS
2260;4260;11/10/2023 19:00;DANOS;CHOQUE;VEHICULO;-74,10648433;4,578824879;18;;;CONDUCTOR N 1 NO PRESENTA DE NINGUNA MANERA LICENCIAS DE CONDUCCION Y LICENCIAS DE TRANSITO DE VEHICULOS ;121;NO MANTENER DISTANCIA DE SEGURIDAD