CODIGO_ACCIDENTE;FORMULARIO;FECHA;GRAVEDAD;CLASE;CHOQUE;LONGITUD;LATITUD;CODIGO_LOCALIDAD;TOTAL_MUERTOS;TOTAL_HERIDOS;TEXTO_OBSERVACIONES;CODIGO_CAUSA;DESCRIPCION
2261;4261;11/10/2023 18:20;DANOS;CHOQUE;OBJETO;-74,09866972;4,50259913;5;;;EN EL LUGAR SE ENCUENTRA EL SEÑOR MIGUEL ANDRES MARIN BARON CC 1002547929 QUIEN MANIFIESTA SER EL RESPONSABLE DEL VEHICULO LA HIPOTESIS SE DEJA SEGUN LO MANIFESTADO POR EL CHOQUE ON POSTE DE CODENSA 2167631 Y 2064559;217;OTRA HIPÓTESIS (VEHÍCULO)
2262;4262;11/10/2023 17:55;HERIDOS;CHOQUE;VEHICULO;-74,12116598;4,547475365;6;;2;ACCIDENTE ATENDIDO POR PERSONAL SDM VEHICULO 1 NO TIENE PRTELACION AL GIRO O INCORPORACION A VIA DE MAYOR RANGO SE CORRIGE CASILLA 9 LA VICTIMA ES LA MISMA CONDUCTORA NO HAY PASAJERO;132;NO RESPETAR PRELACION
2263;4263;11/10/2023 17:29;HERIDOS;CHOQUE;VEHICULO;-74,12846101;4,664058062;9;;3;CATEGORIA DEL PRIMER CONDUCTOR C1 SE CORRIGE DIRECCION CALLE 22 CRA 82 VEHICULO SIN AGENTES DE TRANSITOITEN N 7 9;157;OTRA HIPÓTESIS (CONDUCTOR)
2264;4264;11/10/2023 16:45;HERIDOS;CHOQUE;VEHICULO;-74,13787422;4,588877728;6;;2;SE CORRIJE DESCRIPCION DE LAS LESIONES VH 1 YA QEU FUE REMITIDO PARA UN CENTRO CLINICO SANTA JULIANA PRESENTANDO TRAUMA SERVICAL SINDROME LATIGAZO ;112;DESOBEDECER SEÑALES O NORMAS DE TRANSITO
2265;4265;11/10/2023 16:40;HERIDOS;CHOQUE;VEHICULO;-74,1301736;4,601224356;16;;2;CORRIJO CASILLA 8 LICENCIA CONDUCCION V 1 VIGENCIA 16 10 2028;157;OTRA HIPÓTESIS (CONDUCTOR)
2266;4266;11/10/2023 16:30;HERIDOS;CHOQUE;VEHICULO;-74,10411326;4,576822314;18;;3;ANEXO 2377 CONDUCTOR VEHICULO N 3 ;112;DESOBEDECER SEÑALES O NORMAS DE TRANSITO
2267;4267;11/10/2023 16:15;HERIDOS;CHOQUE;VEHICULO;-74,14873449;4,624344968;8;;1;SE DEJA CONSTANCIA QUE REALIZANDO LABORES DE VENCINDARIO LOS COMERCIANTES DEL SECTOR MANIFIESTAN SUMINISTRAR LA PLACA DEL VEHICULO N 1 RPM99G;157;OTRA HIPÓTESIS (CONDUCTOR)
2268;4268;11/10/2023 15:59;HERIDOS;CHOQUE;VEHICULO;-74,17477337;4,636092131;8;;2;DEJO ACLARACION DE LA FECHA DE VENCIMIENTO DEL SOAT DEL VEHICULO N 1 ES 11 11 23;102;ADELANTAR POR LA DERECHA
2269;4269;11/10/2023 15:50;DANOS;CHOQUE;VEHICULO;-74,08312527;4,629974102;13;;;VEHICULO 2 FALLAS EN LOS FRENOS SE REALIZA COMPARENDO AL VH 2 POR FALLAS MECANICAS POR MAL ESTADO COMPARENDO N 39397003;202;FALLAS EN LOS FRENOS
2270;4270;11/10/2023 15:00;HERIDOS;ATROPELLO;;-74,06300126;4,747002164;11;;1;RECONOCIMIENTO HOSPITALARIO EN LA CLINICA COLINA NO SE FIJA LA BICICLETA YA QUE FUE MOVIDA DEL LUGAR DE LOS HECHOS;157;OTRA HIPÓTESIS (CONDUCTOR)
2271;4271;11/10/2023 14:20;HERIDOS;CHOQUE;VEHICULO;-74,06873505;4,632659057;13;;2;SE DEJA CONSTANIA QUE EL CONDUTOR DEL VH 1 APORTA LA PLACA SMR526 QUIEN MANIFIESTA SE ENUENTRA VEHICULO EN ACCIDENTE Y SE DA A LA FUGA ;98;TRANSITAR ENTRE VEHICULOS
2272;4272;11/10/2023 13:20;HERIDOS;CHOQUE;VEHICULO;-74,11864547;4,637279134;9;;1;SE DEJA CONSTANCIA QUE EL ACCIDENTE OCURRIO EL DIA 10 11 2023 APROXIMADAMENTE A LAS 13 20 PM Y SE HACE EL RECONOCIMIENTO EL DIA 11 11 2023 EN LA CLINICA SNATA JULIANA DONDE EL CONDUCTOR DE LA MOTICICLETA VH 1 DEJA SUS DOCUMENTOS PARA QUE LE BRINDEN LA ATENCION MEDIDA AL LESIONADO NO SE REALIZA INMOV;157;OTRA HIPÓTESIS (CONDUCTOR)
2273;4273;11/10/2023 12:41;HERIDOS;CHOQUE;VEHICULO;-74,08721371;4,752131506;11;;2;NO SE FIJAN LOS VEHICULOS YA QUE FUERON MOVIDOS DE SU POSICION FINAL NOTA NO SE CONOCE EL CASO POR FISCALIA YA QUE LA MADRE DE LOS MENORES NO QUIERE QUE SE CONOZCA EL CASO Y LLEGAN A UN ACUERDO DE 100000;157;OTRA HIPÓTESIS (CONDUCTOR)
2274;4274;11/10/2023 10:50;HERIDOS;CHOQUE;VEHICULO;-74,13667528;4,552831196;19;;4;EL VEHICULO 2 NO SE DIAGRAMA YA QUE FUE MOVIDO DEL LUGAR DE LOS HECHOS SE ANEXA COMPARENDO 39393048 POR INFRACCION B03 AL CONDUCTOR DEL VH1;202;FALLAS EN LOS FRENOS
2275;4275;11/10/2023 10:00;MUERTOS;CHOQUE;VEHICULO;-74,16547684;4,691579724;9;1;1;SE CODIFICA AL CONDUCTOR VEHICULO N 2 MOTO TRANSITAR ENTRE VEHICULOS ;98;TRANSITAR ENTRE VEHICULOS
2276;4276;11/10/2023 8:20;HERIDOS;ATROPELLO;;-74,0613058;4,645380469;2;;2;VEHICULO TIPO PATINETA ELECTRICA DE 500 W DE COLOR NEGRO DE NUMERO JYX4822110700306 C 30860 SE ENTREGA CEDULA AL PEATON Y LA CONDUCTORA DE LA PATINETA CORRIJO CONDUCTOR 2 POR QUE ES PEATON CLASE DE ACCIDENTE ATROPELLO ;157;OTRA HIPÓTESIS (CONDUCTOR)
2277;4277;11/10/2023 7:45;HERIDOS;ATROPELLO;;-74,08694176;4,526579885;4;;3;MO SE DIAGRAMA VEHICULO YA QEU FUE MOVIDO DE SU POCISION FINAL ;157;OTRA HIPÓTESIS (CONDUCTOR)
2278;4278;11/10/2023 6:31;MUERTOS;ATROPELLO;;-74,10898356;4,589243715;15;1;1;COMPARENDO 39393002;157;OTRA HIPÓTESIS (CONDUCTOR)
2279;4279;11/10/2023 6:30;HERIDOS;CHOQUE;VEHICULO;-74,19277711;4,625513722;7;;2;SE CORIIJE CATEGORIA DE LA LICENCIA DEL VEHICULO 1 LA CUAL ES C2;157;OTRA HIPÓTESIS (CONDUCTOR)
2280;4280;11/10/2023 6:20;HERIDOS;CAIDA;;-74,08383843;4,536960263;4;;1;SE CORRIJE CASILLA 3 1 LOCALIDAD SAN CRISTOBAL ;506;OTRA HIPÓTESIS (PASAJERO O ACOMPAÑANTE)
2281;4281;11/10/2023 6:00;DANOS;CHOQUE;VEHICULO;-74,09456996;4,679518042;10;;;VEHICULO INMOVILIZADO MEDIANTE ORDEN DE COMPARENDO 39397686 POR LA INFR F MEDIANTE INFORME SERIAL N UBBOGEN DRBO 0341 B 2023 ACLARACION DE LA CASILLA N 8 DEL VEHICULO N 1 EMBRIAGUEZ POSITIVA NUMERO DE CELULAR DEL VEH 1 3219282179;115;EMBRIAGUEZ O SUSTANCIAS ALUCINOGENAS
2282;4282;11/10/2023 5:50;DANOS;CHOQUE;VEHICULO;-74,16100023;4,624286151;8;;;NINGUNO DE LOS CONDUCTORES INVOLUCRADOS  QUISO RECIBIR ASISTENCIA MEDICA NI QUERELLAR ANEXO COMPARENDO 39387212 INFRACCION D 01;142;SEMAFORO EN ROJO
2283;4283;11/10/2023 3:03;HERIDOS;CHOQUE;VEHICULO;-74,12103739;4,721459787;10;;2;CORRIJO N LICENCIA DE TRANSITO VH2 10014126836;142;SEMAFORO EN ROJO
2284;4284;11/10/2023 2:19;DANOS;CHOQUE;VEHICULO;-74,11001948;4,668006855;10;;;SE NOTIFICA COMPARENDO NÚMERO 39397038 INFRACCION F Y COMPARENDO 39397124 INFRACCION B02 AL CONDUCTOR DEL VEHICULO N 2;115;EMBRIAGUEZ O SUSTANCIAS ALUCINOGENAS
2285;4285;11/09/2023 22:10;HERIDOS;CHOQUE;VEHICULO;-74,09352866;4,612383726;16;;2;EL VEHICULO N 2 NO SE DIAGRAMA YA QUE FUE MOVIDO DE LA POSICION FINAL DE IMPACTO;157;OTRA HIPÓTESIS (CONDUCTOR)
2286;4286;11/09/2023 21:49;HERIDOS;CAIDA;;-74,09258987;4,549410603;4;;1;HIPOTESIS VH1  119 FRENAR BRUSCAMENTE EL VEHICULO NO SE DIAGRAMA DEBIDO QUE FUE MOVIDO DE SU POSICION FINAL DE LA CAIDA DE OCUPANTE ;119;FRENAR BRUSCAMENTE
2287;4287;11/09/2023 21:40;HERIDOS;CHOQUE;VEHICULO;-74,1348782;4,55566135;19;;1;SE CORRIJE CASILLA 7 9 LA SEÑAL DE PARE SOLO EXISTE EN EL CALLE 63 B SUR CLASE DE ACCIDENTE ES CHOQUE Y CASILLA 6 4 DISEÑO INTERSECCION ;112;DESOBEDECER SEÑALES O NORMAS DE TRANSITO
2288;4288;11/09/2023 20:48;HERIDOS;CHOQUE;VEHICULO;-74,09784225;4,722877105;11;;2;NO SE GRAFICA EL VHEICULO N 2 POR QUE FUE MOVIDO DE SU POSICION FINAL ;157;OTRA HIPÓTESIS (CONDUCTOR)
2289;4289;11/09/2023 20:47;HERIDOS;CHOQUE;VEHICULO;-74,14526758;4,593686054;6;;1;CICLISTA PENDIENTE POR ESTABLECER ;121;NO MANTENER DISTANCIA DE SEGURIDAD
2290;4290;11/09/2023 20:00;HERIDOS;OTRO;;-74,15597586;4,596261015;7;;1;NO SE DIAGRAMA EL VEHICULO YA QUE FUE MOVIDO DE SU POSICION FINAL ;506;OTRA HIPÓTESIS (PASAJERO O ACOMPAÑANTE)
2291;4291;11/09/2023 18:40;HERIDOS;ATROPELLO;;-74,17059449;4,628403295;8;;2;CONDUCTOR DEL VEHICULO N 1 SE LE NOTIFICA ORDEN DE COMPARENDO N 39390203 INFRACCION D01;139;IMPERICIA EN EL MANEJO
2292;4292;11/09/2023 17:30;HERIDOS;VOLVAMIENTO;;-74,1233447;4,641684931;9;;1;LA SEÑORA ACOMPAÑANTE NO QUIERE PONER QUERELLA CON EL CONDUCTOR Y NO QUIERE QUE LE CONOZCAN EL CASO POR FISCALIA ELIANA MILENA TRUJILLO HERNANDEZ 1012355450;157;OTRA HIPÓTESIS (CONDUCTOR)
2293;4293;11/09/2023 17:10;HERIDOS;CHOQUE;VEHICULO;-74,11548582;4,628526274;16;;2;HIPOTESIS 103 PARA EL CONDUCTOR DEL VEHICULO N1 EL CASO NO SE RADICA EN FISCALIA YA QUE LOS LESIONADOS NO DESEAN INTERPONER QUERRELLA EN EL MOMENTO SEGUN LO ESTIPULADO EN LA CIRCULAR 001 DEL 25 05 2017;103;ADELANTAR CERRANDO
2294;4294;11/09/2023 15:00;HERIDOS;CHOQUE;VEHICULO;-74,09042326;4,593315908;14;;2;EL VEHICULO N 2 NO SE DIAGRAMA YA QUE FUE MOVIDO DE LA POSICION FINAL ;112;DESOBEDECER SEÑALES O NORMAS DE TRANSITO
2295;4295;11/09/2023 13:20;HERIDOS;CAIDA;;-74,10156541;4,546433319;18;;1;SE CORRIJE CASILLA 8 1 EL CONDUCTOR NO SALE HERIDO PLACA VH1 WML142 FECHA DE OCURRENCIA Y HECHOS 09 11 2023 13 20 HORAS ;157;OTRA HIPÓTESIS (CONDUCTOR)
2296;4296;11/09/2023 11:23;HERIDOS;CHOQUE;VEHICULO;-74,09633485;4,561960781;4;;2;SE ENTREGAN DOCUMENTOS A LAS PARTES INVOLUCRADAS NO SE DIAGRAMAN LOS VEHICULOS INVOLUCRADOS YA QUE FUERON MOVIDOS DE SU POSICION FINAL ;133;SUBIRSE AL ANDEN O VIAS PEATONALES
2297;4297;11/09/2023 10:35;MUERTOS;CAIDA;;-74,06216157;4,658403061;2;1;;SE ACLARA EN LA POLIZA DEL SOAT EL NUMERO DE POLIZA ES 84511566 LA SEGURADORA ES MUNDIAL VIGENCIA 24 01 2024 HIPOTESIS SE ACLARA QUE NO APLICA NADA AL VEHICULO;506;OTRA HIPÓTESIS (PASAJERO O ACOMPAÑANTE)
2298;4298;11/09/2023 10:10;HERIDOS;CHOQUE;VEHICULO;-74,16345713;4,635100287;8;;2;EL CONDUCTOR DE LA MOTOCICLETA INTERVINO EN EL ACCIDENTE Y EN LA POSICON FINAL DE LA MOTOCICLETA YA QUE LA LEVANTO Y LA COLOCO SOBRE EJE DE POSICION DEL VEHICULO POR TAL MOTIVO NO SE DIAGRAMA EN EL BOSQUEJO ;103;ADELANTAR CERRANDO
2299;4299;11/09/2023 10:10;HERIDOS;CHOQUE;VEHICULO;-74,13318616;4,702720772;10;;1;CORRIJE CASILLA 7 2 UTILIZACION DE LAS DOS VIAS ES DOBLE SENTIDO CASILLA 82 VH1 TARJETA DE REGISTRO ES 2005149;112;DESOBEDECER SEÑALES O NORMAS DE TRANSITO
2300;4300;11/09/2023 9:40;HERIDOS;ATROPELLO;;-74,1296333;4,716532784;10;;2;EL VEHICULO FUE MOVIDO DE SU POSICION FINAL DESONOCIENDO LOS MOTIVOS POR ENDE NO SE DEJA PLASMADO ;139;IMPERICIA EN EL MANEJO
2301;4301;11/09/2023 9:21;HERIDOS;CHOQUE;VEHICULO;-74,09621385;4,572498405;4;;4;ANEXO 2380 VICTIMAS ;112;DESOBEDECER SEÑALES O NORMAS DE TRANSITO
2302;4302;11/09/2023 7:30;HERIDOS;ATROPELLO;;-74,13728831;4,559319222;19;;3;EL VEHICULO LO MUEVEN DE SU POSICION FINAL ;157;OTRA HIPÓTESIS (CONDUCTOR)
2303;4303;11/09/2023 6:10;HERIDOS;CHOQUE;VEHICULO;-74,08887015;4,727220281;11;;1;NO SE DIAGRAMA EL VEHICULO 2 YA QUE FUE MOVIDO DE SU POSICION FINAL;122;GIRAR BRUSCAMENTE
2304;4304;11/09/2023 5:30;HERIDOS;CHOQUE;VEHICULO;-74,07391695;4,647074509;13;;1;CORRIJO DIRECCION DIAGONAL 61 B CARRERA 25 COMPARENDO PARA CONDUCTOR DE VEHICULO 1 NUMERO 39394728 POR D04 SEMAFORO EN ROJO ;142;SEMAFORO EN ROJO
2305;4305;11/09/2023 4:10;HERIDOS;CHOQUE;VEHICULO;-74,12442922;4,571589703;18;;3;CORRIJE CASILLA 7 3 VIA 2 ES UNA CALZADA HIPOTESIS DE ACCIDENTALIDAD VH 1 N 142 Y 157 VH2 N 142 PENDIENTE POR ESTABLECER QUIEN REALIZA CASO OMISO A LA LUZ ROJA DEL SEMAFORO ORDEN DE COMPARENDO NACIONAL AL TRANSITO 39382909 INFRACCION 014 VH1;157;OTRA HIPÓTESIS (CONDUCTOR)
2306;4306;11/08/2023 23:00;HERIDOS;CHOQUE;VEHICULO;-74,06248835;4,664987045;12;;2;MOVIL 6641 DE LA EMPRESA WARDLIN SECRETARIA DE SALUD TRASLADO AL CONDUCTOR VH2 PARA LA CLINICA DE ALCALA  LOS CONDUCTORES NO REQUIEREN QUERELLAR CIRCULAR NE NOTIFICA COMPARENDO POR SOAT AL CONDUCTOR N1 Y SOAT  REVISION Y LICENCIA AL CONDUCTOR VH2 SE HACE CORRECION DE LA LOCALIDAD BARRIOS UNIDOS;112;DESOBEDECER SEÑALES O NORMAS DE TRANSITO
2307;4307;11/08/2023 22:46;HERIDOS;CHOQUE;VEHICULO;-74,1386236;4,650653723;8;;1;NOTA EL CONDUCTOR DEL VH2 BRAYAN ROMERO MANIFIESTA LIBRE Y VOLUNTARIAMENTE NO QUERELLAR;122;GIRAR BRUSCAMENTE
2308;4308;11/08/2023 19:35;MUERTOS;CHOQUE;VEHICULO;-74,091126;4,633942687;13;1;2;NOTIFICA ORDEN DE COMPARENDO N 39394997 CONDUCTOR N 1 INFRACCION C31;112;DESOBEDECER SEÑALES O NORMAS DE TRANSITO
2309;4309;11/08/2023 19:24;HERIDOS;CHOQUE;VEHICULO;-74,14716547;4,68431216;9;;2;NO SE DIAGRAMA LOS VEHICULOS EN EL CROQUIS YA SE HABIAN MOVIDO DE SU POSICION FINAL DESCONOZCO LAS RAZONES ;112;DESOBEDECER SEÑALES O NORMAS DE TRANSITO
2310;4310;11/08/2023 19:00;HERIDOS;ATROPELLO;;-74,13048891;4,576777096;6;;1;PEATON SE ENCONTRABA EN EL PARADERO DE BUSES AL BORDE DEL ANDEN ;157;OTRA HIPÓTESIS (CONDUCTOR)
2311;4311;11/08/2023 18:40;HERIDOS;CHOQUE;;-74,06776933;4,60414923;17;;1;SE CORRIJE CLASE DE ACCIDENTE ACLARANDO CHOQUE OBJETO FIJO EL CONDUCTOR MANFIIESTA NO INTERPPONER QUERELLA ENTERANDOLO DE LA RESOLUCION 01670 Y 03922 N 001 DEL  25 05 2017;202;FALLAS EN LOS FRENOS
2312;4312;11/08/2023 15:00;HERIDOS;CHOQUE;VEHICULO;-74,06188693;4,641022745;2;;2;SE CORRIJE CASILLA 8 1 VH1 TEL 3115344567 CAILLA 8 2 VH1 FECHA DE VENCIMIENTO SOAT 14 05 2024 VH2 SEÑAL DE PARE SE NOTIFICA ORDEN DE COMPARENDO AL CONDUCTOR DEL VH1 POR LA INFRACCION  D01 N 39393057;139;IMPERICIA EN EL MANEJO
2313;4313;11/08/2023 14:50;HERIDOS;CHOQUE;VEHICULO;-74,08544335;4,666131803;12;;1;EL CONDUCTOR N 1 EL CUAL RESULTA LESIONADO MANIFIESTA NO QUERELLAR POR SUS LESIONES PERSONALES ;103;ADELANTAR CERRANDO
2314;4314;11/08/2023 14:20;HERIDOS;CHOQUE;VEHICULO;-74,16780183;4,615947225;8;;3;NO SE DIAGRAMAN LOS VEHICULOS YA QUE FUERON MOVIDOS DE SU POSICION FINAL ;121;NO MANTENER DISTANCIA DE SEGURIDAD
2315;4315;11/08/2023 14:07;HERIDOS;CHOQUE;VEHICULO;-74,06821116;4,654257232;12;;2;SE CORRIJE FECHA DE VENCIMIENTO DEL SEGURO CONTRACTUAL VH1  17 10 2024 ;112;DESOBEDECER SEÑALES O NORMAS DE TRANSITO
2316;4316;11/08/2023 13:20;HERIDOS;CHOQUE;VEHICULO;-74,15654466;4,637316193;8;;4;NO SE DIAGRAMA VEHICULOS YA QUE FUERON MOVIDOS DEL LUGAR DE LOS HECHOS ;157;OTRA HIPÓTESIS (CONDUCTOR)
2317;4317;11/08/2023 12:20;HERIDOS;CHOQUE;VEHICULO;-74,1823454;4,630029202;7;;4;CORRIJO FECHA DE NACIMIENTO DE LA MENOR 04 04 2015;104;ADELANTAR INVADIENDO CARRIL DE SENTIDO CONTRARIO
2318;4318;11/08/2023 12:00;HERIDOS;ATROPELLO;;-74,09620611;4,605346981;14;;1;CONDUCTOR EN AVERIGUACION Y RESPONSABILIDAD DEL EVENTO;157;OTRA HIPÓTESIS (CONDUCTOR)
2319;4319;11/08/2023 10:50;HERIDOS;CHOQUE;VEHICULO;-74,08576158;4,629591799;13;;1;CORRIJO NUMERO DE LICENCIA CONDUCTOR VEHICULO 2  1014193831;112;DESOBEDECER SEÑALES O NORMAS DE TRANSITO
2320;4320;11/08/2023 9:26;HERIDOS;CHOQUE;VEHICULO;-74,14028195;4,598274513;8;;1;CORRIJO VEHICULO 2 CODIGO DE TRANSITO FLORIDABLANCA;112;DESOBEDECER SEÑALES O NORMAS DE TRANSITO
2321;4321;11/08/2023 8:00;HERIDOS;CHOQUE;VEHICULO;-74,06322209;4,727672634;11;;2;COMPARENDO N 39394013 AL VH1 POR LA INFRACCION C31 COMPARENDO N 39394118 AL VH2 POR LA INFRACCION C35 REVISION TECNICO MECANICA VENCIDA;112;DESOBEDECER SEÑALES O NORMAS DE TRANSITO
2322;4322;11/07/2023 21:38;HERIDOS;ATROPELLO;;-74,14892533;4,562942717;19;;2;SE LE NOTIFICA ORDEN DE COMPARENDO AL CONDUCTOR DE VH1 N 11001000000039388967 POR LA INFRACCION D1 NO HABER OBTENIDO POR PRIMERA VEZ LICENCIA DE CONDUCCION ;139;IMPERICIA EN EL MANEJO
2323;4323;11/07/2023 21:05;HERIDOS;CHOQUE;VEHICULO;-74,182014;4,610878533;7;;1;SE CORRIGE CASILLA 7 3 CALZADAS CANTIDAD UNA SE DEJA CONSTANCIA QUE EL CASO NO SE RADICA ANTE LA FISCALIA SEGUN CIRCULAR 001 DEL 25 DE MAYO DE 2017 TENIENDO EN CUENTA QUE EL SEÑOR CONDUCTOR DE LA MOTOCICLETA NO DESEA INTERPONER QUERELLA SER LE NOTIFICA AL CONDUCTOR N1 UNA ORDEN DE COMPARENDO POR LA ;103;ADELANTAR CERRANDO
2324;4324;11/07/2023 20:19;HERIDOS;ATROPELLO;;-74,07382904;4,606866735;3;;1;SE DEJA CONSTANCIA QUE EL CONDUCTOR NO HACE PRESENCIA EN EL LUGAR DE LOS HECHOS SE DA A LA FUGA ;142;SEMAFORO EN ROJO
2325;4325;11/07/2023 18:40;HERIDOS;ATROPELLO;;-74,1204461;4,555592893;18;;1;CONDUCTOR DEL VEHICULO 1 SE TRASLADA A CLINICA SANTA JULIANA CON UN DIAGNOSTICO DE TRAUMA CERVICAL HIPOTESI PARA VEHICULO 1 TRANSITAR EN CONTRAVIA SE REALIZA ORDEN DE COMPARENDO N 39393672 POR REVISION TECNICO MECANICA Y D03 N 39392377;127;TRANSITAR EN CONTRAVIA
2326;4326;11/07/2023 18:10;HERIDOS;ATROPELLO;;-74,06915066;4,684454456;12;;2;SEGUN INFORMACION SUMINISTRADA POR EL FAMILIAR DE LA VICTIMA CONDUCTOR DE LA MOTACICLETA NOS INFORMA QUE LA OCURRNCIA OCURRIO A LAS 18 10 HORAS Y LA CENTRAL DE RADI DE LA POLICIA NACIONAL NOS INFORMA NOS ASIGNA EL EVENTO A LAS 20 34 HORAS    DIRECCION CORRERTA  CARRERA 61A CON CALLE 94A  ;112;DESOBEDECER SEÑALES O NORMAS DE TRANSITO
2327;4327;11/07/2023 17:20;HERIDOS;CHOQUE;VEHICULO;-74,11818413;4,637399439;16;;1;POR ERROR INVOLUTARIO SE INVIRTIERON LAS HORAS DE OCURRENCIA 17  20  HORA DE LEVANTAMIENTO 19 18 ;304;SUPERFICIE HUMEDA
2328;4328;11/07/2023 16:50;HERIDOS;ATROPELLO;;-74,1854137;4,628587764;7;;3;SE CORRIJE NÚMERO DE TELEFONO DEL PEATON HERIDO CASILLA 9  SIENDO 3003644238 COMAPRENDO CONDUCTOR MOTOCICLETA D01 34382899 COMO HIPOTESIS PEATON 157 ;139;IMPERICIA EN EL MANEJO
2329;4329;11/07/2023 16:45;HERIDOS;CHOQUE;VEHICULO;-74,13277236;4,603087383;16;;2;COMAPARENDO N 39382890 POR NO TENER LICENCIA DE CONDUCCION PARA EL CONDUCTOR DE LA MOTOCICLETA EL SEÑOR MATEO ESPAÑA CC 1001059494 VIVE EN SOACHA BICICLETA DE MARCO N GWS632;139;IMPERICIA EN EL MANEJO
2330;4330;11/07/2023 15:45;DANOS;CHOQUE;VEHICULO;-74,06825749;4,689874206;12;;;MEDIANTE CAMARA DE VIDEO SE EVIDENCIA OMISION DE LA LUZ ROJA SAMAFORICA DEL V2 KWX588 ES DE ANOTAR QUE EN V1 MICROBUS ESCOLAR HABIAN 3 NIÑOS COMO PASAJEROS PERO AL SER VALORADOS POR LA AMBULANCIA NINGUNO REQUIERE TRASLADO  DE QACUERDO LO EMITIDO POR EL PARAMEDICO ;142;SEMAFORO EN ROJO
2331;4331;11/07/2023 15:10;HERIDOS;CHOQUE;VEHICULO;-74,16359661;4,690080045;9;;1;SE REALIZA ORDEN DE COMPARENDO N 39391452;157;OTRA HIPÓTESIS (CONDUCTOR)
2332;4332;11/07/2023 14:10;HERIDOS;CHOQUE;VEHICULO;-74,11239056;4,58126859;18;;2;VEHICULO 1 112 NO RESPETAR LA SEÑAL PARE ;112;DESOBEDECER SEÑALES O NORMAS DE TRANSITO
2333;4333;11/07/2023 13:20;HERIDOS;ATROPELLO;;-74,11552904;4,613335204;16;;1;SE REALIZA ORDEN DE COMPARENDO N 39330843 A05 AL SEÑOR CONDUCTOR DE LA BICICLETA;142;SEMAFORO EN ROJO
2334;4334;11/07/2023 12:10;HERIDOS;CHOQUE;VEHICULO;-74,09839479;4,550210921;4;;1;HIPOTESIS DE ACCIDENTALIDAD VEHICULO 2 112 DESOBEDECER SEÑALES DE TRANSITO SEÑAL PARE;112;DESOBEDECER SEÑALES O NORMAS DE TRANSITO
2335;4335;11/07/2023 11:50;HERIDOS;CHOQUE;VEHICULO;-74,08490328;4,560520847;4;;1;VEHICULOS MOVIDOS DE SU POSICION FINAL ;122;GIRAR BRUSCAMENTE
2336;4336;11/07/2023 11:06;HERIDOS;ATROPELLO;;-74,13926897;4,657396399;8;;2;SE REALIZA ORDEN DE COMPARENDO CONDUCTOR VH 1 N 39393194 POR INFRACCION D 01;409;CRUZAR SIN OBSERVAR
2337;4337;11/07/2023 11:00;HERIDOS;CAIDA;;-74,07353071;4,648072872;13;;1;PASAJERO NO HACER USO DE LOS ELEMENTOS DE SEGURIDAD Y SUJECION DEL VEHICULO;506;OTRA HIPÓTESIS (PASAJERO O ACOMPAÑANTE)
2338;4338;11/07/2023 9:30;HERIDOS;CHOQUE;VEHICULO;-74,0794102;4,634541996;16;;2;SE CORRIJE LA CASILLA 6 4 DISEÑO ES TRAMO DE VIA ;132;NO RESPETAR PRELACION
2339;4339;11/07/2023 8:36;MUERTOS;CHOQUE;VEHICULO;-74,11930535;4,638298516;9;1;;CORRECION CARASCTERISTICAS DE LA VIA DOS CARRILES ;306;HUECOS
2340;4340;11/07/2023 8:20;MUERTOS;CHOQUE;OBJETO;-74,09609628;4,481235001;5;1;;DEJO CONSTANCIA QUE AL MOMENTO DEL SINIESTRO VIAL TAMBIEN SE ENCONTRABA COMO ACOMPAÑANTE EL MENOR DE EDAD KEINER SANTAIGO ARMERO LIZ  DE TI  1121841760 EL CUAL SE ENCUENTRA ILESO;157;OTRA HIPÓTESIS (CONDUCTOR)
2341;4341;11/07/2023 7:25;HERIDOS;CHOQUE;OBJETO;-74,16718324;4,598805077;7;;1;EL IMPACTO DEL CICLISTA ES FRONTAL EL CONDUCTOR DE LA BICICLETA MUEVE EL VEHICULO DE SU POSICION FINAL;121;NO MANTENER DISTANCIA DE SEGURIDAD
2342;4342;11/07/2023 7:10;HERIDOS;CHOQUE;VEHICULO;-74,13698879;4,555740076;19;;1;CORRIJO PLACA DEL VEHICULO N1 UIN59F;112;DESOBEDECER SEÑALES O NORMAS DE TRANSITO
2343;4343;11/07/2023 6:50;HERIDOS;CHOQUE;VEHICULO;-74,11956912;4,679065045;10;;1;CONDUCTORES DEMUESTRAN CON EVIDENCIA FOTOGRAFICA UN VEHCULO ESTACIONADO EN EL INICIO DEL GIRO AL MOMENTO DE LLEGAR AL EVENTO NO ESTA ;306;HUECOS
2344;4344;11/07/2023 6:45;HERIDOS;CHOQUE;VEHICULO;-74,14133755;4,619137905;8;;1;SE REALIZA ORDEN DE COMPARENDO AL CONDUCTOR DEL VEHICULO N2 YA QUE TIENE LA REVISION VENCIDA 39392956 SE DEJA LA CONSTANCIA QUE SE CODIFICA AL MOTOCICLISTA YA QUE HAY UN VIDEO DE IGUAL MANERA SE REALIZA LA SOLICITUD DE LAS CAMARAS;105;ADELANTAR EN ZONA PROHIBIDA