CODIGO_ACCIDENTE;FORMULARIO;FECHA;GRAVEDAD;CLASE;CHOQUE;LONGITUD;LATITUD;CODIGO_LOCALIDAD;TOTAL_MUERTOS;TOTAL_HERIDOS;TEXTO_OBSERVACIONES;CODIGO_CAUSA;DESCRIPCION
2345;4345;11/07/2023 6:00;HERIDOS;CHOQUE;VEHICULO;-74,06068367;4,677384026;12;;2;MOTOCICLETA VH2 NO PRESENTO DOCUMENTO VIGENTES SE REALIZAN ORDENES DE COMPOARENDO SOAT 39392128 TECNICOMECANICA N 39391575;122;GIRAR BRUSCAMENTE
2346;4346;11/07/2023 5:24;HERIDOS;CHOQUE;VEHICULO;-74,15416984;4,598888844;7;;1;SE CORRIGE HOSPITAL CLINICA DE ATENCION VH2 MEDICAL PRO INFO SE REALIZA COMPARENDO NUMERO 39390450 AL CONDUCTOR DEL VH1 POR LA INFRACCION C31 EN LA VIA EXISTE PRESENCIAL DE SEÑAL SR 10 PROHIBIDO GIRAR EN U;112;DESOBEDECER SEÑALES O NORMAS DE TRANSITO
2347;4347;11/06/2023 21:10;HERIDOS;CHOQUE;VEHICULO;-74,07832066;4,613125994;14;;2;SE REALZO ORDEN DE COMPARENDO VEHICULO 1 C35 TECNICOMECANICA YA QUE NUNCA LO HA OBTENIDO 39390934 ;112;DESOBEDECER SEÑALES O NORMAS DE TRANSITO
2348;4348;11/06/2023 20:30;HERIDOS;CHOQUE;VEHICULO;-74,16898919;4,639009882;8;;3;VH1 BICITAXI ACLARATORIO QUE EL NOMBRE DE LA ACOMPAÑANTE ES MARIA CAMILA MORENO ESPITIA SE DEJA CONSTANCIA QUE NO SE CONOCE EL CASO POR FISCALIA NO FIRMAN QUERELLA CIRCULAR D01 DEL 25 MAYO DEL 2017 ;157;OTRA HIPÓTESIS (CONDUCTOR)
2349;4349;11/06/2023 19:05;HERIDOS;CHOQUE;VEHICULO;-74,16143966;4,608139602;8;;2;SE REALIZA ORDEN DE COMPARENDO AL CONDUCTOR N2 INFRACCION D01 N 39244250 Y COMPARENDO N 39314704 INFRACCION C35;139;IMPERICIA EN EL MANEJO
2350;4350;11/06/2023 17:56;HERIDOS;CAIDA;;-74,10508933;4,66972774;10;;1;SE CORRIJE FECHA DE NACIMIENTO DEL PASAJERO 16 07 1935 ;506;OTRA HIPÓTESIS (PASAJERO O ACOMPAÑANTE)
2351;4351;11/06/2023 13:20;HERIDOS;ATROPELLO;;-74,09310116;4,752288182;11;;2;SE NOTIFICA ORDEN DE COMPARENDO AL CONDUCTOR DEL VEHICULO 1 INFRACCION DO1  39390043;139;IMPERICIA EN EL MANEJO
2352;4352;11/06/2023 10:50;HERIDOS;CHOQUE;VEHICULO;-74,12046937;4,661173836;9;;2;ANEXO COMPARENDO D02 39390674 C35 39390672 D12 39390914;112;DESOBEDECER SEÑALES O NORMAS DE TRANSITO
2353;4353;11/06/2023 8:38;HERIDOS;CHOQUE;VEHICULO;-74,09198192;4,75783817;11;;1;VICTIMA MANIFIESTA NO INTERPONER QUERELLA CIRCULAR 001 DE 25 05 2017 RESOLUCION 01670 Y 3922 DEL 2016;121;NO MANTENER DISTANCIA DE SEGURIDAD
2354;4354;11/06/2023 7:10;HERIDOS;CHOQUE;OBJETO;-74,10961879;4,553223345;18;;1;QUIEN SE HACE RESPONSABLE DE LA MOTOCICLETA EL SEÑOR SERGIO MENDEZ ORTEGON DE CEDULA 1033730952 EL VEHICULO 1 FUE MOVIDO DE SU POSICION FINAL POR ESTE MOTIVO NO SE GRAFICA;157;OTRA HIPÓTESIS (CONDUCTOR)
2355;4355;11/06/2023 6:46;HERIDOS;CHOQUE;VEHICULO;-74,12664982;4,567069069;18;;1;SE CORRIGE CASILLA 8 1 CONDUCTOR DEL VEHICULO N1 HERIDO;110;EXCESO EN HORAS DE CONDUCCION
2356;4356;11/06/2023 3:49;DANOS;CHOQUE;OBJETO;-74,07872408;4,650251181;13;;;ACOMPAÑANTES  DEL VEHICULO MANIFIESTAN QUE EL CONDUCTOR SE DA A LA FUGA DESCONOCIENDO LOS MOTIVOS SE DEJA CONSTANCIA QUE AL LUGAR HICIERON PRESENCIA AMBULANCIAS 1 LOS OCUPANTES DEL VEHICULO NO SE DEJARON VALORAR Y EL VH ES RETIRADO POR EL PROPIETARIO EL SEÑOR LUIS ENRIQUE RODRIGUEZ;157;OTRA HIPÓTESIS (CONDUCTOR)
2357;4357;11/06/2023 3:00;HERIDOS;CHOQUE;OBJETO;-74,13223413;4,667457342;9;;1;CORRIJE FECHA DE OCURRENCIA 06 11 2023;157;OTRA HIPÓTESIS (CONDUCTOR)
2358;4358;11/05/2023 22:33;HERIDOS;CHOQUE;VEHICULO;-74,13061317;4,580964831;6;;3;CORRIJO CASILLA 3 1 TUNJUELITO;106;ADELANTAR INVADIENDO CARRIL DEL MISMO SENTIDO EN ZIGZAG
2359;4359;11/05/2023 21:33;HERIDOS;CHOQUE;VEHICULO;-74,06955181;4,730043735;11;;1;CORRECCIOON CASILLA 8 CONDUCTOR VH2 ID 1007908320 VENCIMIENTO 29 10 2028;146;REALIZAR GIRO EN “U”
2360;4360;11/05/2023 21:00;HERIDOS;CHOQUE;VEHICULO;-74,13665204;4,545872298;19;;3;AL LLEGAR AL LUGAR DE LOS HECHOS HAY 3 AMBULANCIAS CUADRANTE DE VIGILANCIA COMO PRIMER RESPONSABLE PRSENTO COMO CONDUCTORES A LOS RELACIONADOS EN EL IPAT SE LE ENTREGA DILIGENCIAS A LA MOVIL DE SEGUNDO TURNO PT OSWAN SALCEDO SIN NOVEDAD ESPECIAL;121;NO MANTENER DISTANCIA DE SEGURIDAD
2361;4361;11/05/2023 20:45;HERIDOS;CHOQUE;VEHICULO;-74,19842718;4,623091253;7;;1;HIPOTESIS 122 PARA VEHICULO N 1 Y 157 PARA EL VEHICULO N 2 EL CASO NO SE RADICA ANTE FISCALIA TENIENDO EN CUENTA QUE LA MENOR LESIONADA FUE BAJDA DE LA AMBULANCIA POR LOS FAMILIARES;157;OTRA HIPÓTESIS (CONDUCTOR)
2362;4362;11/05/2023 19:50;HERIDOS;CHOQUE;VEHICULO;-74,09766406;4,707032241;10;;2;NO SE DIAGRAMA VH2 YA QUE FUE MOVIDO DEL LUGAR;121;NO MANTENER DISTANCIA DE SEGURIDAD
2363;4363;11/05/2023 19:15;HERIDOS;CHOQUE;VEHICULO;-74,09248341;4,755617804;11;;1;SE DEJA CONSTANCIA QUE EL CONDUCTOR DE LA BICICLETA NO DESEA INTERPONER QUERELLA CONTRA EL CONDUCTOR DEL BUS NO REQUIERE NINGUN PROCEDIMIENTO POR PARTE DE TRANSITO ;112;DESOBEDECER SEÑALES O NORMAS DE TRANSITO
2364;4364;11/05/2023 19:04;DANOS;CHOQUE;VEHICULO;-74,10280674;4,748915307;11;;;SE REALIZA PRUEBA DE ALCOHOLEMIA CONDUCTOR 1 PROTIVO GRADO 1 HIPOTESIS 115  SEGURO CONTRACTUAL 101021781  EXTRACONTRACTUAL FECHA 16 06 2024 ;115;EMBRIAGUEZ O SUSTANCIAS ALUCINOGENAS
2365;4365;11/05/2023 16:09;HERIDOS;CHOQUE;VEHICULO;-74,10895567;4,51197044;5;;1;HIPOTESIS 157 VH1 ARTICULO 74 CODIGO NACIONAL DE TRANSITO NO REDUCIR VELOCIDAD A 30 KM AL LLEGAR A UNA INTERSECCION;157;OTRA HIPÓTESIS (CONDUCTOR)
2366;4366;11/05/2023 14:00;HERIDOS;CHOQUE;VEHICULO;-74,13778511;4,594895704;6;;1;EL CONDUCTOR DE LA MOTOCICLETA ES TRASLADADO AL CENTRO MEDICO POR LAS LESIONES DERIVADAS PRESENTADAS SE NOTIFICA ORDEN DE COMPARENDO POR INFRACCION D03 DE IGUAL FORMA  EL MOTOCICLISTA CONDUCTOR NO PORTA LOS DOCUMENTOS DE LA MOTOCICLETA FISICOS SE VERIFICA SISTEMA RUNT;127;TRANSITAR EN CONTRAVIA
2367;4367;11/05/2023 11:58;HERIDOS;CHOQUE;VEHICULO;-74,09632084;4,746619487;11;;3;ENTREGA DOCUMENTOS CEDULA LICENCIA DE CONDUCCION LICENCIA DE TRANSITO A LOS CONDUCTORES ;157;OTRA HIPÓTESIS (CONDUCTOR)
2368;4368;11/05/2023 10:30;HERIDOS;CHOQUE;VEHICULO;-74,10774526;4,699126468;9;;2;CASO CONOCIDO EN EL PARQUEADERO DEL PLAYON ;157;OTRA HIPÓTESIS (CONDUCTOR)
2369;4369;11/05/2023 10:02;HERIDOS;CHOQUE;VEHICULO;-74,07203693;4,669006924;12;;1;CEDULA DEL CONDUCTOR GABRIEL EDUARDO MENDOZA GARCIA ES 72160564;122;GIRAR BRUSCAMENTE
2370;4370;11/05/2023 9:20;HERIDOS;CHOQUE;VEHICULO;-74,18304978;4,613262128;7;;3;CORRIJO CASILLA 8 IDENTIFICACION CONDUCTORA N1 SIENDO LA CORRECTA 1073174159 Y CASILLO 8 NO PORTA LICENCIA DE CONDUCCION PARA MOTOCICLETA EL CONDUCTOR N2 COMPARENDO N 39322127 POR LA INFRACCION D01;142;SEMAFORO EN ROJO
2371;4371;11/05/2023 6:30;HERIDOS;VOLVAMIENTO;;-74,07133177;4,762074517;11;;1;SE LE NOTIFICA ORDEN DE COMPARENDO POR LA INFRACCION D01 39389302 Y INFRACCION D02 39388909 Y SE INMOVILIZA POR ESTA FRACCION;139;IMPERICIA EN EL MANEJO
2372;4372;11/05/2023 5:10;MUERTOS;CHOQUE;OBJETO;-74,11827756;4,688613622;10;1;;SE CORRIJE N 3 LUGAR O COORDENADAS CALLE 63 CON TRANSVERSAL 93;157;OTRA HIPÓTESIS (CONDUCTOR)
2373;4373;11/05/2023 4:17;HERIDOS;CHOQUE;VEHICULO;-74,07913534;4,637228338;13;;2;CORRIJO CONDUCTOR DEL VH2 NO TIENE LICENCIA DE CONDUCCION SE REALIZA ORDEN DE COMPARENDO CONDUCOTR DEL VH2 N 39384990 POR LA INFRACCION D01 NUNCA HABER OBTENIDO LICENCIA DE CONDUCCION;139;IMPERICIA EN EL MANEJO
2374;4374;11/04/2023 23:19;HERIDOS;ATROPELLO;;-74,08306388;4,62996935;13;;3;FECHA DEL EVENTO 04 11 2023  HIPOTESIS 411 POR ESTABLECER QUIEN OMITE LA LUZ ROJA DEL SEMAFORO ;157;OTRA HIPÓTESIS (CONDUCTOR)
2375;4375;11/04/2023 21:24;HERIDOS;ATROPELLO;;-74,08934544;4,612302453;14;;2;PEATON SIN IDENTIFICAR EN AVERIGUACION ;157;OTRA HIPÓTESIS (CONDUCTOR)
2376;4376;11/04/2023 19:33;HERIDOS;CHOQUE;VEHICULO;-74,09942655;4,738951486;11;;1;EL CONDUCTOR DEL VH2 LESIONADO MANIFIESTA LIBRE Y VOLUNTARIAMENTE NO QUERELLAR;145;ARRANCAR SIN PRECAUCION
2377;4377;11/04/2023 18:30;MUERTOS;ATROPELLO;;-74,18926329;4,637261932;7;1;1;SE REALIZA ORDEN DE COMPARENDO N 39338239 INFRACCION C 35 COMPARENDO N 39338251 INFRACCION D02;157;OTRA HIPÓTESIS (CONDUCTOR)
2378;4378;11/04/2023 18:00;HERIDOS;CHOQUE;VEHICULO;-74,05419503;4,702626376;1;;2;LAS MOTOCICLETAS NO SE DIAGRAMAN POR QUE FURON MOVIDAS DEL LUGAR EXACTO DE LOS HECHOS ;157;OTRA HIPÓTESIS (CONDUCTOR)
2379;4379;11/04/2023 18:00;HERIDOS;CHOQUE;VEHICULO;-74,1383478;4,693852545;9;;1;SE CORRIGE CASILLA 8 2 POLIZA CONTRACTUAL 2000310900;128;RECOGER O DEJAR PASAJEROS SOBRE LA CALZADA
2380;4380;11/04/2023 17:43;HERIDOS;CHOQUE;VEHICULO;-74,16112929;4,692317544;9;;1;ANEXO ORDEN DE COMPARENDO INFRACCION D01 N 39389825 CORRIJO FECHA DE VENCIMIENTO SOAT VEHICULO N1 SIENDO 09 12 2023;139;IMPERICIA EN EL MANEJO
2381;4381;11/04/2023 13:30;DANOS;CHOQUE;VEHICULO;-74,15480112;4,548112672;19;;;VEHICULO 3 HIPOTESIS 104  NO APLICA SEGURO DE RESPONSABILIDAD CIVIL CONTRACTUAL VH3;104;ADELANTAR INVADIENDO CARRIL DE SENTIDO CONTRARIO
2382;4382;11/04/2023 6:05;HERIDOS;CHOQUE;VEHICULO;-74,08462984;4,589329067;3;;1;NO SE DIAGRAMA POSIBLE RUTA DEL VH2 TENIENDO ENCUENTA QUE EL CONDUCTOR NO SE ACUERDA POR DONDE TRANCITABA DE IGUAL FORMA LA MOTOCICLETA FUE MOVIDA DE LA POSICION FINAL;114;EMBRIAGUEZ APARENTE
2383;4383;11/04/2023 5:23;HERIDOS;CHOQUE;OBJETO;-74,05554065;4,698935568;1;;1;CIUDADANO NO PUEDE FIRMAR A CONSECUENCIAS DE LAS LESIONES QUE PRESENTA EN SUS MIEMBROS SUPERIORES ;138;FALTA DE PRECAUCION POR NIEBLA, LLUVIA O HUMO
2384;4384;11/04/2023 4:15;DANOS;CHOQUE;OBJETO;-74,05517779;4,65494156;2;;;CONDUCTOR CHOCA CONTRA UN SEMAFORO UBICADO EN LA INTERSECCION DE LA CARRERA 7 CALLE 72 SENTIDO VIAL NORTE SUR ;308;OTRA HIPÓTESIS (VÍA)
2385;4385;4/11/2023;HERIDOS;CHOQUE;VEHICULO;-74,06688765;4,636457526;2;;1;POR EL MOMENTO NO SE INICIA PROCESO POR FISCALIA YA QUE EL LESIONADO NO DESEA INTERPONER QUERELLA CORRIJO FECHA Y HORA DE OCURRENCIA 00 20 LEVANTAMIENTO 00 40 DEL 04 DE NOVIEMBRE 2023;121;NO MANTENER DISTANCIA DE SEGURIDAD
2386;4386;11/03/2023 23:50;HERIDOS;CHOQUE;VEHICULO;-74,12402283;4,624353447;16;;3;SE DEJA CONSTANCIA  QUE EL VEHICULO N1 NO APORTA LICENCIA DE TRANSITO POR LO TANTO NO SE ESCRIBEN LOS DATOS;142;SEMAFORO EN ROJO
2387;4387;11/03/2023 22:48;HERIDOS;ATROPELLO;;-74,07758086;4,598478799;3;;1;VICTIMA NN;157;OTRA HIPÓTESIS (CONDUCTOR)
2388;4388;11/03/2023 22:21;HERIDOS;CHOQUE;OBJETO;-74,1312894;4,594339894;16;;1;CIUDADANO TRANSITA ENTRE CARRILES AL INTENTAR REBASAR HE INCLUIRSE AL CARRIL DERECHO COLISIONA CON EL CONO INSTALADO EN EL PUESTO DE OCNTROL SE OCRRIJE N 7 5 SUPERFICIE CONCRETO Y NO ASFALTO SE CORRIJE N 8 5 CLASE DE VHEICULO MOTOCICLETA;106;ADELANTAR INVADIENDO CARRIL DEL MISMO SENTIDO EN ZIGZAG
2389;4389;11/03/2023 21:17;HERIDOS;ATROPELLO;;-74,07713303;4,572768038;4;;3;HIPOTESIS 157  NO ESTAR ATENTO A LOS ACTORES VIALES;157;OTRA HIPÓTESIS (CONDUCTOR)
2390;4390;11/03/2023 21:11;HERIDOS;CHOQUE;VEHICULO;-74,0528193;4,7197763;11;;4;NO SE FIJAN LOS MOTOCICLISTAS YA QUE FUERON MOVIDOS DE SU POSICION FINAL;112;DESOBEDECER SEÑALES O NORMAS DE TRANSITO
2391;4391;11/03/2023 21:02;HERIDOS;CHOQUE;SEMOVIENTE;-74,10799791;4,674257074;10;;1;SE DEJA CONSTANCIA QUE EL VH1 MANIFIESTA QUE UN PERRO NEGRO SE LE ATRAVIESA Y QUE EN EL MOMENTO DE ESQUIVARLO PIERDE EL CONTROL Y SE CAE ADEMAS SE ENCUENTRA EL SEÑOR FRANCISCO JAVIER PRADA CC1019046822 F NACIMIENTO 11061990 CEL 3212068343 QUE LOS PERROS SON ADOPTADOS Y QUE PERSIGUEN A SU PERRA NEGRA;157;OTRA HIPÓTESIS (CONDUCTOR)
2392;4392;11/03/2023 18:32;HERIDOS;CHOQUE;VEHICULO;-74,14169213;4,638300155;8;;3;SE NOTIFICA ORDEN DE COMPARENDO A LA CONDUCTORA DEL VEHICULO 1 INFRACION D01 NO HABER OBTENIDO LICENCIA DE CONDUCION ORDEN  39388882;157;OTRA HIPÓTESIS (CONDUCTOR)
2393;4393;11/03/2023 18:09;HERIDOS;CHOQUE;VEHICULO;-74,06686298;4,644360019;13;;2;CONDUCTOR DEL VH2 CARLOS FELIPE HERRERA MORALES  CC1024462362;112;DESOBEDECER SEÑALES O NORMAS DE TRANSITO
2394;4394;11/03/2023 17:40;HERIDOS;CHOQUE;VEHICULO;-74,09560648;4,649941271;13;;3;EN EL LUGAR DEL INCIDENTE LAS PARTES INVOLUCRADAS MANIFIESTAN LLEGAR A UNA CONCILIACION SE CORRIJE LA CASILLA 7 4 CARRILES DE LA VIA 1 SIENDO ESTA TRES;112;DESOBEDECER SEÑALES O NORMAS DE TRANSITO
2395;4395;11/03/2023 16:30;HERIDOS;ATROPELLO;;-74,12606714;4,69906263;10;;1;SE CORRIJE CASILLA 6 4 INTERSECCION  VEHICULO 1 SE VA DEL LUGAR DE LOS HECHOS ;157;OTRA HIPÓTESIS (CONDUCTOR)
2396;4396;11/03/2023 15:55;HERIDOS;CHOQUE;VEHICULO;-74,13800208;4,616995837;8;;2;NUMERO DE PLACA DE LA BICICLETA 402543 DEJO CONSTANCIA QUE EL CONDUCTOR DEL VEHICULO SE LE NOTOFICA UNA ORDEN DE COMAPRENDO 39388012 POR LA D01;139;IMPERICIA EN EL MANEJO
2397;4397;11/03/2023 15:00;HERIDOS;CHOQUE;VEHICULO;-74,14697228;4,649130642;8;;1;CORRIJO CASILLA 8 2 VEHICULO 2 LICENCIA DE TRANSITO N 10030208605;308;OTRA HIPÓTESIS (VÍA)
2398;4398;11/03/2023 14:40;HERIDOS;CAIDA;;-74,19048829;4,634098045;7;;1;NO SE DIAGRAMA EL VEHICULO 1 YA QUE FUE MOVIDO DE SU POSICION FINAL ;157;OTRA HIPÓTESIS (CONDUCTOR)
2399;4399;11/03/2023 13:45;HERIDOS;CHOQUE;VEHICULO;-74,13105099;4,706728115;10;;1;NO SE DEJA A DISPOSICION URI ENGATIVA YA QUE LA LESIONADA NO DESEA INTERPONER NINGUNA DENUNCIA O QUERELLA ;104;ADELANTAR INVADIENDO CARRIL DE SENTIDO CONTRARIO
2400;4400;11/03/2023 13:15;HERIDOS;ATROPELLO;;-74,09642153;4,594294087;14;;1;SE REALIZA ORDEN DE COMPARENDO NUMERO 39383052 INFRACCION D07 AL CONDUCTOR DE LA MOTOCICLETA ;122;GIRAR BRUSCAMENTE
2401;4401;11/03/2023 12:26;HERIDOS;CHOQUE;VEHICULO;-74,06515505;4,68912837;12;;2;ACLARO DATOS DEL VEHICULO 1 PLACA DMV302 NACIONALIDAD COLOMBIANA MARCA VOLKSWAGEN LINEA GOL COMFORTLINE MODELO 2017 CARROCERIA HATCH BACK PASAJEROS 5 LICENCIA DE TRANSITO 10029342288  MATRICULADO EN BOGOTA INMOVILIZADO EN PATIOS FISCALIA A DISPOSICION DE URI ENGATIVA REVISION TECNICOMECANICA 1634725;98;TRANSITAR ENTRE VEHICULOS
2402;4402;11/03/2023 12:10;DANOS;CHOQUE;VEHICULO;-74,05656695;4,722567508;11;;;EN EL LUGAR DE LOS HECHOS SE ENCONTRABAN TRES AMBULANCIAS DONDE VALUAN A LOS INVOLUCRADOS Y NO ACEPTAN TRASLADO A CENTRO ASISTENCIAL CONDUCTOR VH1 LICENCIA DE CONDUCCION VENCIDA CATEGORIA 4 Y DE SERVICIO PUBLICO VENCIDA 2009 SE NOTIFICA ORDEN DE COMPARENDO ;112;DESOBEDECER SEÑALES O NORMAS DE TRANSITO
2403;4403;11/03/2023 11:00;HERIDOS;ATROPELLO;;-74,14524324;4,67239129;9;;1;VH 1 FUE MOVIDO DEL LUGAR DEL ACCIDENTE ACLARO CASILLA 11 HIPOTESIS PEATON 411 ART 59 CNT LIMITACIONES ESPECIALES PARA PEATONES ;157;OTRA HIPÓTESIS (CONDUCTOR)
2404;4404;11/03/2023 7:30;HERIDOS;CHOQUE;VEHICULO;-74,04483241;4,686701524;1;;2;SE ACLARA VEHICULO N 3 NO HERIDO;121;NO MANTENER DISTANCIA DE SEGURIDAD
2405;4405;11/03/2023 6:22;HERIDOS;CHOQUE;VEHICULO;-74,14488152;4,588889548;6;;1;LOS VEHICULOS LOS MOVIERON DE SU POSICION FINAL POR ENDE NO SE PLASMAN EN EL BOSQUEJO SE CODIFICA AL VEHICULO N 2 YA QUE EXISTE CICLOVIA;157;OTRA HIPÓTESIS (CONDUCTOR)
2406;4406;11/03/2023 5:00;HERIDOS;CHOQUE;VEHICULO;-74,21044538;4,613044746;7;;4;SE ACLARA CASILLA DEL ANEXO 2436 EN LA CUAL ERA CASCO Y NO CINTURON;139;IMPERICIA EN EL MANEJO
2407;4407;11/03/2023 3:42;HERIDOS;ATROPELLO;;-74,11952999;4,679159527;9;;2;EL CONDUCTOR DEL VEHICULO N1 MANIFIESTA PERDER EL CONTROL DEL VEHICULO AL DARLE UN  MICROSUEÑO INGRESADOA A LA DEMARCACION DE LA OBRA DE LA EMPRESA CONSORCIO BOGOTA ESTABA REALIZANDO LA  CONTRUCCION DE BORDILLOS Y FUE ATROPELLADO EN LA OBRA ;112;DESOBEDECER SEÑALES O NORMAS DE TRANSITO
2408;4408;11/03/2023 3:33;MUERTOS;ATROPELLO;;-74,08371035;4,536178436;4;1;;SE CORRIJE CASILLA 8 2 PROPIETARIO CORRECTO ES CONSORCIO EXPRESS SAS NIT 900365740 OBJETO FIJO EL VEHICULO BUS DE PLACAS TEO455 EL REPONSABLE MAICOL HURTADO CC 1018487086 TEL 3504611700  3046158006;145;ARRANCAR SIN PRECAUCION
2409;4409;11/03/2023 2:00;DANOS;CHOQUE;VEHICULO;-74,04002546;4,668570766;2;;;AL LUGAR LLEGARON APROXIMADAMENTE 6 AMBULANCIAS VALORANDO UNICAMENTE A LA ACOMPAÑANTE DEL VH2 PRESENTANDO TRAUMA DE LATIGAZO Y TOMO LA DECISION DE BAJARSE VOLUNTARIAMENTE DE LA AMBULANCIA;104;ADELANTAR INVADIENDO CARRIL DE SENTIDO CONTRARIO
2410;4410;11/03/2023 1:10;HERIDOS;CHOQUE;VEHICULO;-74,1727729;4,615709777;8;;2;CORRECION CASILLA 8 CONDUCTOR VH1 CIUDAD BOGOTA  NO SE DIAGRAMA EL VEHICULO 2 YA QUE FUE MOVIDO DE SU POSICION FINAL ;157;OTRA HIPÓTESIS (CONDUCTOR)
2411;4411;11/02/2023 23:30;HERIDOS;CHOQUE;VEHICULO;-74,09290649;4,60751724;14;;4;SE ACLARA DOCUMENTO DE LA VICTIMA 1 ES PASAPORTE ;157;OTRA HIPÓTESIS (CONDUCTOR)
2412;4412;11/02/2023 22:30;HERIDOS;CHOQUE;VEHICULO;-74,09820495;4,646137634;13;;1;SE CORRIJE NUMERO DE CEDULA DEL CONDUCTOR N2 1058058556 CORRIJO NUMERO TECNICO MECANICA DEL VEHICULO N2 166717548 SE CODIFICA POR PUNTO DE IMPACTO NO SE DIAGRAMAN VEHICULOS YA QUE FUERON MOVIDOS DE SU POSICON FINAL;103;ADELANTAR CERRANDO
2413;4413;11/02/2023 20:45;HERIDOS;CHOQUE;VEHICULO;-74,12529098;4,523867368;5;;1;AL LLEGAR AL LUGAR DE LOS HECHOS LA LESIONADA  YA HABIA SIDO TRASLADADA EN AMBULANCIA N6960 SE ADJUNTA HISTORIAL MEDICO REPORTE TRIAGE N1830130 INFORMES MEDICINA LEGAL PRUEBA DE EMBRIAGUEZ A LOS 3 CONDUCTORES PRUEBA DE EMBRIAGUEZ SOLO SE REALIZO AL PRIMER RESPONSABLE DE NOVEDAD ;121;NO MANTENER DISTANCIA DE SEGURIDAD
2414;4414;11/02/2023 20:00;HERIDOS;CHOQUE;VEHICULO;-74,11197734;4,718786552;10;;2;VEHICULO TIPO BUS YA SE ENCONTRABA DENTRO DE LA GLORIETA CUANDO LA MOTOCICLETA CHOCA POR LA PARTE LATERAL IZQUIERDA TRACERA DEL BUS CAUSANDO LESIONES Y TRASLADO A CONTROL ASITENCIAL;132;NO RESPETAR PRELACION
2415;4415;11/02/2023 19:40;HERIDOS;ATROPELLO;;-74,08531627;4,606040012;14;;2;PEATON HABITANTE DE CALLE NO APORTA MAS DATOS ;142;SEMAFORO EN ROJO
2416;4416;11/02/2023 19:10;HERIDOS;ATROPELLO;;-74,1487147;4,546965726;19;;1;CORRIJO CEDULA DE LA PEATON CC 51717400 SE CONSULTO EN EL RUNT NO TIENE COMO AVERIGUAR SEGURO CONTRATUAL Y EXTRACONTRACTUAL;157;OTRA HIPÓTESIS (CONDUCTOR)
2417;4417;11/02/2023 16:00;HERIDOS;ATROPELLO;;-74,12120429;4,629039579;16;;1;SE CORRIJE FECHA DE OCURRENCIA 02 11 2023  Y NO REQUIERE LICENCIA ;157;OTRA HIPÓTESIS (CONDUCTOR)
2418;4418;11/02/2023 14:46;HERIDOS;CHOQUE;VEHICULO;-74,17419282;4,576282551;19;;2;HIPOTESIS DE ACCIDENTALIDAD VEHICULON2 N 104 ADELANTAR INVADIENDO EL CARRIL CORRIJE CASILLA 8 2 SI PORTA SOAT VH1;104;ADELANTAR INVADIENDO CARRIL DE SENTIDO CONTRARIO
2419;4419;11/02/2023 13:55;HERIDOS;OTRO;;-74,06453638;4,687082157;12;;1;NUMERO DE LICENCIA DE TRANSITO VH1 CORRECTO 10028272415;157;OTRA HIPÓTESIS (CONDUCTOR)
2420;4420;11/02/2023 13:30;HERIDOS;OTRO;;-74,09356712;4,74467759;11;;2;NO SE DIAGRAMA EL VEHICULO YA QUE EL VEHICULO SE DA A LA FUGA HIPOTESIS 157 VH NO ESTAR ATENTO AL ASCENSO Y DESCENSO DE LOS PASAJEROS YA QUE LA CIUDADANA LESIONADA MANIFIESTA NO ESTAR AORILLADA BIEN A LA PLATAFORMA CLASE DE ACCIDENTE APRICIONAMIENTOI;157;OTRA HIPÓTESIS (CONDUCTOR)
2421;4421;11/02/2023 11:30;HERIDOS;CHOQUE;VEHICULO;-74,10563128;4,70167743;10;;1;SE CORRIJE CONDUCTOR VH1 FECHA DE NACIMIENTO 04  10  1985;112;DESOBEDECER SEÑALES O NORMAS DE TRANSITO
2422;4422;11/02/2023 10:20;HERIDOS;VOLVAMIENTO;;-74,10406268;4,689288758;10;;1;SE DEJA CONSTANCIA QUE LA CONDUCTORA 1 NO DESEA INTERPONER QUERELLA TENIENDO EN CUENTA QUE PIERDE EL CONTROL SOLA ;157;OTRA HIPÓTESIS (CONDUCTOR)
2423;4423;11/02/2023 10:10;HERIDOS;CHOQUE;VEHICULO;-74,04274014;4,70400772;1;;3;LA SEÑORA AMAYA VARGAS MARTHA LUCIA DE CC 23606386 MANIFIESTA  ACOMPAÑANTE DEL CONDUCTOR DEL VH1A ABRIR LA PUERTA EN MEDIO DE LA VIA PARA BAJARSE  DEL VEHICULO SIN IMAGINAR QUE EL MOTOCICLISTA TRANSITABA ENTRE VEHICULOS YA QUE NO PUEDEN HACERLO;154;TRANSITAR CON LAS PUERTAS ABIERTAS