CODIGO_ACCIDENTE;FORMULARIO;FECHA;GRAVEDAD;CLASE;CHOQUE;LONGITUD;LATITUD;CODIGO_LOCALIDAD;TOTAL_MUERTOS;TOTAL_HERIDOS;TEXTO_OBSERVACIONES;CODIGO_CAUSA;DESCRIPCION
2424;4424;11/02/2023 9:50;HERIDOS;CHOQUE;VEHICULO;-74,13187531;4,629629369;8;;1;SE DEJA CONSTANCIA DEL CASO POR RECONOCIMIENTO POR PARTE DE SUS FAMILIARES QUIENES DESCONOCEN SU PARADERO DE LA BICICLETA AL IGUAL QUE SUS CARACTERISTICAS Y APORTAN PLACA DEL VEHICULO IMPLICADO WCV254 COLOR BLANCO NOTA LOS VEHICULOS NO SE DIAGRAMAN A QUE FUERON MOVIDOS DE LUGAR DE LOS HECHOS ;157;OTRA HIPÓTESIS (CONDUCTOR)
2425;4425;11/02/2023 8:26;DANOS;CHOQUE;VEHICULO;-74,07610444;4,603336172;3;;;SE DEJA CONSTANCIA QUE EL CONDUCTOR DEL VEHICULO N2 SE BAJA DE LA AMBULANCIA N 5971 NO PERMITIENDO SU VALORACION MEDICA NI TRASLADO A CENTRO ASISTENCIAL MEDICO;123;NO RESPETAR PRELACION DE INTERSECCIONES O GIROS
2426;4426;11/02/2023 8:20;HERIDOS;CHOQUE;VEHICULO;-74,09300412;4,665911194;13;;2;VEHICULO 1 Y 2 SE DIAGRAMAN TAL CUAL COMO SE ENCONTRARON EN EL LUGAR DE LOS HECHOS;157;OTRA HIPÓTESIS (CONDUCTOR)
2427;4427;11/02/2023 6:45;HERIDOS;CHOQUE;VEHICULO;-74,10421433;4,613687468;16;;1;HIPOTESIS 123 VH1 EL CIUDADANO LESIONADO Y SU SEÑOR PADRE MANIFIESTA NO QUERELLAR Y ENTRAN A UN ACUERDO CON EL CONDUCTOR DEL VH1 EN EL LUGAR DE LOS HECHOS SE ENCONTRABA PARQUEADO EL VEHICULO CAMION DE PLACAS W00240 DE LA EMPRESA AMFERRETERIA;123;NO RESPETAR PRELACION DE INTERSECCIONES O GIROS
2428;4428;11/02/2023 6:32;HERIDOS;ATROPELLO;;-74,13808494;4,557262469;19;;2;SE DEJA CONSTANCIA QUE APROXIMADAMENTE A 50 METROS DE DONDE FUE EL ACCIDENTE SENTIDO SUR NORTE  HAY UN PASO ELEVADO PEATONAL;157;OTRA HIPÓTESIS (CONDUCTOR)
2429;4429;11/02/2023 6:18;HERIDOS;ATROPELLO;;-74,16077048;4,636324935;8;;2;CORRECION CASILLA 17 CROQUIS TABLA DE MEDIDAS A B SE DEJA CONSTANCIA MODALIDAD DE ACCIDENTE INICIALMENTE ES ATROPELLO Y POSTERIOR A ESTE CHOQUE CON VEHICULO SE REALIZA AL CONDUCTOR VH1 ORDEN DE COMPARENDO 39168849 POR INFRACCION D01 Y ORDEN DE COMPARENDO 39168850 POR INFRACCION H02;139;IMPERICIA EN EL MANEJO
2430;4430;11/02/2023 5:40;HERIDOS;CHOQUE;VEHICULO;-74,10647994;4,591480272;15;;4;SE ACLARA HORA DE OCURRENCIA DEL EVENTO 06 30 HORAS;121;NO MANTENER DISTANCIA DE SEGURIDAD
2431;4431;11/02/2023 5:35;HERIDOS;ATROPELLO;;-74,09363207;4,586849344;18;;1;LA MOTOCICLETA FUE INMOVILIZADA POR EL DELITO DE LESIONES PERSONALES Y DE IGUAL MANERA POR LA INFRACCION DE TRANSITO  TRANSITAR POR SITIOS PROHIBIDOS ;113;DESOBEDECER AL AGENTE
2432;4432;11/02/2023 4:10;HERIDOS;VOLVAMIENTO;;-74,04402487;4,768091753;1;;1;CLASE DE ACCIDENTE VOLCAMIENTO GRAVEDAD SOLO DAÑOS VH 1 PIERDE EL CONTROL DEL MISMO EL CUAL GENERA VOLCAMIENTO ;157;OTRA HIPÓTESIS (CONDUCTOR)
2433;4433;11/02/2023 3:39;DANOS;CHOQUE;;-74,12030381;4,604180134;16;;;SE CORRIJE CASILLA POLIZA DE SOAT N 10884600071400;157;OTRA HIPÓTESIS (CONDUCTOR)
2434;4434;2/11/2023;HERIDOS;CHOQUE;OBJETO;-74,113156;4,633131221;16;;2;CLASE DE ACCIDENTE CHOQUE CON OBJETO FIJO Y POSTERIORMENTE LA MOTOCICLETA SALE PROYECTADA HACIA AL PEATON PERSONA RESPONSABLE DEL VH2 MIGUEL HUMBERTO CHACON OROZCO CC79699703 PLATAFORMA DEL RUNT CAIDA PARA VERIFICAR DATOS VH2  VH2 ESTACIONADO SIN CONDUCTOR EN SU INTERIOR ;157;OTRA HIPÓTESIS (CONDUCTOR)
2435;4435;11/01/2023 20:30;HERIDOS;ATROPELLO;;-74,07336617;4,611921791;3;;2;SE CORRIJE LA CASILLA N 8 YA QUE NO HABIA CONDUCTOR N 2 ES MOTOCICLETA PEATON SE DEJA CONSTANCIA QUE SE REALIZA ORDEN  DE COMPARENDO POR TRANSITAR EN CONTRAVIA POR LA INFRACCION D03 N 39383810 SE LE ENTREGA DILIGENCIA MOVIL CENTRO IT JIMENEZ ;127;TRANSITAR EN CONTRAVIA
2436;4436;11/01/2023 20:10;HERIDOS;CHOQUE;VEHICULO;-74,09430564;4,639989499;13;;2;LA CONDUCTORA DEL VH1 SE IDENTIFICA CON LA TARJETA DE IDENTIDAD NUMRO 1011088721 QUIEN MANIFIESTA HABER CUMPLIDO LA MAYORIA DE EDAD EL 22 10 2023 NO HA EXPEDIDO LA CEDULA DE CIUDADANIA CLASE DE VEHICULO BICICLETA ELECTRICA ;157;OTRA HIPÓTESIS (CONDUCTOR)
2437;4437;11/01/2023 19:30;HERIDOS;CHOQUE;VEHICULO;-74,11353153;4,650105016;9;;2;ACCIDENTE TIPO CHOQUE ENTRE VEHICULOS DONDE RESULTA LESIONADO EL CONDUCTOR DE LA MOTOCICLETA Y PRODUCTO DEL CHOQUE RESULTA LESIONADO UN PEATON EL CUAL CUANDO SALE EXPULSADO EL CONDUCTOR DE LA MOTOCICLETA CAE SOBRE EL PEATON;121;NO MANTENER DISTANCIA DE SEGURIDAD
2438;4438;11/01/2023 19:30;HERIDOS;ATROPELLO;;-74,08625511;4,722740777;11;;2;SEGUN VERSION DE LA MADRE DE LOS 2 MENORES EL CONDUCTOR DEL VEHICULO POSTERIORMENTE AL ATROPELLO SE DIO A LA FUGA EN EL LUGAR DE LOS HECHOS SE HIZO PRESENTE EL SEÑOR JOSE GUILLERMO NIÑO BARRAGAN PROPIETARIO DEL VEHICULO A QUIEN SE LE HACE ENTREGA DE COPIA DEL CROQUIS ;157;OTRA HIPÓTESIS (CONDUCTOR)
2439;4439;11/01/2023 18:20;HERIDOS;ATROPELLO;;-74,11721131;4,628858978;16;;2;ES DE ACLARAR QUE EL PEATON LLEVABA UNA BICICLETA EN LA MANO Y SE DESPLAZABA A PIE POR TRATARSE DE UN ATROPELLO NO HUBO FAMILIAR O PERSONA QUE SE HICIERA CARGO DEL VEHICULO Y POR LO TANTO SE INMOVILIZA DEJANDO AL CUSTODIO AL PATIO DE ALAMOS ;98;TRANSITAR ENTRE VEHICULOS
2440;4440;11/01/2023 18:20;HERIDOS;CHOQUE;VEHICULO;-74,12056235;4,666939908;9;;1;VEHICULO N 1 FUE MOVIDO DEL LUGAR DEL ACCIDENTE POR TAL MOTIVO NO SE DIAGRAMA;103;ADELANTAR CERRANDO
2441;4441;11/01/2023 17:30;HERIDOS;ATROPELLO;;-74,13014393;4,700788922;10;;2;SE REALIZA COMAPRENOD AL VH 1 N 39386448 POR LA INFRACCION D02;157;OTRA HIPÓTESIS (CONDUCTOR)
2442;4442;11/01/2023 17:30;HERIDOS;CHOQUE;VEHICULO;-74,11026283;4,690518012;10;;1;LA CENTRAL ME ENVIA UN CASO EN LA CALLE 71 A CON CRA 87 A AL LLEGAR AL LUGAR SOLO SE ENCUENTRA VH1 POR VOCES DE LA CIUDANIA LA CUAL MANIFIESTA QUE EL VH  ANTES HABIA COMETIDO EL ACCIDENTE EN LA CALLE 66 A CON CRA 27 PERO NO SE UBICA EL VH CON CUAL CHOCO Y SE DESCONOCE EL PARADERO SOLO QUE HABIA UNA ;157;OTRA HIPÓTESIS (CONDUCTOR)
2443;4443;11/01/2023 13:40;HERIDOS;CHOQUE;VEHICULO;-74,17937962;4,596966246;7;;1;CORRIJO VENCIMIENTO SOAT VEHICULO 2 2024 02 08 CONDUCTOR VH1 NO FIRMA QUERELLA PARA TRASLADO;121;NO MANTENER DISTANCIA DE SEGURIDAD
2444;4444;11/01/2023 13:00;HERIDOS;CHOQUE;VEHICULO;-74,11926214;4,744860473;11;;3;NO SE FIJAN LAS MOTOCICLETAS YA QUE FUERON MOVIDAS DE SU POSICION FINAL  CEDULA VENEZOLANA CONDUCTOR VH2 N 27758399;112;DESOBEDECER SEÑALES O NORMAS DE TRANSITO
2445;4445;11/01/2023 12:35;HERIDOS;CHOQUE;VEHICULO;-74,10556861;4,486850803;5;;1;SE REALIZA ORDEN DE COMPARENDO POR LA INFRACCION D01 AL SEÑOR EDWIN JIMENEZ CALVIJO CC 1012316985 YA QUE NUNCA A OBTENIDO CATEGORIA DE LICENCIA C2 PARA CONDUCIR CAMION COMPARENDO N 39384667 VEHICULO TIPO TRACTOCAMION PLACAS SRN724 APARCADO AL LADO DERECHO VIA;143;PONER EN MARCHA UN VEHICULO SIN PRECAUCIONES
2446;4446;11/01/2023 12:30;HERIDOS;CHOQUE;VEHICULO;-74,18116568;4,608631128;7;;1;CONDUCTORA DEL VH1 MANIFIESTA QUE UNA MOTOCICLETA DE COLOR AZUL PULSAR LA CIERRA COLISIONANDOLA EN LA LLANTA DELANTERA DE SU MOTOCICLETA HACIENDOLA CAER Y SE DA A LA FUGA SE DEJA CONSTANCIA DE LA SEÑORA OLGA  DE MANERA LIBRE Y VOLUNTARIA NO QUERER FIRMAR QUERELLA RESOLUCION 01670 Y 03922 DE 2016 CIR;157;OTRA HIPÓTESIS (CONDUCTOR)
2447;4447;11/01/2023 12:16;HERIDOS;CHOQUE;VEHICULO;-74,17740194;4,597114778;7;;10;MERCEDEZ CARIDAD BELISARIO SE DEJO PLASMADA EN EL INFORME DEL ACCIDENTE PERO DESISTIO DE TRASLADO HACIA LA CLINICA MEDICAL PROINFO DE KENNEDY ADEMAS SE CORRIJE LA CIUDAD DE RESIDENCIA DEL CONDUCTOR DEL VEHICULO 1 SOACHA SE CORRIGE LA MODALIDAD DEL ACCIDENTE ES CHOQUE;113;DESOBEDECER AL AGENTE
2448;4448;11/01/2023 11:30;HERIDOS;CHOQUE;VEHICULO;-74,15567992;4,630151143;8;;2;SE NOTIFICA LAS ORDENES DE COMPARENDO AL VEHICULO N3 POR LAS INFRACCIONES D02 39381237 Y C35 39385703;146;REALIZAR GIRO EN “U”
2449;4449;11/01/2023 11:28;HERIDOS;ATROPELLO;;-74,03336463;4,692925246;1;;1;VICTIMA MANIFIESTA NO INTERPONER QUERELLA EN CONCORDANCIA A LA CIRCULA 001 DEL 2017 Y RESOLUCION  01670 Y 03922 NO SE RADICA ANTE FISCALIA VICTIMA SE ENCUENTRA ACOMPAÑADA DE SU HIJA GINETH NATALIA  BOHORQUEZ ALFONSO CC 1026283316;306;HUECOS
2450;4450;11/01/2023 11:10;HERIDOS;ATROPELLO;;-74,11910144;4,665309181;9;;1;CORRIJO CASILLA 8 LA PERSONA ESCRITA COMO CONDUCTOR SE ENCONTRABA COMO PEATON AL MOMENTO DEL SINIESTRO VIAL;145;ARRANCAR SIN PRECAUCION
2451;4451;11/01/2023 10:28;MUERTOS;CHOQUE;VEHICULO;-74,15060034;4,595649472;6;1;;SE CORRIGE EL NUMERO DE LA POLIZA DEL VH2 1000115277501 POR ERROR HUMANO SE PONE HIPOTESIS 157 PERO LA RESPONSABILIDAD QUE SE ESTA DEJANDO ES 098 PARA EL VH1;157;OTRA HIPÓTESIS (CONDUCTOR)
2452;4452;11/01/2023 9:00;HERIDOS;CHOQUE;VEHICULO;-74,09042386;4,598901619;14;;2;NOMBRE DEL PROPIETARIO VH1 NATALIA MANCIPE ABELLO CC 1022383852;103;ADELANTAR CERRANDO
2453;4453;11/01/2023 8:40;HERIDOS;CHOQUE;VEHICULO;-74,12940213;4,617999345;8;;2;NO SE DIAGRAMA LA BICICLETA YA QUE FUE MOVIDA DE SU POSICION FINAL HIPOTESIS N103 PARA LOS DOS CONDUCTORES POR ESTABLECER QUIEN INVADE EL PASO O CARRIL DE OTRO;103;ADELANTAR CERRANDO
2454;4454;11/01/2023 8:06;HERIDOS;CHOQUE;VEHICULO;-74,08766164;4,695635363;10;;2;NO SE DIAGRAMAN LOS VEHICULOS YA QUE FUERON MOVIDOS DE LA POSICION FINAL HIPOTESIS SIENDO LA HIPOTESIS 132 PARA EL CONDUCTOR DE LA MOTOCICLETA ACLARO GRAVEDAD DEL ACCIDENTE SIENDO HERIDOS LOS DOS CONDUCTORES  ;132;NO RESPETAR PRELACION
2455;4455;11/01/2023 7:03;HERIDOS;CHOQUE;VEHICULO;-74,12526097;4,523820512;5;;1;SE ENTREGA DOCUMENTOS COMPLETOS Y COPIA ;121;NO MANTENER DISTANCIA DE SEGURIDAD
2456;4456;11/01/2023 6:25;HERIDOS;ATROPELLO;;-74,11754713;4,518236186;5;;2;SE CORRIGE DATOS ANEXO 2 VEH 1 PEATON DE NOMBRE MARIA EVA CORREA NIÑO CC 51592764 SEXO FEMENINO;157;OTRA HIPÓTESIS (CONDUCTOR)
2457;4457;11/01/2023 6:10;HERIDOS;ATROPELLO;;-74,13510082;4,710711712;10;;1;ACCIDENTE DE TRANSITO CLASE ATROPELLO CON VEHICULO TIPO BICICLETA EN CUAL SE DA A LA FUGA SU CONDUCTOR SIN IDENTIFICAR NO SE DIAGRAMA VEHICULO 1 TODA VEZ QUE FUE MOVIDO DE SU POSICION FINAL ;157;OTRA HIPÓTESIS (CONDUCTOR)
2458;4458;11/01/2023 5:50;HERIDOS;CHOQUE;VEHICULO;-74,14310185;4,561868399;19;;2;CORRIJO CEDULA CONDUCTOR N 1 1013673752 FECHA NACIMIENTO 24 05 97;157;OTRA HIPÓTESIS (CONDUCTOR)
2459;4459;11/01/2023 5:10;DANOS;CHOQUE;OBJETO;-74,12064237;4,576480086;18;;;CHOQUE CONTRA OBJETO FIJO POSTE CAMARA DEL CAD 4187 CODIGO DEL POSTE MEBOG87 MEBOG4187 SE REALIZA PRUEBA DE EMBRIAGUEZ EN MEDICINA LEGAL ARROJANDO NEGATIVO;157;OTRA HIPÓTESIS (CONDUCTOR)
2460;4460;11/01/2023 3:20;HERIDOS;CHOQUE;OBJETO;-74,16795767;4,64815949;8;;1;VEHICULO N2 SE ENCUENTRA ESTACIONADO EN VIA PUBLICA NO LLEGA PROPIETARIO NI RESPONSABLE DEL MISMO AL LUGAR SE INGRESA CASILLA DEL MISMO CONDUCTOR YA QUE NO SE TIENE CONOCIMIENTO;141;VEHICULO MAL ESTACIONADO
2461;4461;11/01/2023 3:00;DANOS;CHOQUE;OBJETO;-74,14331374;4,579538743;6;;;OBJETO FIJO SEMAFORO PEATONAL SE CORRIJE CASILLA N 6 4 DISEÑO INTERSECCION ;157;OTRA HIPÓTESIS (CONDUCTOR)
2462;4462;11/01/2023 2:20;HERIDOS;CHOQUE;VEHICULO;-74,08337054;4,540835974;4;;5;HIPOTESIS DE ACCIDENTALIDAD PARA VEHICULO 1   N 157;157;OTRA HIPÓTESIS (CONDUCTOR)
2463;4463;11/01/2023 1:15;HERIDOS;VOLVAMIENTO;;-74,10159282;4,69256063;10;;3;ANEXO VICTIMAS N 000454 CORRIJO CASILLA 4 FECHA Y HORA OCURRENCIA 01 11 2023 HORA 01 15  Y LEVANTAMIENTO 01 11 2023 HORA 01 45 ;157;OTRA HIPÓTESIS (CONDUCTOR)
2464;4464;10/31/2023 10:18 PM;DANOS;CHOQUE;OBJETO;-74,05915492;4,673255998;2;;;SE OBSERVAN DAÑOS EN 22 TUBOS DOBLADOS EN CERRAMIENTO TUBULAR DE LA ESTACION DE TRANSMILENIO CALLE 85 EL CONDUCTOR MANIFIESTA SER CHOCADO POR OTRO VEHICULO EL CUAL EMPRENDE LA HUIDA NO APORTA NINGUN DATO;157;OTRA HIPÓTESIS (CONDUCTOR)
2465;4465;10/31/2023 10:00 PM;HERIDOS;CAIDA;;-74,09205882;4,577978192;4;;1;HORA DE OCURRENCIA DEL ACCIDENTE 17 20 HORA DE ASIGNACION DE CASO 22 00 HORA DE LLEGADA 22 30 ;506;OTRA HIPÓTESIS (PASAJERO O ACOMPAÑANTE)
2466;4466;10/31/2023 9:44 PM;HERIDOS;CHOQUE;VEHICULO;-74,06808404;4,670751302;12;;2;SE REALIZA 2 ORDENES DE COMPARENDO AL CONDUCTOR DEL VEHICULO 1 11001000000039254173 POR D02 Y 11001000000039379086 POR C35 DOCUMENTOS VENCIDOS;112;DESOBEDECER SEÑALES O NORMAS DE TRANSITO
2467;4467;10/31/2023 8:00 PM;HERIDOS;CHOQUE;VEHICULO;-74,16886178;4,595670747;7;;1;NO SE RADICA A LA FISCALIA POR QUE EL AFECTADO NO DESEA INTERPONER QUERELLA ;157;OTRA HIPÓTESIS (CONDUCTOR)
2468;4468;10/31/2023 7:34 PM;HERIDOS;ATROPELLO;;-74,12946013;4,564269388;6;;2;AL LLEGAR AL LUGAR LA MOTOCICLETA HABIA SIDO MOVIDA DE SU POSICION FINAL DE IMPACTO ;157;OTRA HIPÓTESIS (CONDUCTOR)
2469;4469;10/31/2023 5:45 PM;HERIDOS;VOLVAMIENTO;;-74,08106772;4,612378381;14;;2;LA ACOMPAÑANTE NO REQUIERE PROCEDICMIENTO DE TRANSITO POR QUE EL CONUCTOR ES EL ESPOSO Y NO DESEA INTERPONER QUERELLA ;157;OTRA HIPÓTESIS (CONDUCTOR)
2470;4470;10/31/2023 4:45 PM;HERIDOS;ATROPELLO;;-74,11251244;4,594297322;15;;2;ORDEN DE COMPARENDO N 039330768 POR INFRACCION C31 PARA CONDUCTOR VEHICULO 1;122;GIRAR BRUSCAMENTE
2471;4471;10/31/2023 4:40 PM;HERIDOS;ATROPELLO;;-74,13554875;4,614071017;8;;2;HIPOTESIS PEATON 411 OTROS NO TENER PRECAUCION AL CRUZAR LA VIA ARTICULO 57 Y 58 DEL CNT;157;OTRA HIPÓTESIS (CONDUCTOR)
2472;4472;10/31/2023 4:00 PM;HERIDOS;CHOQUE;VEHICULO;-74,15907282;4,611569036;8;;1;SE HACE CARGO DE LA MOTOCILCETA LA SEÑORA JANETH PAOLA SAAVEDRA HERNANDEZ DE CC 1022423585 REFIERE PLACA DEL VEHICULO QUE AL PARECER LO LOSIONA SWM 171 SE DEJA CONSTANCIA QUE EL CASO NO SE RADICA ANTE LA FISCALIA SEGUN CIRCULAR 001 DEL 25 DE MAYO DE 2017 TENIENDO EN CUENTA QUE EL SEÑOR NO DESEA INTE;301;AUSENCIA TOTAL O PARCIAL DE SEÑALES
2473;4473;10/31/2023 2:13 PM;HERIDOS;CHOQUE;VEHICULO;-74,08726924;4,600561265;14;;1;ACLARO FECHA DE NACIMIENTO CONDUCTOR VH 1 17 09 1998 ;98;TRANSITAR ENTRE VEHICULOS
2474;4474;10/31/2023 12:30 PM;HERIDOS;CHOQUE;VEHICULO;-74,18710542;4,613926495;7;;1;NO SE CONOCE DEL SINIESTRO VIAL POR LA FISCALIA TENIENDO EN CUENTA QUE LA SEÑORA MIRIAM AGUILERA PEÑA NO DESEA INTERPONER QUERELLA SE REALIZA ORDEN DE COMPARENDO AL CONDUCTOR N1 YA QUE NO TIENE LICENCIA DE CONDUCCION  N COMPARENDO 39384045;139;IMPERICIA EN EL MANEJO
2475;4475;10/31/2023 10:20 AM;HERIDOS;CHOQUE;VEHICULO;-74,09895254;4,572889058;18;;1;HIPOTESIS DE ACCIDENTALIDAD VEHICULO N 1  157;157;OTRA HIPÓTESIS (CONDUCTOR)
2476;4476;10/31/2023 10:00 AM;HERIDOS;CHOQUE;VEHICULO;-74,08856411;4,693072291;10;;2;CORRIJO INMOVILIZADO VH1 PATIOS FISCALIA CORRIJO HIPOTESIS SIENDO LA CORRECTA 134 SOLAMENTE PARA EL VEHICULO N1 AUTOMOVIL;134;REVERSO IMPRUDENTE
2477;4477;10/31/2023 9:50 AM;HERIDOS;CHOQUE;VEHICULO;-74,08975853;4,722048587;11;;3;ACLARO CLINICA ATENCION DEL CONDUCTOR DEL VEHICULO N1 CLINICA DEL TRABAJADOR SE ACLARA TIPO DE DOCUMENTO DEL PROPIETARIO DEL VEHICULO 2 PASAPORTE;157;OTRA HIPÓTESIS (CONDUCTOR)
2478;4478;10/31/2023 8:57 AM;HERIDOS;CHOQUE;VEHICULO;-74,16552586;4,637928332;8;;3;ANEXO DE VICTIMAS NUMERO 2445 NO SE DIAGRAMA EL VEHICULO N2 YA QUE FUE MOVIDO DE SU POSICION FINAL;157;OTRA HIPÓTESIS (CONDUCTOR)
2479;4479;10/31/2023 7:57 AM;HERIDOS;CHOQUE;VEHICULO;-74,12587561;4,649268625;9;;3;SE CORRIJE LA CASILLA 6 1 DONDE EL AREA ES URBANA Y LA CASILLA DEL CONDUCTOR N 2 DONDE EL NOMBRE ES RODRIGUEZ BARRERO JESSICA ;103;ADELANTAR CERRANDO
2480;4480;10/31/2023 7:45 AM;HERIDOS;CHOQUE;VEHICULO;-74,03014476;4,757197421;1;;3;VEHICULO N1 POSIBLE HIPOTESIS 112 EN EL LUGAR SE OBSERVA CAMARA CAD PONAL ;112;DESOBEDECER SEÑALES O NORMAS DE TRANSITO
2481;4481;10/31/2023 7:20 AM;HERIDOS;CHOQUE;VEHICULO;-74,09416092;4,709696199;10;;2;CORRIJO REVISION TECNICO MECANICA VH1 164300460;103;ADELANTAR CERRANDO
2482;4482;10/31/2023 7:16 AM;HERIDOS;CHOQUE;VEHICULO;-74,13555765;4,574825578;6;;3;HIPOTESIS DE ACCIDENTALIDAD PARA EL VEHICULO N1 N 122 GIRAR BRUSCAMENTE CON O SIN INDICACION VEHICULO N2 N 157;157;OTRA HIPÓTESIS (CONDUCTOR)
2483;4483;10/31/2023 7:10 AM;HERIDOS;CHOQUE;VEHICULO;-74,09796027;4,617442015;16;;2;CORRIJO CASILLA 9 VICTIMAS NOMBRE AURA ALEJANDRA CARRILO DIAZ CC 1233690730 SE REALIZA COMPARENDO CONDUCTOR V2 MOTOR POR INFRACCION D12 N 39383443;102;ADELANTAR POR LA DERECHA
2484;4484;10/31/2023 2:36 AM;HERIDOS;CHOQUE;VEHICULO;-74,02659051;4,767473042;1;;2;SE DEJA CONSTANCIA QUE EL VEHICULO N1 FUE MOVIDO DE SU POSICION FINAL SEGUN LA VERSION DEL CONDUCTOR DEL VH2;127;TRANSITAR EN CONTRAVIA
2485;4485;10/30/2023 8:52 PM;HERIDOS;CHOQUE;VEHICULO;-74,06954495;4,730068248;11;;3;NOTA NO SE CONOCE EL CASO POR FISCALIA YA QUE EL CONDUCTOR DE LA MOTO Y EL ACOMPAÑANTE NO REALIZAN QUERELLA ENCONTRA DEL CONDUCTOR DEL CARRO;122;GIRAR BRUSCAMENTE
2486;4486;10/30/2023 7:00 PM;HERIDOS;CHOQUE;VEHICULO;-74,07222204;4,631709149;13;;4;NO SE DIAGRAMAN VEHICULOS YA QUE FUERON MOVIDOS DE SU POSICION FINAL;157;OTRA HIPÓTESIS (CONDUCTOR)
2487;4487;10/30/2023 6:48 PM;HERIDOS;CHOQUE;VEHICULO;-74,10897074;4,589385714;15;;3; AL CONDUCTOR VH2 SE LE REALIZO EL COMPARENDO 39334027 Y 39334004 POR LICENCIA DE CONDUCCIONVENCIDA Y REVISION TECNOMECANICA;123;NO RESPETAR PRELACION DE INTERSECCIONES O GIROS
2488;4488;10/30/2023 6:11 PM;HERIDOS;CHOQUE;VEHICULO;-74,16728882;4,586552869;19;;3; EL VEHICULO DE PLACAS MPU390 SE ENCONTRABA MAL ESTACIONADO EN VIA PUBLICA Y EL TRICIMOVIL CHOCA CON EL SE LE REALIZA COMPARENDO 39382782 POR LA INFRACCION C02 Y AL VEHICULO N3 TRANSITA EN PICO Y PLACA COMPARENDO 39382784 C14;104;ADELANTAR INVADIENDO CARRIL DE SENTIDO CONTRARIO
2489;4489;10/30/2023 5:48 PM;HERIDOS;CHOQUE;VEHICULO;-74,15610222;4,622159545;8;;2;SE REALIZA ORDEN DE COMPARENDO 39316793 POR LA INFRACCION D01;157;OTRA HIPÓTESIS (CONDUCTOR)
2490;4490;10/30/2023 5:10 PM;MUERTOS;ATROPELLO;;-74,11238251;4,594497638;15;1;2;CORRIGE CASILLA 8 1 VH1 LICENCIA DE CONDUCCION NO PORTA ANEXO VICTIMA 2932 SE NOTIFICA ORDEN DE COMPARENDO N 39383437 SE SOLICITA PRUEBA EMBRIAGUEZ A LA ESPERA DE RESULTADOS DE CENTRO MEDICO;139;IMPERICIA EN EL MANEJO
2491;4491;10/30/2023 5:00 PM;HERIDOS;CHOQUE;VEHICULO;-74,13627399;4,544737573;19;;1;SE CORRIGE GRAVEDAD DEL CONDUCTOR DEL VH1 SIN GRAVEDAD EL VEHICULO N 2 SE DIO A LA FUGA SE CONOCE EL CASO POR SOLO DAÑOS PRA DEJAR EL ANTECEDENTE NOTA EL VEHICULO FUE DETENIDO MPOR EL CUADRANTE EN OTRA DIRECCION  ENTRE 17 CON CALLE 72 SUR SI SE CONOCE EL CASO POR FISCALIA GRAVEDAD CON HERIDOS;157;OTRA HIPÓTESIS (CONDUCTOR)
2492;4492;10/30/2023 4:31 PM;HERIDOS;CHOQUE;VEHICULO;-74,19165687;4,636183307;7;;1;VEHICULO N 2 NO APLICA PARA TECNICOMECANICA;121;NO MANTENER DISTANCIA DE SEGURIDAD
2493;4493;10/30/2023 4:00 PM;HERIDOS;CHOQUE;VEHICULO;-74,13992805;4,595341035;6;;2;HIPOTESIS DE ACCIDENTALIDAD PARA EL VEHICULO N2 N121 NO MANTENER DISTANCIA DE SEGURIDAD;121;NO MANTENER DISTANCIA DE SEGURIDAD
2494;4494;10/30/2023 3:50 PM;HERIDOS;CHOQUE;VEHICULO;-74,12412617;4,694690951;10;;1;CORRIJO CASILLA N 8 CATEGORIA LICENCIA DE CONDUCCION VEHICULO N2 ES C1 VIGENTE 10 11 2023 ;121;NO MANTENER DISTANCIA DE SEGURIDAD
2495;4495;10/30/2023 1:45 PM;HERIDOS;CHOQUE;VEHICULO;-74,11825431;4,544875879;18;;1;SE DEJA CONSTANCIA QUE EL VEHICULO N2 LO MUEVEN DE SU POSICION FINAL POR LO QUE NO SE DEJA PLASMADA EN EL BOSQUEJO TOPOGRAFICO DESCONOCIENDO LOS MOTIVOS POR EL CUAL LO MOVIERON;104;ADELANTAR INVADIENDO CARRIL DE SENTIDO CONTRARIO
2496;4496;10/30/2023 12:20 PM;HERIDOS;ATROPELLO;;-74,19521583;4,614760486;7;;1;NO SE DIAGRAMA EL VEHICULO YA QUE FUE MOVIDO DEL LUGAR DE LOS HECHOS ;157;OTRA HIPÓTESIS (CONDUCTOR)
2497;4497;10/30/2023 11:50 AM;DANOS;CHOQUE;VEHICULO;-74,19450741;4,624087307;7;;;CORRIJE FECHA DE LEVANTAMIENTO 31 10 2023 VH2 CEL 3229038997;157;OTRA HIPÓTESIS (CONDUCTOR)
2498;4498;10/30/2023 10:10 AM;HERIDOS;CHOQUE;VEHICULO;-74,19217018;4,636832672;7;;1;VEHICULO N 2 CLASE VEHICULO TRICICLO CARGA SIN MARCA NI NUMERO DE MARCO;103;ADELANTAR CERRANDO
2499;4499;10/30/2023 10:00 AM;HERIDOS;CAIDA;;-74,1317958;4,684075415;9;;1;SE DEJA CONSTANCIA QUE LA PASAJERA NO COLOCA DENUNCIA YA QUE EN EL VIDEO SE OBSERVA QUE SE CAE SOLA DE SU PROPIA ALTURA SIN QUE EL VEHICULO SE MUEVA ;506;OTRA HIPÓTESIS (PASAJERO O ACOMPAÑANTE)